{"type":"FeatureCollection","crs":{"type":"name","properties":{"name":"EPSG:4326"}},"features":[{"type":"Feature","id":132215,"geometry":{"type":"LineString","coordinates":[[-122.339680068084,47.5717003267098],[-122.340161620644,47.5718135464003],[-122.341455661951,47.5719411732609],[-122.342673961609,47.5717621267765],[-122.343492579244,47.5716336205643],[-122.346387160868,47.5716222863193],[-122.346808986485,47.5716438188729]]},"properties":{"OBJECTID":132215,"SE_ANNO_CAD_DATA":"","F_INTR_ID":14445,"T_INTR_ID":46392,"SND_ID":47164,"SND_FEACODE":77,"CITYCODE":1,"STNAME_ID":3802,"ST_CODE":22,"ARTERIAL_CODE":0,"SEGMENT_TYPE":8,"AGENCY_CODE":1,"ACCESS_CODE":1,"DIVIDED_CODE":1,"STRUCTURE_TYPE":1,"LEGALLOC_CODE":3,"VEHICLE_USE_CODE":2,"GIS_SEG_LENGTH":1783,"L_ADRS_FROM":0,"L_ADRS_TO":0,"R_ADRS_FROM":0,"R_ADRS_TO":0,"ORD_PRE_DIR":null,"ORD_STREET_NAME":"WEST SEATTLE BRIDGE","ORD_STREET_TYPE":"TRL","ORD_SUF_DIR":null,"ORD_STNAME_CONCAT":"WEST SEATTLE BRIDGE TRL","L_CITY":"SEATTLE","L_STATE":"WA","L_ZIP":"98134","R_CITY":"SEATTLE","R_STATE":"WA","R_ZIP":"98134","SNDSEG_UPDATE":"Thu, 20 Jul 2017 12:11:26 GMT","COMPKEY":286989,"COMPTYPE":68,"UNITID":"10418","UNITID2":"0010"}},{"type":"Feature","id":132216,"geometry":{"type":"LineString","coordinates":[[-122.303533680532,47.5911558458219],[-122.303074274991,47.591120737748],[-122.302990752285,47.5911143555633],[-122.302918566743,47.5910991746124],[-122.302848934419,47.5910773979283],[-122.302804582419,47.5910522000662],[-122.302318936672,47.5907762735557],[-122.302290492848,47.5905887069067],[-122.302256682084,47.5903657483032],[-122.302141037527,47.5903188135134]]},"properties":{"OBJECTID":132216,"SE_ANNO_CAD_DATA":"","F_INTR_ID":12995,"T_INTR_ID":13044,"SND_ID":41996,"SND_FEACODE":77,"CITYCODE":1,"STNAME_ID":3814,"ST_CODE":22,"ARTERIAL_CODE":0,"SEGMENT_TYPE":8,"AGENCY_CODE":1,"ACCESS_CODE":1,"DIVIDED_CODE":1,"STRUCTURE_TYPE":1,"LEGALLOC_CODE":3,"VEHICLE_USE_CODE":2,"GIS_SEG_LENGTH":527,"L_ADRS_FROM":0,"L_ADRS_TO":0,"R_ADRS_FROM":0,"R_ADRS_TO":0,"ORD_PRE_DIR":null,"ORD_STREET_NAME":"MTS DEARBORN CONNCTR","ORD_STREET_TYPE":"TRL","ORD_SUF_DIR":null,"ORD_STNAME_CONCAT":"MTS DEARBORN CONNCTR TRL","L_CITY":"SEATTLE","L_STATE":"WA","L_ZIP":"98144","R_CITY":"SEATTLE","R_STATE":"WA","R_ZIP":"98144","SNDSEG_UPDATE":"Thu, 20 Jul 2017 12:07:53 GMT","COMPKEY":287037,"COMPTYPE":68,"UNITID":"08768","UNITID2":"0220"}},{"type":"Feature","id":132217,"geometry":{"type":"LineString","coordinates":[[-122.303478518385,47.5918902810052],[-122.303473750247,47.5917807370496],[-122.303474704758,47.5916991785164],[-122.303487929519,47.5916483159428],[-122.303515591361,47.5915895535697],[-122.303654128856,47.5914191605284],[-122.303687361518,47.5913845693367],[-122.303688461065,47.59136582184],[-122.303679727533,47.5913449966274],[-122.303664200447,47.5913143419094],[-122.303533680532,47.5911558458219]]},"properties":{"OBJECTID":132217,"SE_ANNO_CAD_DATA":"","F_INTR_ID":12945,"T_INTR_ID":12995,"SND_ID":42188,"SND_FEACODE":77,"CITYCODE":1,"STNAME_ID":4162,"ST_CODE":22,"ARTERIAL_CODE":0,"SEGMENT_TYPE":8,"AGENCY_CODE":1,"ACCESS_CODE":1,"DIVIDED_CODE":1,"STRUCTURE_TYPE":1,"LEGALLOC_CODE":3,"VEHICLE_USE_CODE":2,"GIS_SEG_LENGTH":290,"L_ADRS_FROM":0,"L_ADRS_TO":0,"R_ADRS_FROM":0,"R_ADRS_TO":0,"ORD_PRE_DIR":null,"ORD_STREET_NAME":"MTS JUDKINS CONNCTR","ORD_STREET_TYPE":"TRL","ORD_SUF_DIR":null,"ORD_STNAME_CONCAT":"MTS JUDKINS CONNCTR TRL","L_CITY":"SEATTLE","L_STATE":"WA","L_ZIP":"98144","R_CITY":"SEATTLE","R_STATE":"WA","R_ZIP":"98144","SNDSEG_UPDATE":"Thu, 20 Jul 2017 12:11:28 GMT","COMPKEY":613158,"COMPTYPE":68,"UNITID":"08773","UNITID2":"0110"}},{"type":"Feature","id":132218,"geometry":{"type":"LineString","coordinates":[[-122.30353585316,47.5559157228769],[-122.303464713957,47.5559471999087],[-122.303415300939,47.5559562448288],[-122.303353415465,47.5559633486873],[-122.303300721112,47.5559661324825],[-122.303235317458,47.555958572413]]},"properties":{"OBJECTID":132218,"SE_ANNO_CAD_DATA":"","F_INTR_ID":15791,"T_INTR_ID":15782,"SND_ID":48285,"SND_FEACODE":77,"CITYCODE":1,"STNAME_ID":3800,"ST_CODE":22,"ARTERIAL_CODE":0,"SEGMENT_TYPE":8,"AGENCY_CODE":1,"ACCESS_CODE":1,"DIVIDED_CODE":1,"STRUCTURE_TYPE":1,"LEGALLOC_CODE":3,"VEHICLE_USE_CODE":2,"GIS_SEG_LENGTH":79,"L_ADRS_FROM":0,"L_ADRS_TO":0,"R_ADRS_FROM":0,"R_ADRS_TO":0,"ORD_PRE_DIR":null,"ORD_STREET_NAME":"CHIEF SEALTH","ORD_STREET_TYPE":"TRL","ORD_SUF_DIR":null,"ORD_STNAME_CONCAT":"CHIEF SEALTH TRL","L_CITY":"SEATTLE","L_STATE":"WA","L_ZIP":"98108","R_CITY":"SEATTLE","R_STATE":"WA","R_ZIP":"98108","SNDSEG_UPDATE":"Thu, 20 Jul 2017 12:08:24 GMT","COMPKEY":603094,"COMPTYPE":68,"UNITID":"05919","UNITID2":"0515"}},{"type":"Feature","id":132219,"geometry":{"type":"LineString","coordinates":[[-122.305430220308,47.5569131256695],[-122.305102963994,47.5567692230499],[-122.304579085342,47.5565395696054],[-122.303919003644,47.5562489971206],[-122.303720665748,47.5561641396073],[-122.303698546241,47.5561506906796],[-122.303676428042,47.5561372417308],[-122.303644454558,47.5560264832809],[-122.303639537263,47.5560144670288],[-122.30362800861,47.5560061222051],[-122.303616405372,47.5560025280897],[-122.303603773456,47.5560021381677],[-122.303582124328,47.5559998399272],[-122.30353585316,47.5559157228769]]},"properties":{"OBJECTID":132219,"SE_ANNO_CAD_DATA":"","F_INTR_ID":47243,"T_INTR_ID":15791,"SND_ID":48287,"SND_FEACODE":77,"CITYCODE":1,"STNAME_ID":3800,"ST_CODE":22,"ARTERIAL_CODE":0,"SEGMENT_TYPE":8,"AGENCY_CODE":1,"ACCESS_CODE":1,"DIVIDED_CODE":1,"STRUCTURE_TYPE":1,"LEGALLOC_CODE":3,"VEHICLE_USE_CODE":2,"GIS_SEG_LENGTH":612,"L_ADRS_FROM":0,"L_ADRS_TO":0,"R_ADRS_FROM":0,"R_ADRS_TO":0,"ORD_PRE_DIR":null,"ORD_STREET_NAME":"CHIEF SEALTH","ORD_STREET_TYPE":"TRL","ORD_SUF_DIR":null,"ORD_STNAME_CONCAT":"CHIEF SEALTH TRL","L_CITY":"SEATTLE","L_STATE":"WA","L_ZIP":"98108","R_CITY":"SEATTLE","R_STATE":"WA","R_ZIP":"98108","SNDSEG_UPDATE":"Thu, 20 Jul 2017 12:08:27 GMT","COMPKEY":603095,"COMPTYPE":68,"UNITID":"05919","UNITID2":"0510"}},{"type":"Feature","id":132220,"geometry":{"type":"LineString","coordinates":[[-122.315174837603,47.594521876715],[-122.315349412543,47.594596943114],[-122.31547373362,47.594631402089],[-122.315606096284,47.5946556083782],[-122.315738107576,47.5946674182382],[-122.315903183818,47.5946697765768],[-122.316042882859,47.5946589355096],[-122.316172425601,47.5946425905167],[-122.316297000399,47.5946274364226],[-122.316429617448,47.5946020307984],[-122.317728344997,47.594262637303],[-122.317861633585,47.5941840348353],[-122.318132955154,47.5938976956709],[-122.318273348042,47.5937943921538],[-122.318539399028,47.5936556227046],[-122.318714971869,47.5935586232977],[-122.318884707669,47.5934323863109],[-122.319092371818,47.593233495412],[-122.319186263991,47.5930778068187],[-122.319588196828,47.592211174877],[-122.319649375543,47.5920773347778],[-122.319844316467,47.5916666463506],[-122.319927320145,47.5905057734259],[-122.32001216401,47.5899960979299],[-122.319977066735,47.5896977698392],[-122.319968438388,47.5894923542277],[-122.319977070545,47.5892603987432],[-122.319971847294,47.5891988908533],[-122.31995641583,47.5891315797988],[-122.319916975845,47.5889885803718],[-122.319889447914,47.5881770689814],[-122.319874291978,47.5879848171105],[-122.319844526791,47.5878713332759],[-122.319755487815,47.5876116257415],[-122.319728734464,47.5875298855296],[-122.319720799104,47.58692676611],[-122.31970989705,47.5867734126146],[-122.319675028944,47.5866645635675],[-122.319309162376,47.586086390244],[-122.319097635938,47.5858705927256],[-122.319072858817,47.5858278830265],[-122.319060084434,47.5857929859711],[-122.319061483634,47.5857594968441],[-122.319067775216,47.5857323194655],[-122.319080456322,47.5857110167906]]},"properties":{"OBJECTID":132220,"SE_ANNO_CAD_DATA":"","F_INTR_ID":47251,"T_INTR_ID":13352,"SND_ID":48298,"SND_FEACODE":77,"CITYCODE":1,"STNAME_ID":3808,"ST_CODE":22,"ARTERIAL_CODE":0,"SEGMENT_TYPE":8,"AGENCY_CODE":1,"ACCESS_CODE":1,"DIVIDED_CODE":1,"STRUCTURE_TYPE":1,"LEGALLOC_CODE":3,"VEHICLE_USE_CODE":2,"GIS_SEG_LENGTH":3995,"L_ADRS_FROM":0,"L_ADRS_TO":0,"R_ADRS_FROM":0,"R_ADRS_TO":0,"ORD_PRE_DIR":null,"ORD_STREET_NAME":"MOUNTAINS TO SOUND","ORD_STREET_TYPE":"TRL","ORD_SUF_DIR":null,"ORD_STNAME_CONCAT":"MOUNTAINS TO SOUND TRL","L_CITY":"SEATTLE","L_STATE":"WA","L_ZIP":"98134","R_CITY":"SEATTLE","R_STATE":"WA","R_ZIP":"98134","SNDSEG_UPDATE":"Thu, 20 Jul 2017 12:09:19 GMT","COMPKEY":583337,"COMPTYPE":68,"UNITID":"08767","UNITID2":"0100"}},{"type":"Feature","id":132221,"geometry":{"type":"LineString","coordinates":[[-122.322811784239,47.5326653512312],[-122.322864082168,47.5326057819063],[-122.322880897016,47.5320249078991],[-122.322823715833,47.5319526528171]]},"properties":{"OBJECTID":132221,"SE_ANNO_CAD_DATA":"","F_INTR_ID":17538,"T_INTR_ID":17609,"SND_ID":49200,"SND_FEACODE":77,"CITYCODE":1,"STNAME_ID":4250,"ST_CODE":22,"ARTERIAL_CODE":0,"SEGMENT_TYPE":8,"AGENCY_CODE":1,"ACCESS_CODE":1,"DIVIDED_CODE":1,"STRUCTURE_TYPE":1,"LEGALLOC_CODE":3,"VEHICLE_USE_CODE":2,"GIS_SEG_LENGTH":267,"L_ADRS_FROM":0,"L_ADRS_TO":0,"R_ADRS_FROM":0,"R_ADRS_TO":0,"ORD_PRE_DIR":null,"ORD_STREET_NAME":"WEST DUWAMISH","ORD_STREET_TYPE":"TRL","ORD_SUF_DIR":null,"ORD_STNAME_CONCAT":"WEST DUWAMISH TRL","L_CITY":"SEATTLE","L_STATE":"WA","L_ZIP":"98108","R_CITY":"SEATTLE","R_STATE":"WA","R_ZIP":"98108","SNDSEG_UPDATE":"Fri, 09 Dec 2016 11:08:10 GMT","COMPKEY":664307,"COMPTYPE":68,"UNITID":"06488","UNITID2":"0780"}},{"type":"Feature","id":132222,"geometry":{"type":"LineString","coordinates":[[-122.361011710665,47.5708949665339],[-122.361090558165,47.5707845966561],[-122.361111287182,47.5707315305484],[-122.36112418231,47.5705819834982]]},"properties":{"OBJECTID":132222,"SE_ANNO_CAD_DATA":"","F_INTR_ID":14569,"T_INTR_ID":14631,"SND_ID":42049,"SND_FEACODE":77,"CITYCODE":1,"STNAME_ID":3816,"ST_CODE":22,"ARTERIAL_CODE":0,"SEGMENT_TYPE":8,"AGENCY_CODE":1,"ACCESS_CODE":1,"DIVIDED_CODE":1,"STRUCTURE_TYPE":1,"LEGALLOC_CODE":3,"VEHICLE_USE_CODE":2,"GIS_SEG_LENGTH":119,"L_ADRS_FROM":0,"L_ADRS_TO":0,"R_ADRS_FROM":0,"R_ADRS_TO":0,"ORD_PRE_DIR":null,"ORD_STREET_NAME":"22ND AVE SW CONNCTR","ORD_STREET_TYPE":"TRL","ORD_SUF_DIR":null,"ORD_STNAME_CONCAT":"22ND AVE SW CONNCTR TRL","L_CITY":"SEATTLE","L_STATE":"WA","L_ZIP":"98106","R_CITY":"SEATTLE","R_STATE":"WA","R_ZIP":"98106","SNDSEG_UPDATE":"Thu, 20 Jul 2017 12:08:05 GMT","COMPKEY":286982,"COMPTYPE":68,"UNITID":"01262","UNITID2":"0360"}},{"type":"Feature","id":132223,"geometry":{"type":"LineString","coordinates":[[-122.292589645675,47.5446053536002],[-122.292540240339,47.5446030617345],[-122.292501825112,47.5445949359385],[-122.292473452585,47.5445665723048],[-122.292446877954,47.5445266941643],[-122.292396172682,47.5444583980799],[-122.292307132355,47.5443374126161]]},"properties":{"OBJECTID":132223,"SE_ANNO_CAD_DATA":"","F_INTR_ID":47217,"T_INTR_ID":47219,"SND_ID":48251,"SND_FEACODE":77,"CITYCODE":1,"STNAME_ID":3800,"ST_CODE":22,"ARTERIAL_CODE":0,"SEGMENT_TYPE":8,"AGENCY_CODE":1,"ACCESS_CODE":1,"DIVIDED_CODE":1,"STRUCTURE_TYPE":1,"LEGALLOC_CODE":3,"VEHICLE_USE_CODE":2,"GIS_SEG_LENGTH":128,"L_ADRS_FROM":0,"L_ADRS_TO":0,"R_ADRS_FROM":0,"R_ADRS_TO":0,"ORD_PRE_DIR":null,"ORD_STREET_NAME":"CHIEF SEALTH","ORD_STREET_TYPE":"TRL","ORD_SUF_DIR":null,"ORD_STNAME_CONCAT":"CHIEF SEALTH TRL","L_CITY":"SEATTLE","L_STATE":"WA","L_ZIP":"98108","R_CITY":"SEATTLE","R_STATE":"WA","R_ZIP":"98108","SNDSEG_UPDATE":"Thu, 20 Jul 2017 12:11:40 GMT","COMPKEY":286927,"COMPTYPE":68,"UNITID":"05919","UNITID2":"0650"}},{"type":"Feature","id":132224,"geometry":{"type":"LineString","coordinates":[[-122.273910311044,47.7018488406583],[-122.275038236863,47.7045933456926],[-122.275168947081,47.7049105509754],[-122.275194719087,47.7049554258686],[-122.275219487727,47.7050005573725],[-122.27524324674,47.7050459353887],[-122.275269680048,47.7050991744924],[-122.275291229698,47.7051450526772],[-122.275311753961,47.7051911437068],[-122.275331247116,47.7052374383533],[-122.275349704451,47.7052839261477],[-122.275369921636,47.7053383925902],[-122.275388719292,47.7053930902014],[-122.275406087322,47.7054480019121],[-122.275419835722,47.7054952275163],[-122.275432526884,47.705542587052],[-122.275445995847,47.7055979960962],[-122.27545801809,47.7056535566342],[-122.275468592303,47.7057092497307],[-122.275477713405,47.7057650610603],[-122.275484374833,47.7058129791051],[-122.275489965073,47.7058609600122],[-122.275494484065,47.7059089923761],[-122.275498397883,47.7059650791099],[-122.2755005905,47.7060131840733],[-122.275501708074,47.7060613071992],[-122.275501655787,47.7061174567418],[-122.27550072088,47.7061575587679],[-122.275498615516,47.7062056659843],[-122.275495437768,47.7062537471071],[-122.27549196885,47.706293785901],[-122.275483667876,47.7063671492826],[-122.27547379688,47.7064309733007],[-122.275464554735,47.7065028955658],[-122.275457291833,47.7065749207205],[-122.275452498135,47.7066390105944],[-122.275448977356,47.7067111637191],[-122.275447439064,47.7067833484466],[-122.275448059009,47.7068635608333],[-122.275450709207,47.7069357303048],[-122.275455979798,47.7070158668376],[-122.275463695842,47.70709590926],[-122.275473854483,47.7071758291789],[-122.275486450311,47.7072555905124],[-122.275501481111,47.7073351599453],[-122.275518936592,47.7074145035631],[-122.275538811919,47.7074935872061],[-122.275563457178,47.7075802388582],[-122.275583206222,47.7076430107814],[-122.27560174219,47.70769774958],[-122.275624356616,47.7077600786462],[-122.27564578459,47.7078153896097],[-122.276118837221,47.7089569781706],[-122.276276468216,47.7093138988481],[-122.276504940512,47.7098812851152],[-122.276536580355,47.709956656448],[-122.276561646475,47.7100081824822],[-122.276593174134,47.7100795673117],[-122.276624810298,47.710154937616],[-122.276669371153,47.7102700240814],[-122.276708355714,47.7103971448566],[-122.276740768905,47.7105004224146],[-122.276779642754,47.7106235566607],[-122.276819876257,47.7107963131046],[-122.27670635341,47.7108600731971]]},"properties":{"OBJECTID":132224,"SE_ANNO_CAD_DATA":"","F_INTR_ID":4045,"T_INTR_ID":3486,"SND_ID":6948,"SND_FEACODE":77,"CITYCODE":1,"STNAME_ID":2994,"ST_CODE":22,"ARTERIAL_CODE":0,"SEGMENT_TYPE":8,"AGENCY_CODE":1,"ACCESS_CODE":1,"DIVIDED_CODE":1,"STRUCTURE_TYPE":1,"LEGALLOC_CODE":3,"VEHICLE_USE_CODE":2,"GIS_SEG_LENGTH":3396,"L_ADRS_FROM":0,"L_ADRS_TO":0,"R_ADRS_FROM":0,"R_ADRS_TO":0,"ORD_PRE_DIR":null,"ORD_STREET_NAME":"BURKE GILMAN","ORD_STREET_TYPE":"TRL","ORD_SUF_DIR":null,"ORD_STNAME_CONCAT":"BURKE GILMAN TRL","L_CITY":"SEATTLE","L_STATE":"WA","L_ZIP":"98125","R_CITY":"SEATTLE","R_STATE":"WA","R_ZIP":"98125","SNDSEG_UPDATE":"Thu, 02 May 2019 08:52:31 GMT","COMPKEY":287227,"COMPTYPE":68,"UNITID":"05778","UNITID2":"1002"}},{"type":"Feature","id":132225,"geometry":{"type":"LineString","coordinates":[[-122.282194436393,47.7292596878967],[-122.282342932079,47.7292918113311],[-122.282347879131,47.7293493349609],[-122.282350418262,47.7293986515376],[-122.282351044905,47.7294397405524],[-122.282350974962,47.7294836145997],[-122.282349580359,47.7295274712573],[-122.282347606451,47.7295685861171],[-122.282343132492,47.7296205872271],[-122.28233605878,47.7296779550762],[-122.282332049446,47.7297052366434],[-122.282325152892,47.7297461116819],[-122.282317781575,47.7297841700655],[-122.282304474806,47.7298437499527],[-122.282248243817,47.7300802734663],[-122.282155600306,47.7304705358195],[-122.282141965346,47.7305328897145],[-122.282131773466,47.730587287049],[-122.282121976557,47.7306499942234],[-122.282113768532,47.730718337114],[-122.28210949698,47.730767564894],[-122.28210681976,47.7308113918577],[-122.28210471757,47.7308826465831],[-122.282105172177,47.7309374951471],[-122.282107213786,47.7309856171947],[-122.282110985114,47.7310348480993],[-122.282116403351,47.731081306996],[-122.2821238179,47.7311276434903],[-122.282133657441,47.7311765795336],[-122.282144779017,47.7312225774555],[-122.28215792984,47.7312683742889],[-122.28217616052,47.731324530786],[-122.28220161258,47.7313909446322],[-122.282225229055,47.7314461917776],[-122.28224743189,47.7314932102827],[-122.28226615038,47.7315295696558],[-122.282301290061,47.7315938426779],[-122.282317900046,47.7316217735833],[-122.282322473667,47.7316294645714],[-122.282356262594,47.7316823639684],[-122.282386814955,47.7317271633487],[-122.282423295787,47.7317775608485],[-122.282455560006,47.7318187706645],[-122.282491433135,47.7318617714257],[-122.282539775297,47.7319157553239],[-122.282568259883,47.7319457058954],[-122.28260456073,47.7319820974896]]},"properties":{"OBJECTID":132225,"SE_ANNO_CAD_DATA":"","F_INTR_ID":2653,"T_INTR_ID":2536,"SND_ID":5770,"SND_FEACODE":77,"CITYCODE":1,"STNAME_ID":2994,"ST_CODE":22,"ARTERIAL_CODE":0,"SEGMENT_TYPE":8,"AGENCY_CODE":1,"ACCESS_CODE":1,"DIVIDED_CODE":1,"STRUCTURE_TYPE":1,"LEGALLOC_CODE":3,"VEHICLE_USE_CODE":2,"GIS_SEG_LENGTH":1049,"L_ADRS_FROM":0,"L_ADRS_TO":0,"R_ADRS_FROM":0,"R_ADRS_TO":0,"ORD_PRE_DIR":null,"ORD_STREET_NAME":"BURKE GILMAN","ORD_STREET_TYPE":"TRL","ORD_SUF_DIR":null,"ORD_STNAME_CONCAT":"BURKE GILMAN TRL","L_CITY":"SEATTLE","L_STATE":"WA","L_ZIP":"98125","R_CITY":"SEATTLE","R_STATE":"WA","R_ZIP":"98125","SNDSEG_UPDATE":"Thu, 02 May 2019 08:52:37 GMT","COMPKEY":287235,"COMPTYPE":68,"UNITID":"05778","UNITID2":"1375"}},{"type":"Feature","id":132226,"geometry":{"type":"LineString","coordinates":[[-122.366125057735,47.6592693007792],[-122.366260700204,47.6591690348548],[-122.366259615202,47.6590651782127],[-122.366251311169,47.659013013467],[-122.36622115391,47.6589821344208],[-122.366171604676,47.6589548106531],[-122.366111995283,47.6589390024237]]},"properties":{"OBJECTID":132226,"SE_ANNO_CAD_DATA":"","F_INTR_ID":7918,"T_INTR_ID":7941,"SND_ID":48507,"SND_FEACODE":77,"CITYCODE":1,"STNAME_ID":2994,"ST_CODE":22,"ARTERIAL_CODE":0,"SEGMENT_TYPE":8,"AGENCY_CODE":1,"ACCESS_CODE":1,"DIVIDED_CODE":1,"STRUCTURE_TYPE":1,"LEGALLOC_CODE":3,"VEHICLE_USE_CODE":2,"GIS_SEG_LENGTH":152,"L_ADRS_FROM":0,"L_ADRS_TO":0,"R_ADRS_FROM":0,"R_ADRS_TO":0,"ORD_PRE_DIR":null,"ORD_STREET_NAME":"BURKE GILMAN","ORD_STREET_TYPE":"TRL","ORD_SUF_DIR":null,"ORD_STNAME_CONCAT":"BURKE GILMAN TRL","L_CITY":"SEATTLE","L_STATE":"WA","L_ZIP":"98107","R_CITY":"SEATTLE","R_STATE":"WA","R_ZIP":"98107","SNDSEG_UPDATE":"Thu, 02 May 2019 08:52:58 GMT","COMPKEY":287188,"COMPTYPE":68,"UNITID":"05778","UNITID2":"0370"}},{"type":"Feature","id":132227,"geometry":{"type":"LineString","coordinates":[[-122.273602124474,47.7011172710958],[-122.273910311044,47.7018488406583]]},"properties":{"OBJECTID":132227,"SE_ANNO_CAD_DATA":"","F_INTR_ID":4100,"T_INTR_ID":4045,"SND_ID":6999,"SND_FEACODE":77,"CITYCODE":1,"STNAME_ID":2994,"ST_CODE":22,"ARTERIAL_CODE":0,"SEGMENT_TYPE":8,"AGENCY_CODE":1,"ACCESS_CODE":1,"DIVIDED_CODE":1,"STRUCTURE_TYPE":1,"LEGALLOC_CODE":3,"VEHICLE_USE_CODE":2,"GIS_SEG_LENGTH":277,"L_ADRS_FROM":0,"L_ADRS_TO":0,"R_ADRS_FROM":0,"R_ADRS_TO":0,"ORD_PRE_DIR":null,"ORD_STREET_NAME":"BURKE GILMAN","ORD_STREET_TYPE":"TRL","ORD_SUF_DIR":null,"ORD_STNAME_CONCAT":"BURKE GILMAN TRL","L_CITY":"SEATTLE","L_STATE":"WA","L_ZIP":"98125","R_CITY":"SEATTLE","R_STATE":"WA","R_ZIP":"98125","SNDSEG_UPDATE":"Thu, 02 May 2019 08:53:25 GMT","COMPKEY":287224,"COMPTYPE":68,"UNITID":"05778","UNITID2":"1000"}},{"type":"Feature","id":132228,"geometry":{"type":"LineString","coordinates":[[-122.365037625877,47.6580698427356],[-122.364747630994,47.6577561805996]]},"properties":{"OBJECTID":132228,"SE_ANNO_CAD_DATA":"","F_INTR_ID":8043,"T_INTR_ID":8066,"SND_ID":10869,"SND_FEACODE":77,"CITYCODE":1,"STNAME_ID":2994,"ST_CODE":22,"ARTERIAL_CODE":0,"SEGMENT_TYPE":8,"AGENCY_CODE":1,"ACCESS_CODE":1,"DIVIDED_CODE":1,"STRUCTURE_TYPE":1,"LEGALLOC_CODE":3,"VEHICLE_USE_CODE":2,"GIS_SEG_LENGTH":135,"L_ADRS_FROM":0,"L_ADRS_TO":0,"R_ADRS_FROM":0,"R_ADRS_TO":0,"ORD_PRE_DIR":null,"ORD_STREET_NAME":"BURKE GILMAN","ORD_STREET_TYPE":"TRL","ORD_SUF_DIR":null,"ORD_STNAME_CONCAT":"BURKE GILMAN TRL","L_CITY":"SEATTLE","L_STATE":"WA","L_ZIP":"98107","R_CITY":"SEATTLE","R_STATE":"WA","R_ZIP":"98107","SNDSEG_UPDATE":"Thu, 02 May 2019 08:52:23 GMT","COMPKEY":287190,"COMPTYPE":68,"UNITID":"05778","UNITID2":"0390"}},{"type":"Feature","id":132229,"geometry":{"type":"LineString","coordinates":[[-122.360831459627,47.6536755458948],[-122.360647500992,47.6534606567535],[-122.360537379042,47.6533666837062],[-122.36036987596,47.6532429363728],[-122.360157299074,47.653123610203],[-122.359542841041,47.6527882287181],[-122.354819460352,47.650493132236],[-122.354483675518,47.6504691499265]]},"properties":{"OBJECTID":132229,"SE_ANNO_CAD_DATA":"","F_INTR_ID":8536,"T_INTR_ID":8813,"SND_ID":11406,"SND_FEACODE":77,"CITYCODE":1,"STNAME_ID":2994,"ST_CODE":22,"ARTERIAL_CODE":0,"SEGMENT_TYPE":8,"AGENCY_CODE":1,"ACCESS_CODE":1,"DIVIDED_CODE":1,"STRUCTURE_TYPE":1,"LEGALLOC_CODE":3,"VEHICLE_USE_CODE":2,"GIS_SEG_LENGTH":1975,"L_ADRS_FROM":0,"L_ADRS_TO":0,"R_ADRS_FROM":0,"R_ADRS_TO":0,"ORD_PRE_DIR":null,"ORD_STREET_NAME":"BURKE GILMAN","ORD_STREET_TYPE":"TRL","ORD_SUF_DIR":null,"ORD_STNAME_CONCAT":"BURKE GILMAN TRL","L_CITY":"SEATTLE","L_STATE":"WA","L_ZIP":"98107","R_CITY":"SEATTLE","R_STATE":"WA","R_ZIP":"98107","SNDSEG_UPDATE":"Thu, 02 May 2019 08:53:24 GMT","COMPKEY":287198,"COMPTYPE":68,"UNITID":"05778","UNITID2":"0470"}},{"type":"Feature","id":132230,"geometry":{"type":"LineString","coordinates":[[-122.286957754271,47.6624010770196],[-122.286859582051,47.6623797454598],[-122.286837338009,47.6623756833976],[-122.286815207375,47.6623755284919],[-122.286792481115,47.6623780405028],[-122.286773837787,47.662383829912],[-122.286702018198,47.6624110566562],[-122.286630938303,47.6624557497253],[-122.286606592632,47.6624804411986],[-122.286590499955,47.6625063587836],[-122.286570199524,47.6625558203036],[-122.286549583068,47.6626060676431],[-122.286516446449,47.6626753310718],[-122.286461700756,47.6627392890033],[-122.286410001143,47.6627804114936],[-122.286314573876,47.6628328032805],[-122.28591671518,47.6630003251176],[-122.285852271484,47.6630267340667],[-122.285768290181,47.6630474413713],[-122.285683129624,47.6630574530179],[-122.285593366271,47.6630603823966],[-122.285302511217,47.6630539751866],[-122.28477360263,47.6630271738581]]},"properties":{"OBJECTID":132230,"SE_ANNO_CAD_DATA":"","F_INTR_ID":48546,"T_INTR_ID":7582,"SND_ID":50000,"SND_FEACODE":77,"CITYCODE":1,"STNAME_ID":2995,"ST_CODE":22,"ARTERIAL_CODE":0,"SEGMENT_TYPE":8,"AGENCY_CODE":1,"ACCESS_CODE":1,"DIVIDED_CODE":1,"STRUCTURE_TYPE":1,"LEGALLOC_CODE":3,"VEHICLE_USE_CODE":2,"GIS_SEG_LENGTH":656,"L_ADRS_FROM":0,"L_ADRS_TO":0,"R_ADRS_FROM":0,"R_ADRS_TO":0,"ORD_PRE_DIR":null,"ORD_STREET_NAME":"BURKE GILMAN ACCESS","ORD_STREET_TYPE":"TRL","ORD_SUF_DIR":null,"ORD_STNAME_CONCAT":"BURKE GILMAN ACCESS TRL","L_CITY":"SEATTLE","L_STATE":"WA","L_ZIP":"98105","R_CITY":"SEATTLE","R_STATE":"WA","R_ZIP":"98105","SNDSEG_UPDATE":"Fri, 29 Jul 2022 15:23:56 GMT","COMPKEY":852149,"COMPTYPE":68,"UNITID":"05777","UNITID2":"0695"}},{"type":"Feature","id":132231,"geometry":{"type":"LineString","coordinates":[[-122.316802332932,47.6548333338775],[-122.315621684582,47.6545073742461],[-122.315574287003,47.6544981431329],[-122.315496390115,47.6544828445021],[-122.315373316001,47.6544708181784],[-122.315260906917,47.6544523871567],[-122.315154381937,47.6544338794636],[-122.31503716437,47.6544063150613],[-122.314933206348,47.654373877426],[-122.314830183866,47.6543401045259],[-122.314728132846,47.654305008005],[-122.314627096495,47.6542686001147],[-122.314527107216,47.654230896581],[-122.314471795973,47.6542090935229]]},"properties":{"OBJECTID":132231,"SE_ANNO_CAD_DATA":"","F_INTR_ID":8463,"T_INTR_ID":8543,"SND_ID":14042,"SND_FEACODE":77,"CITYCODE":1,"STNAME_ID":2994,"ST_CODE":22,"ARTERIAL_CODE":0,"SEGMENT_TYPE":8,"AGENCY_CODE":1,"ACCESS_CODE":1,"DIVIDED_CODE":1,"STRUCTURE_TYPE":1,"LEGALLOC_CODE":3,"VEHICLE_USE_CODE":2,"GIS_SEG_LENGTH":620.225861,"L_ADRS_FROM":0,"L_ADRS_TO":0,"R_ADRS_FROM":0,"R_ADRS_TO":0,"ORD_PRE_DIR":null,"ORD_STREET_NAME":"BURKE GILMAN","ORD_STREET_TYPE":"TRL","ORD_SUF_DIR":null,"ORD_STNAME_CONCAT":"BURKE GILMAN TRL","L_CITY":"SEATTLE","L_STATE":"WA","L_ZIP":"98105","R_CITY":"SEATTLE","R_STATE":"WA","R_ZIP":"98105","SNDSEG_UPDATE":"Thu, 14 Jul 2022 14:30:34 GMT","COMPKEY":287254,"COMPTYPE":68,"UNITID":"05778","UNITID2":"0600"}},{"type":"Feature","id":132232,"geometry":{"type":"LineString","coordinates":[[-122.349676203112,47.7086986830373],[-122.348296068835,47.7122955115321]]},"properties":{"OBJECTID":132232,"SE_ANNO_CAD_DATA":"","F_INTR_ID":47056,"T_INTR_ID":48534,"SND_ID":48073,"SND_FEACODE":77,"CITYCODE":1,"STNAME_ID":4022,"ST_CODE":22,"ARTERIAL_CODE":0,"SEGMENT_TYPE":8,"AGENCY_CODE":1,"ACCESS_CODE":1,"DIVIDED_CODE":1,"STRUCTURE_TYPE":1,"LEGALLOC_CODE":3,"VEHICLE_USE_CODE":2,"GIS_SEG_LENGTH":2043,"L_ADRS_FROM":0,"L_ADRS_TO":0,"R_ADRS_FROM":0,"R_ADRS_TO":0,"ORD_PRE_DIR":null,"ORD_STREET_NAME":"INTERURBAN","ORD_STREET_TYPE":"TRL","ORD_SUF_DIR":null,"ORD_STNAME_CONCAT":"INTERURBAN TRL","L_CITY":"SEATTLE","L_STATE":"WA","L_ZIP":"98133","R_CITY":"SEATTLE","R_STATE":"WA","R_ZIP":"98133","SNDSEG_UPDATE":"Fri, 01 Jul 2022 09:06:21 GMT","COMPKEY":519937,"COMPTYPE":68,"UNITID":"07857","UNITID2":"1100"}},{"type":"Feature","id":132233,"geometry":{"type":"LineString","coordinates":[[-122.30599287469,47.5892540368264],[-122.30588015027,47.5892305872071],[-122.305838419654,47.5892267948496],[-122.305792256774,47.5892360566373],[-122.305760588433,47.5892483800971],[-122.30572451682,47.5892748392106],[-122.305668529723,47.5893329629371],[-122.305539747579,47.5894775857047],[-122.30551306278,47.5894963423652],[-122.305483054582,47.5895108095977],[-122.305427505318,47.5895277734289],[-122.305157871993,47.5895760010572]]},"properties":{"OBJECTID":132233,"SE_ANNO_CAD_DATA":"","F_INTR_ID":47046,"T_INTR_ID":13110,"SND_ID":48061,"SND_FEACODE":77,"CITYCODE":1,"STNAME_ID":4020,"ST_CODE":22,"ARTERIAL_CODE":0,"SEGMENT_TYPE":8,"AGENCY_CODE":1,"ACCESS_CODE":1,"DIVIDED_CODE":1,"STRUCTURE_TYPE":1,"LEGALLOC_CODE":3,"VEHICLE_USE_CODE":2,"GIS_SEG_LENGTH":263,"L_ADRS_FROM":0,"L_ADRS_TO":0,"R_ADRS_FROM":0,"R_ADRS_TO":0,"ORD_PRE_DIR":null,"ORD_STREET_NAME":"MTS S RAINIER CONNCT","ORD_STREET_TYPE":"TRL","ORD_SUF_DIR":null,"ORD_STNAME_CONCAT":"MTS S RAINIER CONNCT TRL","L_CITY":"SEATTLE","L_STATE":"WA","L_ZIP":"98144","R_CITY":"SEATTLE","R_STATE":"WA","R_ZIP":"98144","SNDSEG_UPDATE":"Wed, 19 Jul 2017 08:44:56 GMT","COMPKEY":519928,"COMPTYPE":68,"UNITID":"08771","UNITID2":"0200"}},{"type":"Feature","id":132234,"geometry":{"type":"LineString","coordinates":[[-122.35722838553,47.6504246045104],[-122.359028607596,47.6512898602229],[-122.359036277613,47.6512936257791],[-122.359043397107,47.6512970928322],[-122.359050538454,47.6513005434471],[-122.359057695628,47.6513039757741],[-122.359064873332,47.6513073908031],[-122.359072069204,47.6513107876882],[-122.359079283234,47.6513141660788],[-122.359086515462,47.651317527378],[-122.359093765879,47.6513208712351],[-122.359101035477,47.6513241960574],[-122.359108321935,47.6513275024025],[-122.359115626591,47.6513307916562],[-122.359122949151,47.6513340625941],[-122.359130290133,47.6513373152093],[-122.359137647725,47.6513405497016],[-122.3591450232,47.6513437651765],[-122.359152415825,47.651346963223],[-122.359159827625,47.6513501420593],[-122.3591672537,47.6513533028039],[-122.359174698975,47.6513564452154],[-122.359182161349,47.6513595684444],[-122.3591896401,47.651362674431],[-122.359197135928,47.6513657605334],[-122.359204647089,47.6513688292319],[-122.359212177685,47.6513718787167],[-122.35921972227,47.6513749092361],[-122.359227283719,47.6513779214536],[-122.35923486328,47.6513809135976],[-122.35924245688,47.6513838885305],[-122.35925006732,47.6513868442844],[-122.359257694318,47.651389780161],[-122.359265336883,47.6513926977532],[-122.359272996026,47.6513955961698],[-122.359280669418,47.6513984756176],[-122.359288359649,47.6514013358863],[-122.359296065161,47.651404176997],[-122.359303786219,47.6514069991214],[-122.359311522558,47.6514098020876],[-122.35931927286,47.6514125852113],[-122.359327038723,47.6514153498751],[-122.35933482143,47.6514180955353],[-122.359342616776,47.6514208204933],[-122.359350428696,47.6514235261003],[-122.359358252293,47.6514262136503],[-122.359366093748,47.6514288813057],[-122.359373948141,47.6514315296588],[-122.359381816497,47.6514341581694],[-122.359389701666,47.6514367666238],[-122.359397598223,47.6514393559722],[-122.359405510039,47.6514419254608],[-122.359413433502,47.6514444758398],[-122.359421374817,47.6514470061487],[-122.359429326434,47.6514495157868],[-122.359437293093,47.6514520069717],[-122.359445272935,47.6514544783247],[-122.359453266449,47.651456928786],[-122.359461272914,47.6514593602959],[-122.359469292032,47.6514617716298],[-122.359477325112,47.6514641631213],[-122.359485371111,47.6514665346086],[-122.359493429775,47.6514688862709],[-122.359501501067,47.6514712168801],[-122.359509585309,47.6514735285378],[-122.35951768195,47.6514758201984],[-122.359525791484,47.6514780909779],[-122.359533912379,47.6514803417742],[-122.359542046198,47.6514825727419],[-122.359550191113,47.6514847835545],[-122.359558348927,47.6514869736613],[-122.359566518101,47.651489143785],[-122.359574699909,47.651491293031],[-122.359582891811,47.6514934233638],[-122.359591095276,47.6514955317803],[-122.359599312445,47.6514976203577],[-122.35960753991,47.6514996880887],[-122.359615777463,47.651501736731],[-122.359624026327,47.651503763636],[-122.360869127747,47.6517365296636]]},"properties":{"OBJECTID":132234,"SE_ANNO_CAD_DATA":"","F_INTR_ID":8815,"T_INTR_ID":8696,"SND_ID":18511,"SND_FEACODE":77,"CITYCODE":1,"STNAME_ID":3297,"ST_CODE":22,"ARTERIAL_CODE":0,"SEGMENT_TYPE":8,"AGENCY_CODE":1,"ACCESS_CODE":1,"DIVIDED_CODE":1,"STRUCTURE_TYPE":1,"LEGALLOC_CODE":3,"VEHICLE_USE_CODE":2,"GIS_SEG_LENGTH":1030,"L_ADRS_FROM":0,"L_ADRS_TO":0,"R_ADRS_FROM":0,"R_ADRS_TO":0,"ORD_PRE_DIR":null,"ORD_STREET_NAME":"SHIP CANAL","ORD_STREET_TYPE":"TRL","ORD_SUF_DIR":null,"ORD_STNAME_CONCAT":"SHIP CANAL TRL","L_CITY":"SEATTLE","L_STATE":"WA","L_ZIP":"98119","R_CITY":"SEATTLE","R_STATE":"WA","R_ZIP":"98119","SNDSEG_UPDATE":"Thu, 20 Jul 2017 12:08:28 GMT","COMPKEY":287075,"COMPTYPE":68,"UNITID":"09667","UNITID2":"0020"}},{"type":"Feature","id":132235,"geometry":{"type":"LineString","coordinates":[[-122.350668044783,47.5715043922259],[-122.350703155566,47.5714813209691],[-122.350712086154,47.5714361222065],[-122.350708212518,47.5713910934413],[-122.35068615933,47.571337637749],[-122.350610776821,47.5713004991208],[-122.350484172886,47.5712640440925],[-122.350424965004,47.5712544309081],[-122.350345775832,47.5712624226533],[-122.350276575509,47.571261612421],[-122.350135261713,47.5712478929588],[-122.350042509572,47.5712300575251],[-122.34992343788,47.5711882998948],[-122.349843136968,47.571158160664],[-122.349722009805,47.5711337691327],[-122.349578539703,47.5711339480827],[-122.349453199724,47.5711408209733],[-122.349371649323,47.5711557795726],[-122.34930034376,47.5711706004671],[-122.349221052095,47.5711751256491],[-122.349133874452,47.5711728198606],[-122.349051315966,47.5711531142434],[-122.348994417034,47.5711348008855],[-122.348949292838,47.5711283998343],[-122.348907289673,47.5711342287921],[-122.34887711317,47.5711537028691],[-122.348847238022,47.5711835768146],[-122.348822888939,47.5712272472583],[-122.348824880474,47.5712480792172]]},"properties":{"OBJECTID":132235,"SE_ANNO_CAD_DATA":"","F_INTR_ID":46805,"T_INTR_ID":47335,"SND_ID":48399,"SND_FEACODE":77,"CITYCODE":1,"STNAME_ID":3802,"ST_CODE":22,"ARTERIAL_CODE":0,"SEGMENT_TYPE":8,"AGENCY_CODE":1,"ACCESS_CODE":1,"DIVIDED_CODE":1,"STRUCTURE_TYPE":1,"LEGALLOC_CODE":3,"VEHICLE_USE_CODE":2,"GIS_SEG_LENGTH":574,"L_ADRS_FROM":0,"L_ADRS_TO":0,"R_ADRS_FROM":0,"R_ADRS_TO":0,"ORD_PRE_DIR":null,"ORD_STREET_NAME":"WEST SEATTLE BRIDGE","ORD_STREET_TYPE":"TRL","ORD_SUF_DIR":null,"ORD_STNAME_CONCAT":"WEST SEATTLE BRIDGE TRL","L_CITY":"SEATTLE","L_STATE":"WA","L_ZIP":"98134","R_CITY":"SEATTLE","R_STATE":"WA","R_ZIP":"98134","SNDSEG_UPDATE":"Thu, 20 Jul 2017 12:07:38 GMT","COMPKEY":286992,"COMPTYPE":68,"UNITID":"10418","UNITID2":"0112"}},{"type":"Feature","id":132236,"geometry":{"type":"LineString","coordinates":[[-122.411957662689,47.5788888956141],[-122.415158718619,47.5779853039924],[-122.415230735755,47.5779168518091],[-122.41525391356,47.5778184043206]]},"properties":{"OBJECTID":132236,"SE_ANNO_CAD_DATA":"","F_INTR_ID":46385,"T_INTR_ID":13811,"SND_ID":47138,"SND_FEACODE":77,"CITYCODE":1,"STNAME_ID":2957,"ST_CODE":22,"ARTERIAL_CODE":0,"SEGMENT_TYPE":8,"AGENCY_CODE":1,"ACCESS_CODE":1,"DIVIDED_CODE":1,"STRUCTURE_TYPE":1,"LEGALLOC_CODE":3,"VEHICLE_USE_CODE":2,"GIS_SEG_LENGTH":923,"L_ADRS_FROM":0,"L_ADRS_TO":0,"R_ADRS_FROM":0,"R_ADRS_TO":0,"ORD_PRE_DIR":null,"ORD_STREET_NAME":"ALKI","ORD_STREET_TYPE":"TRL","ORD_SUF_DIR":null,"ORD_STNAME_CONCAT":"ALKI TRL","L_CITY":"SEATTLE","L_STATE":"WA","L_ZIP":"98116","R_CITY":"SEATTLE","R_STATE":"WA","R_ZIP":"98116","SNDSEG_UPDATE":"Thu, 20 Jul 2017 12:08:50 GMT","COMPKEY":287006,"COMPTYPE":68,"UNITID":"05096","UNITID2":"0620"}},{"type":"Feature","id":132237,"geometry":{"type":"LineString","coordinates":[[-122.334521603995,47.5388531697718],[-122.334456322164,47.5387965632787],[-122.334446370931,47.5385984263712],[-122.334417196336,47.5384695056191],[-122.333088786874,47.5357137014812],[-122.332567735477,47.53502387785],[-122.332014270035,47.5342911175201],[-122.332132652526,47.5341477686057]]},"properties":{"OBJECTID":132237,"SE_ANNO_CAD_DATA":"","F_INTR_ID":46400,"T_INTR_ID":17422,"SND_ID":44710,"SND_FEACODE":77,"CITYCODE":1,"STNAME_ID":3040,"ST_CODE":22,"ARTERIAL_CODE":0,"SEGMENT_TYPE":8,"AGENCY_CODE":1,"ACCESS_CODE":1,"DIVIDED_CODE":1,"STRUCTURE_TYPE":1,"LEGALLOC_CODE":3,"VEHICLE_USE_CODE":2,"GIS_SEG_LENGTH":1846,"L_ADRS_FROM":0,"L_ADRS_TO":0,"R_ADRS_FROM":0,"R_ADRS_TO":0,"ORD_PRE_DIR":null,"ORD_STREET_NAME":"DUWAMISH RIVER","ORD_STREET_TYPE":"TRL","ORD_SUF_DIR":null,"ORD_STNAME_CONCAT":"DUWAMISH RIVER TRL","L_CITY":"SEATTLE","L_STATE":"WA","L_ZIP":"98108","R_CITY":"SEATTLE","R_STATE":"WA","R_ZIP":"98108","SNDSEG_UPDATE":"Wed, 19 Jul 2017 08:46:35 GMT","COMPKEY":286973,"COMPTYPE":68,"UNITID":"06487","UNITID2":"0715"}},{"type":"Feature","id":132238,"geometry":{"type":"LineString","coordinates":[[-122.322799849394,47.5333781830544],[-122.322857822746,47.5332909592415],[-122.322868788133,47.5327195375656],[-122.322811784239,47.5326653512312]]},"properties":{"OBJECTID":132238,"SE_ANNO_CAD_DATA":"","F_INTR_ID":17487,"T_INTR_ID":17538,"SND_ID":49199,"SND_FEACODE":77,"CITYCODE":1,"STNAME_ID":4250,"ST_CODE":22,"ARTERIAL_CODE":0,"SEGMENT_TYPE":8,"AGENCY_CODE":1,"ACCESS_CODE":1,"DIVIDED_CODE":1,"STRUCTURE_TYPE":1,"LEGALLOC_CODE":3,"VEHICLE_USE_CODE":2,"GIS_SEG_LENGTH":268,"L_ADRS_FROM":0,"L_ADRS_TO":0,"R_ADRS_FROM":0,"R_ADRS_TO":0,"ORD_PRE_DIR":null,"ORD_STREET_NAME":"WEST DUWAMISH","ORD_STREET_TYPE":"TRL","ORD_SUF_DIR":null,"ORD_STNAME_CONCAT":"WEST DUWAMISH TRL","L_CITY":"SEATTLE","L_STATE":"WA","L_ZIP":"98108","R_CITY":"SEATTLE","R_STATE":"WA","R_ZIP":"98108","SNDSEG_UPDATE":"Fri, 09 Dec 2016 11:07:21 GMT","COMPKEY":664306,"COMPTYPE":68,"UNITID":"06488","UNITID2":"0770"}},{"type":"Feature","id":132239,"geometry":{"type":"LineString","coordinates":[[-122.342181391291,47.540352977702],[-122.341750464214,47.5404901849313],[-122.340659063797,47.540533123683],[-122.339154652344,47.5402592754297],[-122.337429523313,47.5399776168115],[-122.337111343611,47.5398126589927]]},"properties":{"OBJECTID":132239,"SE_ANNO_CAD_DATA":"","F_INTR_ID":16979,"T_INTR_ID":17005,"SND_ID":44225,"SND_FEACODE":77,"CITYCODE":1,"STNAME_ID":3040,"ST_CODE":22,"ARTERIAL_CODE":0,"SEGMENT_TYPE":8,"AGENCY_CODE":1,"ACCESS_CODE":1,"DIVIDED_CODE":1,"STRUCTURE_TYPE":1,"LEGALLOC_CODE":3,"VEHICLE_USE_CODE":2,"GIS_SEG_LENGTH":1310,"L_ADRS_FROM":0,"L_ADRS_TO":0,"R_ADRS_FROM":0,"R_ADRS_TO":0,"ORD_PRE_DIR":null,"ORD_STREET_NAME":"DUWAMISH RIVER","ORD_STREET_TYPE":"TRL","ORD_SUF_DIR":null,"ORD_STNAME_CONCAT":"DUWAMISH RIVER TRL","L_CITY":"SEATTLE","L_STATE":"WA","L_ZIP":"98106","R_CITY":"SEATTLE","R_STATE":"WA","R_ZIP":"98106","SNDSEG_UPDATE":"Wed, 19 Jul 2017 08:46:10 GMT","COMPKEY":286970,"COMPTYPE":68,"UNITID":"06487","UNITID2":"0700"}},{"type":"Feature","id":132240,"geometry":{"type":"LineString","coordinates":[[-122.307797369139,47.5927037039506],[-122.307724576663,47.5925492456742],[-122.307720967454,47.5925256742814],[-122.307730792089,47.5925106891027],[-122.30775621899,47.5924996542493],[-122.307884103629,47.5924644638252],[-122.30803085949,47.5923954960752],[-122.308134164469,47.5923092080828],[-122.308200116776,47.5921876362521],[-122.308222190375,47.5921279187004],[-122.30822070821,47.5920979486626],[-122.30820249264,47.5920748806191],[-122.308112677604,47.5919837307506],[-122.308006514324,47.5918861175643],[-122.307911107313,47.5917845216653],[-122.307813357245,47.5916002422599],[-122.307745136742,47.5915251192017]]},"properties":{"OBJECTID":132240,"SE_ANNO_CAD_DATA":"","F_INTR_ID":12905,"T_INTR_ID":47049,"SND_ID":48063,"SND_FEACODE":77,"CITYCODE":1,"STNAME_ID":3814,"ST_CODE":22,"ARTERIAL_CODE":0,"SEGMENT_TYPE":8,"AGENCY_CODE":1,"ACCESS_CODE":1,"DIVIDED_CODE":1,"STRUCTURE_TYPE":1,"LEGALLOC_CODE":3,"VEHICLE_USE_CODE":2,"GIS_SEG_LENGTH":522,"L_ADRS_FROM":0,"L_ADRS_TO":0,"R_ADRS_FROM":0,"R_ADRS_TO":0,"ORD_PRE_DIR":null,"ORD_STREET_NAME":"MTS DEARBORN CONNCTR","ORD_STREET_TYPE":"TRL","ORD_SUF_DIR":null,"ORD_STNAME_CONCAT":"MTS DEARBORN CONNCTR TRL","L_CITY":"SEATTLE","L_STATE":"WA","L_ZIP":"98144","R_CITY":"SEATTLE","R_STATE":"WA","R_ZIP":"98144","SNDSEG_UPDATE":"Thu, 20 Jul 2017 12:09:11 GMT","COMPKEY":519921,"COMPTYPE":68,"UNITID":"08768","UNITID2":"0180"}},{"type":"Feature","id":132241,"geometry":{"type":"LineString","coordinates":[[-122.351517991405,47.5611557814079],[-122.351493663438,47.5594057325701]]},"properties":{"OBJECTID":132241,"SE_ANNO_CAD_DATA":"","F_INTR_ID":15328,"T_INTR_ID":15469,"SND_ID":28047,"SND_FEACODE":77,"CITYCODE":1,"STNAME_ID":3040,"ST_CODE":22,"ARTERIAL_CODE":0,"SEGMENT_TYPE":8,"AGENCY_CODE":1,"ACCESS_CODE":1,"DIVIDED_CODE":1,"STRUCTURE_TYPE":1,"LEGALLOC_CODE":3,"VEHICLE_USE_CODE":2,"GIS_SEG_LENGTH":638,"L_ADRS_FROM":0,"L_ADRS_TO":0,"R_ADRS_FROM":0,"R_ADRS_TO":0,"ORD_PRE_DIR":null,"ORD_STREET_NAME":"DUWAMISH RIVER","ORD_STREET_TYPE":"TRL","ORD_SUF_DIR":null,"ORD_STNAME_CONCAT":"DUWAMISH RIVER TRL","L_CITY":"SEATTLE","L_STATE":"WA","L_ZIP":"98106","R_CITY":"SEATTLE","R_STATE":"WA","R_ZIP":"98106","SNDSEG_UPDATE":"Wed, 19 Jul 2017 08:45:44 GMT","COMPKEY":286966,"COMPTYPE":68,"UNITID":"06487","UNITID2":"0470"}},{"type":"Feature","id":132242,"geometry":{"type":"LineString","coordinates":[[-122.273241311571,47.5169050437199],[-122.273260450259,47.5167974830488],[-122.273241860173,47.5167647682031],[-122.273199456844,47.516750328524],[-122.27314583568,47.5167300395801],[-122.273087421884,47.5166963317418],[-122.273032560564,47.5166311264594],[-122.273005604698,47.5165356135441],[-122.27299787628,47.51641589358],[-122.27298985454,47.5161254340277],[-122.272971140839,47.5160882282639],[-122.272945713896,47.5160481109834],[-122.272915825229,47.5160065535255],[-122.272879473019,47.5159710690774],[-122.272385207019,47.5156852742586],[-122.272351188151,47.5156542527068],[-122.272319256704,47.5156187113767],[-122.272115330752,47.5151989340413],[-122.272083358676,47.5151618952157],[-122.272037877642,47.5151160422572],[-122.271999191051,47.515076092737],[-122.271933944418,47.5150349828938],[-122.271844387848,47.5149941807303],[-122.271788395024,47.5149679308188],[-122.271734528379,47.5149386582305],[-122.271698012464,47.514897184226],[-122.271665915407,47.5148556544273],[-122.271630907381,47.51478869915],[-122.271584063919,47.5146934377849],[-122.271519608772,47.5145571926399],[-122.27150620491,47.5145202109025],[-122.271501744461,47.5144867105779],[-122.27148833343,47.5143486738525],[-122.271483151994,47.514261639916]]},"properties":{"OBJECTID":132242,"SE_ANNO_CAD_DATA":"","F_INTR_ID":18672,"T_INTR_ID":46395,"SND_ID":47174,"SND_FEACODE":77,"CITYCODE":1,"STNAME_ID":3800,"ST_CODE":22,"ARTERIAL_CODE":0,"SEGMENT_TYPE":8,"AGENCY_CODE":1,"ACCESS_CODE":1,"DIVIDED_CODE":1,"STRUCTURE_TYPE":1,"LEGALLOC_CODE":3,"VEHICLE_USE_CODE":2,"GIS_SEG_LENGTH":1118,"L_ADRS_FROM":0,"L_ADRS_TO":0,"R_ADRS_FROM":0,"R_ADRS_TO":0,"ORD_PRE_DIR":null,"ORD_STREET_NAME":"CHIEF SEALTH","ORD_STREET_TYPE":"TRL","ORD_SUF_DIR":null,"ORD_STNAME_CONCAT":"CHIEF SEALTH TRL","L_CITY":"SEATTLE","L_STATE":"WA","L_ZIP":"98118","R_CITY":"SEATTLE","R_STATE":"WA","R_ZIP":"98118","SNDSEG_UPDATE":"Thu, 20 Jul 2017 12:09:09 GMT","COMPKEY":286950,"COMPTYPE":68,"UNITID":"05919","UNITID2":"0960"}},{"type":"Feature","id":132243,"geometry":{"type":"LineString","coordinates":[[-122.303235317458,47.555958572413],[-122.30309012849,47.5558886642123],[-122.303015455609,47.5558504853096],[-122.302935679578,47.5558177106658],[-122.302858578899,47.5557866799455],[-122.302756016916,47.5557583647754],[-122.302678556724,47.5557409665877],[-122.302591448583,47.555727858075],[-122.302507420971,47.5557307236115],[-122.302352501541,47.5557362847355],[-122.302291969444,47.5557335081331],[-122.302236791746,47.5557342211907],[-122.30216049512,47.5557316482374],[-122.302076115124,47.555722063139],[-122.302002095418,47.5557070056145],[-122.301875175801,47.5556801766273],[-122.301745376646,47.5556444885401],[-122.301620682605,47.5556033962114],[-122.301501044883,47.5555551215483],[-122.300478976141,47.5551021441571],[-122.300156300354,47.5549372753249],[-122.300032983297,47.5548516808168],[-122.299893202903,47.5547413895732],[-122.29977974762,47.5546325371032],[-122.299705552551,47.554517840601],[-122.299665564572,47.5544044823919],[-122.299637712159,47.5542553810728],[-122.299622172449,47.5541701751912],[-122.29961183792,47.55408312272],[-122.299584986894,47.5539695948459],[-122.29952402947,47.553858286537],[-122.299449887402,47.5537453677692],[-122.299357803127,47.5536486941186]]},"properties":{"OBJECTID":132243,"SE_ANNO_CAD_DATA":"","F_INTR_ID":15782,"T_INTR_ID":16002,"SND_ID":47151,"SND_FEACODE":77,"CITYCODE":1,"STNAME_ID":3800,"ST_CODE":22,"ARTERIAL_CODE":0,"SEGMENT_TYPE":8,"AGENCY_CODE":1,"ACCESS_CODE":1,"DIVIDED_CODE":1,"STRUCTURE_TYPE":1,"LEGALLOC_CODE":3,"VEHICLE_USE_CODE":2,"GIS_SEG_LENGTH":1390,"L_ADRS_FROM":0,"L_ADRS_TO":0,"R_ADRS_FROM":0,"R_ADRS_TO":0,"ORD_PRE_DIR":null,"ORD_STREET_NAME":"CHIEF SEALTH","ORD_STREET_TYPE":"TRL","ORD_SUF_DIR":null,"ORD_STNAME_CONCAT":"CHIEF SEALTH TRL","L_CITY":"SEATTLE","L_STATE":"WA","L_ZIP":"98108","R_CITY":"SEATTLE","R_STATE":"WA","R_ZIP":"98108","SNDSEG_UPDATE":"Thu, 20 Jul 2017 12:11:34 GMT","COMPKEY":286922,"COMPTYPE":68,"UNITID":"05919","UNITID2":"0520"}},{"type":"Feature","id":132244,"geometry":{"type":"LineString","coordinates":[[-122.292185500302,47.5435260006883],[-122.292190736263,47.5434857141323],[-122.292196051325,47.5434482991073],[-122.292197168588,47.5434123753847],[-122.292183318124,47.5433723329696],[-122.29167795868,47.5426735434054],[-122.290954001484,47.5415539291506],[-122.290939663116,47.5415061770503],[-122.290914935372,47.5413969266652],[-122.291013632117,47.541317254336]]},"properties":{"OBJECTID":132244,"SE_ANNO_CAD_DATA":"","F_INTR_ID":46389,"T_INTR_ID":16959,"SND_ID":47159,"SND_FEACODE":77,"CITYCODE":1,"STNAME_ID":3800,"ST_CODE":22,"ARTERIAL_CODE":0,"SEGMENT_TYPE":8,"AGENCY_CODE":1,"ACCESS_CODE":1,"DIVIDED_CODE":1,"STRUCTURE_TYPE":1,"LEGALLOC_CODE":3,"VEHICLE_USE_CODE":2,"GIS_SEG_LENGTH":882,"L_ADRS_FROM":0,"L_ADRS_TO":0,"R_ADRS_FROM":0,"R_ADRS_TO":0,"ORD_PRE_DIR":null,"ORD_STREET_NAME":"CHIEF SEALTH","ORD_STREET_TYPE":"TRL","ORD_SUF_DIR":null,"ORD_STNAME_CONCAT":"CHIEF SEALTH TRL","L_CITY":"SEATTLE","L_STATE":"WA","L_ZIP":"98108","R_CITY":"SEATTLE","R_STATE":"WA","R_ZIP":"98108","SNDSEG_UPDATE":"Thu, 20 Jul 2017 12:08:32 GMT","COMPKEY":286928,"COMPTYPE":68,"UNITID":"05919","UNITID2":"0653"}},{"type":"Feature","id":132245,"geometry":{"type":"LineString","coordinates":[[-122.362956959389,47.6560554505371],[-122.362171285075,47.6551796849527]]},"properties":{"OBJECTID":132245,"SE_ANNO_CAD_DATA":"","F_INTR_ID":8261,"T_INTR_ID":8351,"SND_ID":11100,"SND_FEACODE":77,"CITYCODE":1,"STNAME_ID":2994,"ST_CODE":22,"ARTERIAL_CODE":0,"SEGMENT_TYPE":8,"AGENCY_CODE":1,"ACCESS_CODE":1,"DIVIDED_CODE":1,"STRUCTURE_TYPE":1,"LEGALLOC_CODE":3,"VEHICLE_USE_CODE":2,"GIS_SEG_LENGTH":374,"L_ADRS_FROM":0,"L_ADRS_TO":0,"R_ADRS_FROM":0,"R_ADRS_TO":0,"ORD_PRE_DIR":null,"ORD_STREET_NAME":"BURKE GILMAN","ORD_STREET_TYPE":"TRL","ORD_SUF_DIR":null,"ORD_STNAME_CONCAT":"BURKE GILMAN TRL","L_CITY":"SEATTLE","L_STATE":"WA","L_ZIP":"98107","R_CITY":"SEATTLE","R_STATE":"WA","R_ZIP":"98107","SNDSEG_UPDATE":"Thu, 02 May 2019 08:52:35 GMT","COMPKEY":287195,"COMPTYPE":68,"UNITID":"05778","UNITID2":"0440"}},{"type":"Feature","id":132246,"geometry":{"type":"LineString","coordinates":[[-122.268297701268,47.6907396977545],[-122.268358043422,47.6908220241338],[-122.268392742968,47.6908581923944],[-122.268428582048,47.6908941179892],[-122.268465376079,47.6909296014331],[-122.268503107618,47.6909646322404],[-122.268539325386,47.6909970524509],[-122.268576348531,47.6910290543288],[-122.268614167234,47.6910606304511],[-122.268652769531,47.6910917711406],[-122.268692144245,47.6911224668854],[-122.268729581917,47.6911507075812],[-122.268770419234,47.6911805193846],[-122.268811997892,47.6912098620647],[-122.268851459939,47.6912368168875],[-122.268891547388,47.6912633491474],[-122.26893224752,47.6912894500542],[-122.268973552953,47.6913151158395],[-122.269024506923,47.6913456871932],[-122.269073245257,47.6913738519284],[-122.269083338627,47.6913794685848],[-122.269353602969,47.6915262601995],[-122.270091993485,47.692010602775],[-122.270286292043,47.6921491964063],[-122.270536101566,47.6922953849057],[-122.270828403972,47.6924343431988],[-122.271108968772,47.6925702451748],[-122.271450337848,47.6926945356381],[-122.271850139779,47.6928160229903]]},"properties":{"OBJECTID":132246,"SE_ANNO_CAD_DATA":"","F_INTR_ID":47190,"T_INTR_ID":4761,"SND_ID":48212,"SND_FEACODE":77,"CITYCODE":1,"STNAME_ID":2994,"ST_CODE":22,"ARTERIAL_CODE":0,"SEGMENT_TYPE":8,"AGENCY_CODE":1,"ACCESS_CODE":1,"DIVIDED_CODE":1,"STRUCTURE_TYPE":1,"LEGALLOC_CODE":3,"VEHICLE_USE_CODE":2,"GIS_SEG_LENGTH":1172,"L_ADRS_FROM":0,"L_ADRS_TO":0,"R_ADRS_FROM":0,"R_ADRS_TO":0,"ORD_PRE_DIR":null,"ORD_STREET_NAME":"BURKE GILMAN","ORD_STREET_TYPE":"TRL","ORD_SUF_DIR":null,"ORD_STNAME_CONCAT":"BURKE GILMAN TRL","L_CITY":"SEATTLE","L_STATE":"WA","L_ZIP":"98115","R_CITY":"SEATTLE","R_STATE":"WA","R_ZIP":"98115","SNDSEG_UPDATE":"Thu, 02 May 2019 08:52:40 GMT","COMPKEY":568446,"COMPTYPE":68,"UNITID":"05778","UNITID2":"0850"}},{"type":"Feature","id":132247,"geometry":{"type":"LineString","coordinates":[[-122.279454513408,47.6684940389418],[-122.27942801117,47.6684973080973],[-122.277990170536,47.6686969357597],[-122.277678036558,47.6687386812937],[-122.277275789637,47.6687588956186],[-122.276816776547,47.6687495951311],[-122.276345951456,47.6687177691215],[-122.275897497158,47.6686856580617],[-122.275702791655,47.6686649823787],[-122.275515944645,47.6686451406366],[-122.275258266719,47.6686332856779],[-122.274877343449,47.6686154316293],[-122.274430146507,47.6686286463644],[-122.274062083628,47.6686710892992],[-122.274016244448,47.6686844370236],[-122.273817893636,47.6687421974077],[-122.273462897994,47.6688524949398],[-122.273164455237,47.6689847500306],[-122.272943468925,47.669085793876],[-122.272723739506,47.6692321697171],[-122.272559724285,47.6693702837771],[-122.272385569438,47.6695463140654],[-122.272158833541,47.6698439348587],[-122.271964813147,47.6701109104024],[-122.271662697602,47.6705152923491],[-122.271286456486,47.671071764702],[-122.270984541648,47.671483699453],[-122.270671225313,47.6718882190213],[-122.270443385833,47.6721235731877],[-122.270323092428,47.6722478308216],[-122.270016150684,47.672478437123],[-122.26969864598,47.6727318488247],[-122.269238639409,47.6730928651196],[-122.268864739116,47.6733185816184],[-122.267989184957,47.6739117156662],[-122.267914326888,47.6739632970952],[-122.267841067453,47.6740159173989],[-122.267769442333,47.6740695513878],[-122.267699479799,47.6741241783527],[-122.267631209046,47.6741797735365],[-122.267564659823,47.6742363132284],[-122.26749986314,47.674293772473],[-122.267436842521,47.6743521279887],[-122.267375629474,47.6744113539363],[-122.267316247985,47.6744714249226],[-122.267258724608,47.6745323144689],[-122.267203083849,47.6745939971751],[-122.267149349901,47.674656445715],[-122.267097544905,47.6747196336652],[-122.267047691006,47.6747835347779],[-122.266999811047,47.6748481198133],[-122.266953925591,47.6749133616658],[-122.266910052595,47.6749792329117],[-122.266868214137,47.6750457048469],[-122.266828425271,47.6751127483294],[-122.266790704944,47.6751803341678],[-122.266755067463,47.6752484344576],[-122.266721528902,47.6753170193415],[-122.266690106135,47.6753860598295],[-122.266660808714,47.6754555250935],[-122.266633652198,47.6755253854578],[-122.266608647243,47.6755956125369],[-122.266589448113,47.6756549194686],[-122.266585805209,47.6756661751285],[-122.26656513484,47.6757370413611]]},"properties":{"OBJECTID":132247,"SE_ANNO_CAD_DATA":"","F_INTR_ID":7053,"T_INTR_ID":6300,"SND_ID":12627,"SND_FEACODE":77,"CITYCODE":1,"STNAME_ID":2994,"ST_CODE":22,"ARTERIAL_CODE":0,"SEGMENT_TYPE":8,"AGENCY_CODE":1,"ACCESS_CODE":1,"DIVIDED_CODE":1,"STRUCTURE_TYPE":1,"LEGALLOC_CODE":3,"VEHICLE_USE_CODE":2,"GIS_SEG_LENGTH":4586,"L_ADRS_FROM":0,"L_ADRS_TO":0,"R_ADRS_FROM":0,"R_ADRS_TO":0,"ORD_PRE_DIR":null,"ORD_STREET_NAME":"BURKE GILMAN","ORD_STREET_TYPE":"TRL","ORD_SUF_DIR":null,"ORD_STNAME_CONCAT":"BURKE GILMAN TRL","L_CITY":"SEATTLE","L_STATE":"WA","L_ZIP":"98115","R_CITY":"SEATTLE","R_STATE":"WA","R_ZIP":"98115","SNDSEG_UPDATE":"Thu, 02 May 2019 08:52:21 GMT","COMPKEY":287214,"COMPTYPE":68,"UNITID":"05778","UNITID2":"0730"}},{"type":"Feature","id":132248,"geometry":{"type":"LineString","coordinates":[[-122.28260456073,47.7319820974896],[-122.282649719245,47.7320245439593],[-122.282716178621,47.7320832964506],[-122.282775015483,47.7321321918788],[-122.282801112165,47.7321532066547],[-122.282835420492,47.7321803071452],[-122.282916317105,47.7322418798325],[-122.282963175335,47.7322761255478],[-122.283033696682,47.7323256513206],[-122.283705139707,47.7327772889253],[-122.283779123337,47.7328281744624],[-122.283832258816,47.7328658465609],[-122.283931637017,47.7329382171778],[-122.284028715276,47.7330120587544],[-122.28409770216,47.7330661555074],[-122.284149120786,47.73310850827],[-122.284194124676,47.733147528535],[-122.28424247013,47.73319161168],[-122.28426124965,47.7332095148465],[-122.284293405018,47.7332412177407],[-122.284324657727,47.7332732899246],[-122.284367530548,47.7333197950244],[-122.284392436651,47.7333480789988],[-122.284442284554,47.733407865938],[-122.284457608054,47.7334271669149],[-122.284494774413,47.7334759269102],[-122.284533605129,47.7335302244021],[-122.284567496045,47.7335800587827],[-122.284603039362,47.7336354308131],[-122.284618520335,47.7336607785816],[-122.284639440467,47.7336964350113],[-122.284665287663,47.7337425791177]]},"properties":{"OBJECTID":132248,"SE_ANNO_CAD_DATA":"","F_INTR_ID":2536,"T_INTR_ID":2459,"SND_ID":44708,"SND_FEACODE":77,"CITYCODE":1,"STNAME_ID":2994,"ST_CODE":22,"ARTERIAL_CODE":0,"SEGMENT_TYPE":8,"AGENCY_CODE":1,"ACCESS_CODE":1,"DIVIDED_CODE":1,"STRUCTURE_TYPE":1,"LEGALLOC_CODE":3,"VEHICLE_USE_CODE":2,"GIS_SEG_LENGTH":825,"L_ADRS_FROM":0,"L_ADRS_TO":0,"R_ADRS_FROM":0,"R_ADRS_TO":0,"ORD_PRE_DIR":null,"ORD_STREET_NAME":"BURKE GILMAN","ORD_STREET_TYPE":"TRL","ORD_SUF_DIR":null,"ORD_STNAME_CONCAT":"BURKE GILMAN TRL","L_CITY":"SEATTLE","L_STATE":"WA","L_ZIP":"98125","R_CITY":"SEATTLE","R_STATE":"WA","R_ZIP":"98125","SNDSEG_UPDATE":"Thu, 02 May 2019 08:53:02 GMT","COMPKEY":287236,"COMPTYPE":68,"UNITID":"05778","UNITID2":"1408"}},{"type":"Feature","id":132249,"geometry":{"type":"LineString","coordinates":[[-122.335168757402,47.6468729128721],[-122.335134728248,47.6468883689459],[-122.335003324073,47.6468959350294],[-122.334912643335,47.6469313959004],[-122.334615534804,47.6469542692527],[-122.334273261341,47.6469449292412],[-122.333999610168,47.6469208316596],[-122.333961528391,47.6469096693393],[-122.333926634365,47.6468673096419]]},"properties":{"OBJECTID":132249,"SE_ANNO_CAD_DATA":"","F_INTR_ID":9076,"T_INTR_ID":9078,"SND_ID":11552,"SND_FEACODE":77,"CITYCODE":1,"STNAME_ID":2994,"ST_CODE":22,"ARTERIAL_CODE":0,"SEGMENT_TYPE":8,"AGENCY_CODE":1,"ACCESS_CODE":1,"DIVIDED_CODE":1,"STRUCTURE_TYPE":1,"LEGALLOC_CODE":3,"VEHICLE_USE_CODE":2,"GIS_SEG_LENGTH":323,"L_ADRS_FROM":0,"L_ADRS_TO":0,"R_ADRS_FROM":0,"R_ADRS_TO":0,"ORD_PRE_DIR":null,"ORD_STREET_NAME":"BURKE GILMAN","ORD_STREET_TYPE":"TRL","ORD_SUF_DIR":null,"ORD_STNAME_CONCAT":"BURKE GILMAN TRL","L_CITY":"SEATTLE","L_STATE":"WA","L_ZIP":"98103","R_CITY":"SEATTLE","R_STATE":"WA","R_ZIP":"98103","SNDSEG_UPDATE":"Thu, 02 May 2019 08:52:00 GMT","COMPKEY":287243,"COMPTYPE":68,"UNITID":"05778","UNITID2":"0530"}},{"type":"Feature","id":132250,"geometry":{"type":"LineString","coordinates":[[-122.366111995283,47.6589390024237],[-122.366070361424,47.6589100688411],[-122.366016036234,47.6588861009447],[-122.365821168243,47.6588738058137],[-122.365037625877,47.6580698427356]]},"properties":{"OBJECTID":132250,"SE_ANNO_CAD_DATA":"","F_INTR_ID":7941,"T_INTR_ID":8043,"SND_ID":45088,"SND_FEACODE":77,"CITYCODE":1,"STNAME_ID":2994,"ST_CODE":22,"ARTERIAL_CODE":0,"SEGMENT_TYPE":8,"AGENCY_CODE":1,"ACCESS_CODE":1,"DIVIDED_CODE":1,"STRUCTURE_TYPE":1,"LEGALLOC_CODE":3,"VEHICLE_USE_CODE":2,"GIS_SEG_LENGTH":430,"L_ADRS_FROM":0,"L_ADRS_TO":0,"R_ADRS_FROM":0,"R_ADRS_TO":0,"ORD_PRE_DIR":null,"ORD_STREET_NAME":"BURKE GILMAN","ORD_STREET_TYPE":"TRL","ORD_SUF_DIR":null,"ORD_STNAME_CONCAT":"BURKE GILMAN TRL","L_CITY":"SEATTLE","L_STATE":"WA","L_ZIP":"98107","R_CITY":"SEATTLE","R_STATE":"WA","R_ZIP":"98107","SNDSEG_UPDATE":"Thu, 02 May 2019 08:53:14 GMT","COMPKEY":287189,"COMPTYPE":68,"UNITID":"05778","UNITID2":"0380"}},{"type":"Feature","id":132251,"geometry":{"type":"LineString","coordinates":[[-122.33154340436,47.6505020148745],[-122.331408860498,47.6505312902799],[-122.331082509404,47.6507570878488],[-122.330873003492,47.6509295026938],[-122.330642784197,47.6511092593855],[-122.330166246615,47.6514548420671],[-122.329574704352,47.6519056970164],[-122.329155518336,47.6522251791094],[-122.328958201238,47.652375563268],[-122.327911255232,47.6534426099462],[-122.327907615948,47.6534467104328],[-122.32790453582,47.653450168489],[-122.327901450419,47.6534536238066],[-122.327898359775,47.653457077438],[-122.327895263343,47.653460528513],[-122.327892160598,47.6534639768629],[-122.327889052071,47.6534674228318],[-122.327885937227,47.6534708659002],[-122.327882815327,47.6534743074817],[-122.327879689452,47.6534777463074],[-122.327876558278,47.6534811815174],[-122.327873417446,47.6534846150991],[-122.327870272904,47.6534880460971],[-122.327867122859,47.6534914754124],[-122.327863965958,47.6534949011323],[-122.327860805086,47.6534983242718],[-122.327857633254,47.6535017456248],[-122.327854460312,47.6535051645354],[-122.327851279236,47.6535085805693],[-122.327848092636,47.6535119942188],[-122.327844900738,47.6535154042525],[-122.327841702318,47.6535188133187],[-122.327838498091,47.6535222191268],[-122.327835288874,47.6535256230699],[-122.327832072542,47.653529023421],[-122.327828849617,47.6535324203488],[-122.327825622798,47.6535358173276],[-122.327822387829,47.6535392109035],[-122.327819148595,47.6535426006745],[-122.327815902824,47.6535459889518],[-122.327812651525,47.6535493746692],[-122.327809394922,47.6535527565954],[-122.327806131523,47.6535561370313],[-122.327802861552,47.6535595147455],[-122.327799587351,47.6535628898828],[-122.327796306579,47.6535662622984],[-122.327793018985,47.6535696323466],[-122.327789727151,47.6535729994671],[-122.32778642875,47.6535763640413],[-122.327783123782,47.6535797260692],[-122.327779814325,47.6535830855236],[-122.327776498556,47.653586442253],[-122.327773177258,47.6535897964225],[-122.327769849104,47.6535931469966],[-122.327766515447,47.6535964958879],[-122.327763176496,47.6535998413388],[-122.327759831024,47.6536031858223],[-122.327756481296,47.6536065268517],[-122.327753123414,47.6536098643028],[-122.327749761591,47.6536132002262],[-122.327746393192,47.6536165332523],[-122.327743019244,47.653619863017],[-122.327739639788,47.6536231909234],[-122.327736253735,47.653626515231],[-122.327732862154,47.6536298369788],[-122.32772946533,47.6536331570404],[-122.327726061649,47.6536364735065],[-122.327722653738,47.6536397873958],[-122.32771923952,47.6536430987354],[-122.327715819483,47.653646406466],[-122.327712392931,47.6536497134045],[-122.327708960794,47.6536530158535],[-122.32770552342,47.6536563167917],[-122.327702080766,47.6536596148158],[-122.327698631261,47.65366290942],[-122.327695177526,47.6536662014472],[-122.327691715952,47.6536694918222],[-122.327688250091,47.6536727776908],[-122.327684778983,47.6536760616977],[-122.327681301053,47.6536793433371],[-122.327677819122,47.6536826213437],[-122.327674329087,47.6536858975261],[-122.327670833499,47.6536891702716],[-122.32766733394,47.6536924404367],[-122.327663829107,47.6536957078631],[-122.327660316125,47.6536989718865],[-122.327656798932,47.6537022340347],[-122.327653276446,47.6537054927425],[-122.327649747134,47.6537087489074],[-122.327646212578,47.6537120033862],[-122.327642672693,47.6537152531965],[-122.32763912705,47.6537185015029],[-122.327635576369,47.65372174619],[-122.327632019894,47.6537249881453],[-122.327628457092,47.6537282268491],[-122.327624888547,47.6537314645753],[-122.327621314654,47.6537346969314],[-122.327617735542,47.6537379284784],[-122.327614149548,47.6537411555528],[-122.327610559614,47.6537443810995],[-122.327606962843,47.6537476037525],[-122.327603361823,47.6537508231268],[-122.32759975423,47.6537540397794],[-122.327596141339,47.6537572528162],[-122.327592521646,47.6537604641872],[-122.327588897698,47.6537636721042],[-122.327585268451,47.6537668764053],[-122.327581633961,47.6537700790202],[-122.327577992619,47.6537732782152],[-122.327574345744,47.6537764746748],[-122.327570693595,47.6537796683957],[-122.327567035898,47.6537828588549],[-122.327563372922,47.6537860464],[-122.327559704398,47.6537892306835],[-122.327556029327,47.6537924131224],[-122.327552351269,47.6537955910377],[-122.327548664098,47.6537987681949],[-122.327544973945,47.653801941004],[-122.32754127722,47.6538051110914],[-122.327537576265,47.6538082786018],[-122.327533868717,47.6538114426888],[-122.327530155637,47.6538146040405],[-122.327526437283,47.6538177626534],[-122.327522713375,47.6538209178293],[-122.327518983939,47.6538240704453],[-122.327515249489,47.6538272203191],[-122.327511509201,47.6538303658822],[-122.32750776367,47.6538335097591],[-122.327504012809,47.6538366489676],[-122.327500255177,47.6538397875628],[-122.327496494843,47.6538429225081],[-122.327492727657,47.6538460540335],[-122.32748895364,47.6538491828405],[-122.327485175627,47.65385230819],[-122.327481391047,47.6538554309932],[-122.327477602232,47.6538585510441],[-122.327473807859,47.6538616674825],[-122.327470006924,47.65386478155],[-122.327466201983,47.6538678918092],[-122.327462391519,47.653870999684],[-122.327458574193,47.6538741037878],[-122.327454753161,47.6538772054833],[-122.327450926311,47.6538803035697],[-122.32744709289,47.6538833989345],[-122.327443255498,47.6538864917188],[-122.327439410994,47.6538895810866],[-122.327435564073,47.6538926676781],[-122.327431710301,47.6538957508496],[-122.327427851229,47.6538988304053],[-122.327423986629,47.653901907401],[-122.327420115203,47.6539049818538],[-122.327416239776,47.6539080526737],[-122.327412359075,47.6539111207549],[-122.327408474119,47.6539141853819],[-122.327404582337,47.6539172474661],[-122.327400685256,47.6539203059344],[-122.327396782906,47.6539233618393],[-122.327392876301,47.6539264142902],[-122.327388964132,47.6539294629532],[-122.327385045401,47.6539325092453],[-122.32738112267,47.6539355519045],[-122.327377193137,47.6539385928979],[-122.327373260618,47.6539416293677],[-122.327369320228,47.6539446631327],[-122.32736537714,47.6539476934232],[-122.327361427227,47.6539507211708],[-122.327357472019,47.653953745478],[-122.327353512571,47.6539567668573],[-122.327349546251,47.653959784115],[-122.327345575981,47.6539627994939],[-122.32734159914,47.6539658121511],[-122.32733761929,47.6539688195829],[-122.327333632899,47.6539718253456],[-122.327329640975,47.6539748283729],[-122.32732564503,47.6539778270656],[-122.327321642253,47.6539808230399],[-122.327317636779,47.6539838155397],[-122.327313623175,47.6539868053383],[-122.327309604277,47.6539897916963],[-122.327305582423,47.6539927745832],[-122.327301553996,47.6539957547484],[-122.327297520036,47.6539987321782],[-122.327293483353,47.6540017052564],[-122.327289439819,47.6540046749146],[-122.327285391036,47.654007642711],[-122.327281336669,47.6540106060179],[-122.327277278363,47.654013567797],[-122.327273214727,47.6540165249075],[-122.327269144244,47.6540194787735],[-122.32726507082,47.6540224296947],[-122.327260992131,47.6540253782279],[-122.327256905263,47.6540283223055],[-122.327252815743,47.6540312644874],[-122.327248722202,47.6540342023348],[-122.327244621809,47.654037136762],[-122.32724051744,47.6540400684335],[-122.327236407539,47.6540429973696],[-122.327232292318,47.654045921988],[-122.327228171543,47.6540488431695],[-122.327224045261,47.6540517624926],[-122.327219915217,47.6540546774778],[-122.327215779381,47.6540575897309],[-122.327211638485,47.654060497663],[-122.327207493379,47.6540634037199],[-122.327203342694,47.6540663054626],[-122.327199186736,47.6540692044665],[-122.327195026497,47.6540720991391],[-122.327190861009,47.6540749919501],[-122.327186690203,47.6540778804435],[-122.327182513868,47.654080766377],[-122.327178333273,47.6540836486809],[-122.327174147379,47.6540865273689],[-122.327169954893,47.6540894026334],[-122.327165760774,47.6540922752869],[-122.327161560057,47.6540951443416],[-122.327157353781,47.6540980097837],[-122.327153142242,47.6541008728378],[-122.327148926413,47.6541037312099],[-122.327144705315,47.6541065870186],[-122.327140479936,47.6541094384961],[-122.327136249309,47.654112288112],[-122.327132014401,47.6541151333965],[-122.327127774454,47.6541179750618],[-122.327123528719,47.6541208141706],[-122.327119277685,47.6541236496634],[-122.327115022655,47.6541264816986],[-122.327110762067,47.6541293101214],[-122.327106495951,47.6541321359842],[-122.327102226043,47.6541349564565],[-122.327097951956,47.6541377761059],[-122.327093673583,47.6541405912487],[-122.327089385996,47.654143402125],[-122.327085096801,47.6541462112673],[-122.327080802276,47.6541490157412],[-122.327076502463,47.65415181695],[-122.327072198415,47.6541546154064],[-122.327067890081,47.6541574093561],[-122.32706357518,47.6541602007594],[-122.327059256284,47.6541629887053],[-122.327054933152,47.6541657738987],[-122.327050604696,47.654168554599],[-122.327046270947,47.6541713318589],[-122.327041932677,47.6541741054927],[-122.327037589399,47.6541768765596],[-122.32703324184,47.6541796432953],[-122.327028887449,47.6541824073127],[-122.327024531888,47.6541851667824],[-122.327020169242,47.6541879237127],[-122.327015801301,47.6541906772025],[-122.327011429385,47.6541934279363],[-122.327007053418,47.6541961732831],[-122.327002671923,47.6541989160699],[-122.326998284899,47.6542016562966],[-122.326993895148,47.6542043919963],[-122.326989498804,47.6542071242725],[-122.3269850982,47.6542098529191],[-122.326980693361,47.6542125788133],[-122.326976283488,47.6542153012636],[-122.326971869075,47.654218019386],[-122.326967449622,47.6542207338891],[-122.326963025934,47.6542234456398],[-122.326958596668,47.6542261530762],[-122.326954163431,47.6542288579322],[-122.326949724895,47.6542315591723],[-122.326945282073,47.6542342559058],[-122.326940833983,47.6542369500758],[-122.326936382911,47.6542396398975],[-122.326931925266,47.6542423269975],[-122.326927463621,47.6542450104645],[-122.326922996168,47.6542476906731],[-122.326918526242,47.6542503661759],[-122.326914050787,47.6542530391187],[-122.326909570009,47.6542557075684],[-122.326905085,47.6542583734411],[-122.32690059597,47.6542610349792],[-122.326896101667,47.6542636937784],[-122.326891603078,47.6542663480709],[-122.326887098961,47.6542689998035],[-122.326882592121,47.6542716471843],[-122.326878078709,47.6542742918434],[-122.32687356231,47.6542769319787],[-122.326869040617,47.6542795686736],[-122.326864513625,47.6542822017525],[-122.326859982378,47.6542848313772],[-122.326855446895,47.6542874582494],[-122.326850907627,47.6542900799066],[-122.326846362565,47.6542926988317],[-122.326841815065,47.6542953142788],[-122.326840676092,47.6543000224711],[-122.326766970595,47.6543397621004],[-122.326691952672,47.654378365582],[-122.326615660701,47.6544158125802],[-122.326538136458,47.6544520835918],[-122.326459416824,47.6544871604066],[-122.326379541319,47.6545210261836],[-122.32629855457,47.6545536612072],[-122.326216493307,47.6545850509544],[-122.326133403799,47.6546151784963],[-122.325702733462,47.6548889115422]]},"properties":{"OBJECTID":132251,"SE_ANNO_CAD_DATA":"","F_INTR_ID":8836,"T_INTR_ID":8439,"SND_ID":11239,"SND_FEACODE":77,"CITYCODE":1,"STNAME_ID":2994,"ST_CODE":22,"ARTERIAL_CODE":0,"SEGMENT_TYPE":8,"AGENCY_CODE":1,"ACCESS_CODE":1,"DIVIDED_CODE":1,"STRUCTURE_TYPE":1,"LEGALLOC_CODE":3,"VEHICLE_USE_CODE":2,"GIS_SEG_LENGTH":2172,"L_ADRS_FROM":0,"L_ADRS_TO":0,"R_ADRS_FROM":0,"R_ADRS_TO":0,"ORD_PRE_DIR":null,"ORD_STREET_NAME":"BURKE GILMAN","ORD_STREET_TYPE":"TRL","ORD_SUF_DIR":null,"ORD_STNAME_CONCAT":"BURKE GILMAN TRL","L_CITY":"SEATTLE","L_STATE":"WA","L_ZIP":"98105","R_CITY":"SEATTLE","R_STATE":"WA","R_ZIP":"98105","SNDSEG_UPDATE":"Thu, 02 May 2019 08:53:12 GMT","COMPKEY":287245,"COMPTYPE":68,"UNITID":"05778","UNITID2":"0550"}},{"type":"Feature","id":132252,"geometry":{"type":"LineString","coordinates":[[-122.324571831538,47.6549778735418],[-122.323512862125,47.6551847200288],[-122.323384637096,47.6552097659212],[-122.323028531416,47.6552793228195],[-122.32284476951,47.6553152142286],[-122.322699641967,47.6553460245988]]},"properties":{"OBJECTID":132252,"SE_ANNO_CAD_DATA":"","F_INTR_ID":8430,"T_INTR_ID":8381,"SND_ID":11151,"SND_FEACODE":77,"CITYCODE":1,"STNAME_ID":2994,"ST_CODE":22,"ARTERIAL_CODE":0,"SEGMENT_TYPE":8,"AGENCY_CODE":1,"ACCESS_CODE":1,"DIVIDED_CODE":1,"STRUCTURE_TYPE":1,"LEGALLOC_CODE":3,"VEHICLE_USE_CODE":2,"GIS_SEG_LENGTH":481,"L_ADRS_FROM":0,"L_ADRS_TO":0,"R_ADRS_FROM":0,"R_ADRS_TO":0,"ORD_PRE_DIR":null,"ORD_STREET_NAME":"BURKE GILMAN","ORD_STREET_TYPE":"TRL","ORD_SUF_DIR":null,"ORD_STNAME_CONCAT":"BURKE GILMAN TRL","L_CITY":"SEATTLE","L_STATE":"WA","L_ZIP":"98105","R_CITY":"SEATTLE","R_STATE":"WA","R_ZIP":"98105","SNDSEG_UPDATE":"Thu, 02 May 2019 08:53:10 GMT","COMPKEY":287247,"COMPTYPE":68,"UNITID":"05778","UNITID2":"0570"}},{"type":"Feature","id":132253,"geometry":{"type":"LineString","coordinates":[[-122.271850139779,47.6928160229903],[-122.273166275698,47.6931997064424],[-122.273704890275,47.6933463880373],[-122.274260325265,47.6934347787358],[-122.275759649454,47.6936605633616],[-122.276085147167,47.6937030727306],[-122.276370141359,47.6937399499101],[-122.276605039826,47.6937909035086],[-122.276871110885,47.6938580555611],[-122.277094303358,47.6939298983137],[-122.27727496238,47.6940188723898],[-122.27742456487,47.6940957956508],[-122.277679754482,47.6942498161438],[-122.277863511469,47.6944138014452],[-122.278013070795,47.694581904444],[-122.278157480782,47.694822443211],[-122.278237799984,47.6951600326543],[-122.278213587335,47.6955128173047],[-122.278098890382,47.6958213858946],[-122.277880220077,47.6961197062461]]},"properties":{"OBJECTID":132253,"SE_ANNO_CAD_DATA":"","F_INTR_ID":4761,"T_INTR_ID":4478,"SND_ID":7679,"SND_FEACODE":77,"CITYCODE":1,"STNAME_ID":2994,"ST_CODE":22,"ARTERIAL_CODE":0,"SEGMENT_TYPE":8,"AGENCY_CODE":1,"ACCESS_CODE":1,"DIVIDED_CODE":1,"STRUCTURE_TYPE":1,"LEGALLOC_CODE":3,"VEHICLE_USE_CODE":2,"GIS_SEG_LENGTH":2278,"L_ADRS_FROM":0,"L_ADRS_TO":0,"R_ADRS_FROM":0,"R_ADRS_TO":0,"ORD_PRE_DIR":null,"ORD_STREET_NAME":"BURKE GILMAN","ORD_STREET_TYPE":"TRL","ORD_SUF_DIR":null,"ORD_STNAME_CONCAT":"BURKE GILMAN TRL","L_CITY":"SEATTLE","L_STATE":"WA","L_ZIP":"98115","R_CITY":"SEATTLE","R_STATE":"WA","R_ZIP":"98115","SNDSEG_UPDATE":"Thu, 02 May 2019 08:53:16 GMT","COMPKEY":287219,"COMPTYPE":68,"UNITID":"05778","UNITID2":"0890"}},{"type":"Feature","id":132254,"geometry":{"type":"LineString","coordinates":[[-122.333926634365,47.6468673096419],[-122.333885209533,47.6469194237284],[-122.333778451068,47.6469959234876],[-122.333630675478,47.6470556100501],[-122.333590265691,47.6470748209439],[-122.333559845818,47.6470969517744],[-122.333522552373,47.6471339789443],[-122.33351219864,47.6471433200754],[-122.333502085002,47.6471527831656],[-122.333492219893,47.6471623635412],[-122.333482601701,47.6471720592932],[-122.333473237079,47.6471818669995],[-122.333464125682,47.6471917836817],[-122.333455273099,47.6472018050543],[-122.333446680363,47.6472119309284],[-122.333438350174,47.6472221558282],[-122.333430286115,47.6472324779518],[-122.333422489902,47.6472428937668],[-122.333414963766,47.6472533995587],[-122.333407710485,47.6472639926586],[-122.333400731278,47.6472746702426],[-122.333394029627,47.6472854270002],[-122.333387606046,47.6472962627494],[-122.333381465581,47.6473071723344],[-122.333375605284,47.6473181526354],[-122.333370031789,47.6473291995287],[-122.333364064083,47.6473409307554],[-122.332219045338,47.6491727826611],[-122.331782554327,47.6498809688002],[-122.331674347848,47.6500565259044],[-122.331473952906,47.6503745726997],[-122.33154340436,47.6505020148745]]},"properties":{"OBJECTID":132254,"SE_ANNO_CAD_DATA":"","F_INTR_ID":9078,"T_INTR_ID":8836,"SND_ID":11458,"SND_FEACODE":77,"CITYCODE":1,"STNAME_ID":2994,"ST_CODE":22,"ARTERIAL_CODE":0,"SEGMENT_TYPE":8,"AGENCY_CODE":1,"ACCESS_CODE":1,"DIVIDED_CODE":1,"STRUCTURE_TYPE":1,"LEGALLOC_CODE":3,"VEHICLE_USE_CODE":2,"GIS_SEG_LENGTH":1478,"L_ADRS_FROM":0,"L_ADRS_TO":0,"R_ADRS_FROM":0,"R_ADRS_TO":0,"ORD_PRE_DIR":null,"ORD_STREET_NAME":"BURKE GILMAN","ORD_STREET_TYPE":"TRL","ORD_SUF_DIR":null,"ORD_STNAME_CONCAT":"BURKE GILMAN TRL","L_CITY":"SEATTLE","L_STATE":"WA","L_ZIP":"98103","R_CITY":"SEATTLE","R_STATE":"WA","R_ZIP":"98103","SNDSEG_UPDATE":"Thu, 02 May 2019 08:52:26 GMT","COMPKEY":287244,"COMPTYPE":68,"UNITID":"05778","UNITID2":"0540"}},{"type":"Feature","id":132255,"geometry":{"type":"LineString","coordinates":[[-122.364747630994,47.6577561805996],[-122.363937746651,47.6569309738919]]},"properties":{"OBJECTID":132255,"SE_ANNO_CAD_DATA":"","F_INTR_ID":8066,"T_INTR_ID":8162,"SND_ID":10961,"SND_FEACODE":77,"CITYCODE":1,"STNAME_ID":2994,"ST_CODE":22,"ARTERIAL_CODE":0,"SEGMENT_TYPE":8,"AGENCY_CODE":1,"ACCESS_CODE":1,"DIVIDED_CODE":1,"STRUCTURE_TYPE":1,"LEGALLOC_CODE":3,"VEHICLE_USE_CODE":2,"GIS_SEG_LENGTH":361,"L_ADRS_FROM":0,"L_ADRS_TO":0,"R_ADRS_FROM":0,"R_ADRS_TO":0,"ORD_PRE_DIR":null,"ORD_STREET_NAME":"BURKE GILMAN","ORD_STREET_TYPE":"TRL","ORD_SUF_DIR":null,"ORD_STNAME_CONCAT":"BURKE GILMAN TRL","L_CITY":"SEATTLE","L_STATE":"WA","L_ZIP":"98107","R_CITY":"SEATTLE","R_STATE":"WA","R_ZIP":"98107","SNDSEG_UPDATE":"Thu, 02 May 2019 08:53:22 GMT","COMPKEY":287191,"COMPTYPE":68,"UNITID":"05778","UNITID2":"0400"}},{"type":"Feature","id":132256,"geometry":{"type":"LineString","coordinates":[[-122.348398631274,47.7213919998711],[-122.348322943436,47.7219097832164],[-122.348326220877,47.7223093238496]]},"properties":{"OBJECTID":132256,"SE_ANNO_CAD_DATA":"","F_INTR_ID":48536,"T_INTR_ID":2907,"SND_ID":49983,"SND_FEACODE":77,"CITYCODE":1,"STNAME_ID":4022,"ST_CODE":22,"ARTERIAL_CODE":0,"SEGMENT_TYPE":8,"AGENCY_CODE":1,"ACCESS_CODE":1,"DIVIDED_CODE":1,"STRUCTURE_TYPE":1,"LEGALLOC_CODE":3,"VEHICLE_USE_CODE":2,"GIS_SEG_LENGTH":335.527966,"L_ADRS_FROM":0,"L_ADRS_TO":0,"R_ADRS_FROM":0,"R_ADRS_TO":0,"ORD_PRE_DIR":null,"ORD_STREET_NAME":"INTERURBAN","ORD_STREET_TYPE":"TRL","ORD_SUF_DIR":null,"ORD_STNAME_CONCAT":"INTERURBAN TRL","L_CITY":"SEATTLE","L_STATE":"WA","L_ZIP":"98133","R_CITY":"SEATTLE","R_STATE":"WA","R_ZIP":"98133","SNDSEG_UPDATE":"Fri, 01 Jul 2022 09:15:55 GMT","COMPKEY":519940,"COMPTYPE":68,"UNITID":"07857","UNITID2":"1250"}},{"type":"Feature","id":132257,"geometry":{"type":"LineString","coordinates":[[-122.301893393035,47.6580923763873],[-122.301825225464,47.6585376934703],[-122.301821652737,47.6586158481153],[-122.301806521272,47.6586941519667],[-122.301808947412,47.658780040544],[-122.301801090881,47.6595099706647],[-122.301801777687,47.6596443080141],[-122.301803713705,47.6598228590084],[-122.301807020602,47.6599399802893],[-122.301809666073,47.6600336771389],[-122.301834566166,47.6601492893246]]},"properties":{"OBJECTID":132257,"SE_ANNO_CAD_DATA":"","F_INTR_ID":48512,"T_INTR_ID":7913,"SND_ID":49947,"SND_FEACODE":77,"CITYCODE":1,"STNAME_ID":2994,"ST_CODE":22,"ARTERIAL_CODE":0,"SEGMENT_TYPE":8,"AGENCY_CODE":1,"ACCESS_CODE":1,"DIVIDED_CODE":1,"STRUCTURE_TYPE":1,"LEGALLOC_CODE":3,"VEHICLE_USE_CODE":2,"GIS_SEG_LENGTH":751.886655,"L_ADRS_FROM":0,"L_ADRS_TO":0,"R_ADRS_FROM":0,"R_ADRS_TO":0,"ORD_PRE_DIR":null,"ORD_STREET_NAME":"BURKE GILMAN","ORD_STREET_TYPE":"TRL","ORD_SUF_DIR":null,"ORD_STNAME_CONCAT":"BURKE GILMAN TRL","L_CITY":"SEATTLE","L_STATE":"WA","L_ZIP":"98195","R_CITY":"SEATTLE","R_STATE":"WA","R_ZIP":"98195","SNDSEG_UPDATE":"Thu, 10 Mar 2022 17:54:07 GMT","COMPKEY":287259,"COMPTYPE":68,"UNITID":"05778","UNITID2":"0640"}},{"type":"Feature","id":132258,"geometry":{"type":"LineString","coordinates":[[-122.301203996265,47.5903188012845],[-122.30084855642,47.5903357472587],[-122.300720471628,47.59032801589],[-122.300590423416,47.5903077955302],[-122.300458512541,47.5902714142064],[-122.300324426254,47.5902178398705],[-122.300191577117,47.5901360143992],[-122.300022731191,47.5900320180764],[-122.300014886345,47.5900278966583]]},"properties":{"OBJECTID":132258,"SE_ANNO_CAD_DATA":"","F_INTR_ID":13045,"T_INTR_ID":46054,"SND_ID":46041,"SND_FEACODE":77,"CITYCODE":1,"STNAME_ID":3808,"ST_CODE":22,"ARTERIAL_CODE":0,"SEGMENT_TYPE":8,"AGENCY_CODE":1,"ACCESS_CODE":1,"DIVIDED_CODE":1,"STRUCTURE_TYPE":1,"LEGALLOC_CODE":3,"VEHICLE_USE_CODE":2,"GIS_SEG_LENGTH":329.297106,"L_ADRS_FROM":0,"L_ADRS_TO":0,"R_ADRS_FROM":0,"R_ADRS_TO":0,"ORD_PRE_DIR":null,"ORD_STREET_NAME":"MOUNTAINS TO SOUND","ORD_STREET_TYPE":"TRL","ORD_SUF_DIR":null,"ORD_STNAME_CONCAT":"MOUNTAINS TO SOUND TRL","L_CITY":"SEATTLE","L_STATE":"WA","L_ZIP":"98144","R_CITY":"SEATTLE","R_STATE":"WA","R_ZIP":"98144","SNDSEG_UPDATE":"Wed, 01 Feb 2023 17:09:57 GMT","COMPKEY":287022,"COMPTYPE":68,"UNITID":"08767","UNITID2":"0240"}},{"type":"Feature","id":132259,"geometry":{"type":"LineString","coordinates":[[-122.376105915443,47.5856534098327],[-122.376396414844,47.5859459579276],[-122.379591867918,47.5882466297645],[-122.379594425106,47.5883327190561],[-122.380334453126,47.5888356558495],[-122.380490039308,47.5888560066152],[-122.380875504863,47.5891615585555],[-122.381215935113,47.5894415090618],[-122.381317250036,47.589586527207],[-122.381561374618,47.5898898955643],[-122.381828282907,47.5904891303525],[-122.381874217068,47.5905446736766],[-122.381959214631,47.5906109169084],[-122.382024086772,47.5907448371879],[-122.38267427289,47.5921326906501],[-122.383194510932,47.593245217009],[-122.383543269341,47.5939893693971],[-122.383575283973,47.5941349693309],[-122.383851811469,47.5944981641816],[-122.384140704876,47.5947188971407],[-122.384456264476,47.5949055650114],[-122.384685925376,47.594996046731],[-122.384780105641,47.5949985074224],[-122.384862906176,47.5950256990175]]},"properties":{"OBJECTID":132259,"SE_ANNO_CAD_DATA":"","F_INTR_ID":48616,"T_INTR_ID":46402,"SND_ID":44230,"SND_FEACODE":77,"CITYCODE":1,"STNAME_ID":2957,"ST_CODE":22,"ARTERIAL_CODE":0,"SEGMENT_TYPE":8,"AGENCY_CODE":1,"ACCESS_CODE":1,"DIVIDED_CODE":1,"STRUCTURE_TYPE":1,"LEGALLOC_CODE":3,"VEHICLE_USE_CODE":2,"GIS_SEG_LENGTH":5977,"L_ADRS_FROM":0,"L_ADRS_TO":0,"R_ADRS_FROM":0,"R_ADRS_TO":0,"ORD_PRE_DIR":null,"ORD_STREET_NAME":"ALKI","ORD_STREET_TYPE":"TRL","ORD_SUF_DIR":null,"ORD_STNAME_CONCAT":"ALKI TRL","L_CITY":"SEATTLE","L_STATE":"WA","L_ZIP":"98126","R_CITY":"SEATTLE","R_STATE":"WA","R_ZIP":"98126","SNDSEG_UPDATE":"Thu, 09 Mar 2023 17:28:31 GMT","COMPKEY":287003,"COMPTYPE":68,"UNITID":"05096","UNITID2":"0310"}},{"type":"Feature","id":132260,"geometry":{"type":"LineString","coordinates":[[-122.324571831538,47.6549778735418],[-122.324570826463,47.6550494115999],[-122.324569842057,47.6551195333739]]},"properties":{"OBJECTID":132260,"SE_ANNO_CAD_DATA":"","F_INTR_ID":8430,"T_INTR_ID":8411,"SND_ID":11159,"SND_FEACODE":77,"CITYCODE":1,"STNAME_ID":420,"ST_CODE":22,"ARTERIAL_CODE":0,"SEGMENT_TYPE":8,"AGENCY_CODE":1,"ACCESS_CODE":1,"DIVIDED_CODE":1,"STRUCTURE_TYPE":1,"LEGALLOC_CODE":1,"VEHICLE_USE_CODE":2,"GIS_SEG_LENGTH":52,"L_ADRS_FROM":3897,"L_ADRS_TO":3899,"R_ADRS_FROM":3896,"R_ADRS_TO":3898,"ORD_PRE_DIR":null,"ORD_STREET_NAME":"4TH","ORD_STREET_TYPE":"AVE","ORD_SUF_DIR":"NE","ORD_STNAME_CONCAT":"4TH AVE NE","L_CITY":"SEATTLE","L_STATE":"WA","L_ZIP":"98105","R_CITY":"SEATTLE","R_STATE":"WA","R_ZIP":"98105","SNDSEG_UPDATE":"Fri, 24 May 2024 16:18:21 GMT","COMPKEY":0,"COMPTYPE":0,"UNITID":"0","UNITID2":"0"}},{"type":"Feature","id":132261,"geometry":{"type":"LineString","coordinates":[[-122.362192397181,47.5713439764269],[-122.362268992414,47.5712234191356],[-122.362297338364,47.5708837040249],[-122.36226654016,47.5708198056212],[-122.362228356667,47.5707518403838],[-122.362240946638,47.5701980298939],[-122.362015773424,47.5701586047661]]},"properties":{"OBJECTID":132261,"SE_ANNO_CAD_DATA":"","F_INTR_ID":14463,"T_INTR_ID":14669,"SND_ID":27418,"SND_FEACODE":77,"CITYCODE":1,"STNAME_ID":154,"ST_CODE":22,"ARTERIAL_CODE":0,"SEGMENT_TYPE":8,"AGENCY_CODE":1,"ACCESS_CODE":1,"DIVIDED_CODE":1,"STRUCTURE_TYPE":1,"LEGALLOC_CODE":1,"VEHICLE_USE_CODE":2,"GIS_SEG_LENGTH":482,"L_ADRS_FROM":3602,"L_ADRS_TO":3798,"R_ADRS_FROM":3601,"R_ADRS_TO":3799,"ORD_PRE_DIR":null,"ORD_STREET_NAME":"23RD","ORD_STREET_TYPE":"AVE","ORD_SUF_DIR":"SW","ORD_STNAME_CONCAT":"23RD AVE SW","L_CITY":"SEATTLE","L_STATE":"WA","L_ZIP":"98106","R_CITY":"SEATTLE","R_STATE":"WA","R_ZIP":"98106","SNDSEG_UPDATE":"Thu, 15 May 2025 16:12:10 GMT","COMPKEY":613165,"COMPTYPE":68,"UNITID":"06002","UNITID2":"0100"}},{"type":"Feature","id":132262,"geometry":{"type":"LineString","coordinates":[[-122.304862951131,47.6509873335828],[-122.304745032534,47.6510526470558],[-122.304643146144,47.6511181095047],[-122.304524154259,47.6512077142102],[-122.304460289771,47.6512537630158],[-122.304225900493,47.6514564616364],[-122.304196055371,47.6514807421612],[-122.304172712069,47.6514997328736],[-122.304121283695,47.6515439612734],[-122.304071646972,47.6515891162464],[-122.304030554963,47.6516285322691],[-122.303984344608,47.6516753170991],[-122.303940026813,47.6517229322672],[-122.303897637685,47.6517713411587],[-122.303857203489,47.6518205081641],[-122.303824127444,47.6518632290841],[-122.30378740726,47.651913708481],[-122.303752726615,47.6519648424206],[-122.303741149696,47.6519830846292],[-122.303702636166,47.6520519273155],[-122.303655565993,47.6521247847027],[-122.30354057614,47.6523508319676],[-122.303465149595,47.6525451253387],[-122.303404608414,47.6527548469611],[-122.30339788254,47.6527962938231]]},"properties":{"OBJECTID":132262,"SE_ANNO_CAD_DATA":"","F_INTR_ID":8831,"T_INTR_ID":8692,"SND_ID":50297,"SND_FEACODE":77,"CITYCODE":1,"STNAME_ID":2994,"ST_CODE":22,"ARTERIAL_CODE":0,"SEGMENT_TYPE":8,"AGENCY_CODE":1,"ACCESS_CODE":1,"DIVIDED_CODE":1,"STRUCTURE_TYPE":1,"LEGALLOC_CODE":3,"VEHICLE_USE_CODE":2,"GIS_SEG_LENGTH":769.518671,"L_ADRS_FROM":0,"L_ADRS_TO":0,"R_ADRS_FROM":0,"R_ADRS_TO":0,"ORD_PRE_DIR":null,"ORD_STREET_NAME":"BURKE GILMAN","ORD_STREET_TYPE":"TRL","ORD_SUF_DIR":null,"ORD_STNAME_CONCAT":"BURKE GILMAN TRL","L_CITY":"SEATTLE","L_STATE":"WA","L_ZIP":"98195","R_CITY":"SEATTLE","R_STATE":"WA","R_ZIP":"98195","SNDSEG_UPDATE":"Wed, 04 Feb 2026 09:34:33 GMT","COMPKEY":287259,"COMPTYPE":68,"UNITID":"05778","UNITID2":"0640"}},{"type":"Feature","id":132263,"geometry":{"type":"LineString","coordinates":[[-122.305877752147,47.6510895401356],[-122.305641280198,47.6511623338839],[-122.305546576152,47.6511766501384],[-122.305458679342,47.6511825461801],[-122.305331678419,47.6511758575072],[-122.305225501672,47.6511581881476],[-122.305131245087,47.6511260833031],[-122.305017049149,47.6510740051991],[-122.304862951131,47.6509873335828]]},"properties":{"OBJECTID":132263,"SE_ANNO_CAD_DATA":"","F_INTR_ID":48941,"T_INTR_ID":8831,"SND_ID":50532,"SND_FEACODE":77,"CITYCODE":1,"STNAME_ID":3370,"ST_CODE":22,"ARTERIAL_CODE":0,"SEGMENT_TYPE":8,"AGENCY_CODE":6,"ACCESS_CODE":1,"DIVIDED_CODE":1,"STRUCTURE_TYPE":1,"LEGALLOC_CODE":3,"VEHICLE_USE_CODE":2,"GIS_SEG_LENGTH":277.476556,"L_ADRS_FROM":0,"L_ADRS_TO":0,"R_ADRS_FROM":0,"R_ADRS_TO":0,"ORD_PRE_DIR":null,"ORD_STREET_NAME":"UW BIKE","ORD_STREET_TYPE":"TRL","ORD_SUF_DIR":null,"ORD_STNAME_CONCAT":"UW BIKE TRL","L_CITY":"SEATTLE","L_STATE":"WA","L_ZIP":"98195","R_CITY":"SEATTLE","R_STATE":"WA","R_ZIP":"98195","SNDSEG_UPDATE":"Wed, 04 Feb 2026 09:40:05 GMT","COMPKEY":0,"COMPTYPE":0,"UNITID":"0","UNITID2":"0"}},{"type":"Feature","id":132264,"geometry":{"type":"LineString","coordinates":[[-122.32725567297,47.5923994153758],[-122.3270400924,47.5923167037941],[-122.327034206461,47.5905871573876],[-122.327034300415,47.589374719018],[-122.327081955679,47.5890599209202],[-122.327161793238,47.5887270010606],[-122.32724055152,47.5884324446263],[-122.327294698282,47.5881160865144],[-122.327301876547,47.5863150367944],[-122.327397141118,47.5861754078186]]},"properties":{"OBJECTID":132264,"SE_ANNO_CAD_DATA":"","F_INTR_ID":46877,"T_INTR_ID":46876,"SND_ID":48355,"SND_FEACODE":77,"CITYCODE":1,"STNAME_ID":4102,"ST_CODE":22,"ARTERIAL_CODE":0,"SEGMENT_TYPE":8,"AGENCY_CODE":1,"ACCESS_CODE":1,"DIVIDED_CODE":1,"STRUCTURE_TYPE":1,"LEGALLOC_CODE":3,"VEHICLE_USE_CODE":2,"GIS_SEG_LENGTH":2311,"L_ADRS_FROM":0,"L_ADRS_TO":0,"R_ADRS_FROM":0,"R_ADRS_TO":0,"ORD_PRE_DIR":null,"ORD_STREET_NAME":"SODO","ORD_STREET_TYPE":"TRL","ORD_SUF_DIR":null,"ORD_STNAME_CONCAT":"SODO TRL","L_CITY":"SEATTLE","L_STATE":"WA","L_ZIP":"98134","R_CITY":"SEATTLE","R_STATE":"WA","R_ZIP":"98134","SNDSEG_UPDATE":"Thu, 20 Jul 2017 12:11:32 GMT","COMPKEY":581781,"COMPTYPE":68,"UNITID":"09697","UNITID2":"0120"}},{"type":"Feature","id":132265,"geometry":{"type":"LineString","coordinates":[[-122.309542722996,47.589632301603],[-122.309396362831,47.5895377079153],[-122.309342283057,47.5895124173515],[-122.309200762128,47.5894897063588],[-122.3089273188,47.589481702281],[-122.308621952021,47.5894769985608],[-122.308188684125,47.5894782856836],[-122.307966531156,47.5894725020475],[-122.307633303488,47.5894638260211],[-122.307528425114,47.5894536337353],[-122.307376195515,47.5894296134359],[-122.307269099346,47.5894165618303],[-122.306790697482,47.5894068768529]]},"properties":{"OBJECTID":132265,"SE_ANNO_CAD_DATA":"","F_INTR_ID":13101,"T_INTR_ID":47047,"SND_ID":48062,"SND_FEACODE":77,"CITYCODE":1,"STNAME_ID":4020,"ST_CODE":22,"ARTERIAL_CODE":0,"SEGMENT_TYPE":8,"AGENCY_CODE":1,"ACCESS_CODE":1,"DIVIDED_CODE":1,"STRUCTURE_TYPE":1,"LEGALLOC_CODE":3,"VEHICLE_USE_CODE":2,"GIS_SEG_LENGTH":699,"L_ADRS_FROM":0,"L_ADRS_TO":0,"R_ADRS_FROM":0,"R_ADRS_TO":0,"ORD_PRE_DIR":null,"ORD_STREET_NAME":"MTS S RAINIER CONNCT","ORD_STREET_TYPE":"TRL","ORD_SUF_DIR":null,"ORD_STNAME_CONCAT":"MTS S RAINIER CONNCT TRL","L_CITY":"SEATTLE","L_STATE":"WA","L_ZIP":"98144","R_CITY":"SEATTLE","R_STATE":"WA","R_ZIP":"98144","SNDSEG_UPDATE":"Wed, 19 Jul 2017 08:44:55 GMT","COMPKEY":519925,"COMPTYPE":68,"UNITID":"08771","UNITID2":"0180"}},{"type":"Feature","id":132266,"geometry":{"type":"LineString","coordinates":[[-122.276351197089,47.5210225286304],[-122.276276630049,47.5208797097468],[-122.27622497257,47.5208673308032],[-122.276163396699,47.5208442150398],[-122.27612414154,47.5208164699983],[-122.275913385793,47.5205019555623],[-122.275571329263,47.5197307035351],[-122.275547865998,47.5196940677206],[-122.275536386742,47.5196769312276],[-122.275522178312,47.5196625174831],[-122.275502436907,47.5196477998481],[-122.27547885686,47.5196341122648],[-122.275221259344,47.5194809599417],[-122.275181466369,47.519433669443],[-122.275160510986,47.5193974776388],[-122.275147543124,47.5193667508689],[-122.275143188672,47.5193333331882],[-122.275145801049,47.519303769902],[-122.275138908203,47.5190604726844]]},"properties":{"OBJECTID":132266,"SE_ANNO_CAD_DATA":"","F_INTR_ID":18393,"T_INTR_ID":47224,"SND_ID":48259,"SND_FEACODE":77,"CITYCODE":1,"STNAME_ID":3800,"ST_CODE":22,"ARTERIAL_CODE":0,"SEGMENT_TYPE":8,"AGENCY_CODE":1,"ACCESS_CODE":1,"DIVIDED_CODE":1,"STRUCTURE_TYPE":1,"LEGALLOC_CODE":3,"VEHICLE_USE_CODE":2,"GIS_SEG_LENGTH":805,"L_ADRS_FROM":0,"L_ADRS_TO":0,"R_ADRS_FROM":0,"R_ADRS_TO":0,"ORD_PRE_DIR":null,"ORD_STREET_NAME":"CHIEF SEALTH","ORD_STREET_TYPE":"TRL","ORD_SUF_DIR":null,"ORD_STNAME_CONCAT":"CHIEF SEALTH TRL","L_CITY":"SEATTLE","L_STATE":"WA","L_ZIP":"98118","R_CITY":"SEATTLE","R_STATE":"WA","R_ZIP":"98118","SNDSEG_UPDATE":"Thu, 20 Jul 2017 12:09:04 GMT","COMPKEY":613149,"COMPTYPE":68,"UNITID":"05919","UNITID2":"0915"}},{"type":"Feature","id":132267,"geometry":{"type":"LineString","coordinates":[[-122.327886605706,47.6251192283746],[-122.32791145136,47.6260945053135]]},"properties":{"OBJECTID":132267,"SE_ANNO_CAD_DATA":"","F_INTR_ID":10882,"T_INTR_ID":10825,"SND_ID":43679,"SND_FEACODE":77,"CITYCODE":1,"STNAME_ID":3182,"ST_CODE":22,"ARTERIAL_CODE":0,"SEGMENT_TYPE":8,"AGENCY_CODE":1,"ACCESS_CODE":1,"DIVIDED_CODE":1,"STRUCTURE_TYPE":1,"LEGALLOC_CODE":3,"VEHICLE_USE_CODE":2,"GIS_SEG_LENGTH":356,"L_ADRS_FROM":0,"L_ADRS_TO":0,"R_ADRS_FROM":0,"R_ADRS_TO":0,"ORD_PRE_DIR":null,"ORD_STREET_NAME":"MELROSE CONNECTOR","ORD_STREET_TYPE":"TRL","ORD_SUF_DIR":null,"ORD_STNAME_CONCAT":"MELROSE CONNECTOR TRL","L_CITY":"SEATTLE","L_STATE":"WA","L_ZIP":"98102","R_CITY":"SEATTLE","R_STATE":"WA","R_ZIP":"98102","SNDSEG_UPDATE":"Thu, 20 Jul 2017 12:11:24 GMT","COMPKEY":287046,"COMPTYPE":68,"UNITID":"08612","UNITID2":"0070"}},{"type":"Feature","id":132268,"geometry":{"type":"LineString","coordinates":[[-122.371263665994,47.6555173965249],[-122.371197352066,47.6556398057872],[-122.371630473952,47.6558339676894],[-122.372022824147,47.6559616154497],[-122.372329485622,47.65603972548],[-122.372745184097,47.6560999104404],[-122.373001222836,47.656112899724],[-122.373220754575,47.6561263827599],[-122.373464382435,47.6561313144642],[-122.373546589947,47.6561302035922]]},"properties":{"OBJECTID":132268,"SE_ANNO_CAD_DATA":"","F_INTR_ID":8286,"T_INTR_ID":8238,"SND_ID":48320,"SND_FEACODE":77,"CITYCODE":1,"STNAME_ID":3297,"ST_CODE":22,"ARTERIAL_CODE":0,"SEGMENT_TYPE":8,"AGENCY_CODE":1,"ACCESS_CODE":1,"DIVIDED_CODE":1,"STRUCTURE_TYPE":1,"LEGALLOC_CODE":3,"VEHICLE_USE_CODE":2,"GIS_SEG_LENGTH":666,"L_ADRS_FROM":0,"L_ADRS_TO":0,"R_ADRS_FROM":0,"R_ADRS_TO":0,"ORD_PRE_DIR":null,"ORD_STREET_NAME":"SHIP CANAL","ORD_STREET_TYPE":"TRL","ORD_SUF_DIR":null,"ORD_STNAME_CONCAT":"SHIP CANAL TRL","L_CITY":"SEATTLE","L_STATE":"WA","L_ZIP":"98119","R_CITY":"SEATTLE","R_STATE":"WA","R_ZIP":"98119","SNDSEG_UPDATE":"Thu, 20 Jul 2017 12:08:30 GMT","COMPKEY":575704,"COMPTYPE":68,"UNITID":"09667","UNITID2":"1100"}},{"type":"Feature","id":132269,"geometry":{"type":"LineString","coordinates":[[-122.325471915818,47.5333988381079],[-122.325379127052,47.5333466200578],[-122.322905270293,47.5333273127747],[-122.322799849394,47.5333781830544]]},"properties":{"OBJECTID":132269,"SE_ANNO_CAD_DATA":"","F_INTR_ID":17482,"T_INTR_ID":17487,"SND_ID":49198,"SND_FEACODE":77,"CITYCODE":1,"STNAME_ID":4250,"ST_CODE":22,"ARTERIAL_CODE":0,"SEGMENT_TYPE":8,"AGENCY_CODE":1,"ACCESS_CODE":1,"DIVIDED_CODE":1,"STRUCTURE_TYPE":1,"LEGALLOC_CODE":3,"VEHICLE_USE_CODE":2,"GIS_SEG_LENGTH":673,"L_ADRS_FROM":0,"L_ADRS_TO":0,"R_ADRS_FROM":0,"R_ADRS_TO":0,"ORD_PRE_DIR":null,"ORD_STREET_NAME":"WEST DUWAMISH","ORD_STREET_TYPE":"TRL","ORD_SUF_DIR":null,"ORD_STNAME_CONCAT":"WEST DUWAMISH TRL","L_CITY":"SEATTLE","L_STATE":"WA","L_ZIP":"98108","R_CITY":"SEATTLE","R_STATE":"WA","R_ZIP":"98108","SNDSEG_UPDATE":"Fri, 09 Dec 2016 11:06:11 GMT","COMPKEY":664305,"COMPTYPE":68,"UNITID":"06488","UNITID2":"0070"}},{"type":"Feature","id":132270,"geometry":{"type":"LineString","coordinates":[[-122.351517991405,47.5611557814079],[-122.351558294673,47.5616280176064],[-122.352388939203,47.5641129098778],[-122.35261416991,47.5640940102662]]},"properties":{"OBJECTID":132270,"SE_ANNO_CAD_DATA":"","F_INTR_ID":15328,"T_INTR_ID":15124,"SND_ID":27982,"SND_FEACODE":77,"CITYCODE":1,"STNAME_ID":3040,"ST_CODE":22,"ARTERIAL_CODE":0,"SEGMENT_TYPE":8,"AGENCY_CODE":1,"ACCESS_CODE":1,"DIVIDED_CODE":1,"STRUCTURE_TYPE":1,"LEGALLOC_CODE":3,"VEHICLE_USE_CODE":2,"GIS_SEG_LENGTH":1158,"L_ADRS_FROM":0,"L_ADRS_TO":0,"R_ADRS_FROM":0,"R_ADRS_TO":0,"ORD_PRE_DIR":null,"ORD_STREET_NAME":"DUWAMISH RIVER","ORD_STREET_TYPE":"TRL","ORD_SUF_DIR":null,"ORD_STNAME_CONCAT":"DUWAMISH RIVER TRL","L_CITY":"SEATTLE","L_STATE":"WA","L_ZIP":"98106","R_CITY":"SEATTLE","R_STATE":"WA","R_ZIP":"98106","SNDSEG_UPDATE":"Wed, 19 Jul 2017 08:46:12 GMT","COMPKEY":286965,"COMPTYPE":68,"UNITID":"06487","UNITID2":"0420"}},{"type":"Feature","id":132271,"geometry":{"type":"LineString","coordinates":[[-122.354876200877,47.6150335938406],[-122.35527987117,47.6151833447726],[-122.356240615112,47.6157866825099],[-122.357604473058,47.6168243771302]]},"properties":{"OBJECTID":132271,"SE_ANNO_CAD_DATA":"","F_INTR_ID":11588,"T_INTR_ID":11489,"SND_ID":47200,"SND_FEACODE":77,"CITYCODE":1,"STNAME_ID":3053,"ST_CODE":22,"ARTERIAL_CODE":0,"SEGMENT_TYPE":8,"AGENCY_CODE":1,"ACCESS_CODE":1,"DIVIDED_CODE":1,"STRUCTURE_TYPE":1,"LEGALLOC_CODE":3,"VEHICLE_USE_CODE":2,"GIS_SEG_LENGTH":943,"L_ADRS_FROM":0,"L_ADRS_TO":0,"R_ADRS_FROM":0,"R_ADRS_TO":0,"ORD_PRE_DIR":null,"ORD_STREET_NAME":"ELLIOTT BAY","ORD_STREET_TYPE":"TRL","ORD_SUF_DIR":null,"ORD_STNAME_CONCAT":"ELLIOTT BAY TRL","L_CITY":"SEATTLE","L_STATE":"WA","L_ZIP":"98121","R_CITY":"SEATTLE","R_STATE":"WA","R_ZIP":"98121","SNDSEG_UPDATE":"Thu, 20 Jul 2017 12:11:44 GMT","COMPKEY":287052,"COMPTYPE":68,"UNITID":"06561","UNITID2":"0010"}},{"type":"Feature","id":132272,"geometry":{"type":"LineString","coordinates":[[-122.342957924775,47.5410865019705],[-122.342594902477,47.5407594899002],[-122.34258930329,47.5407549278411],[-122.342583697776,47.5407503709551],[-122.342578081778,47.5407458189462],[-122.342572455052,47.5407412723442],[-122.342566822009,47.540736731266],[-122.342561178502,47.5407321957667],[-122.342555524502,47.5407276647937],[-122.34254986263,47.5407231393653],[-122.342544190553,47.5407186195121],[-122.342538509045,47.5407141050487],[-122.342532819644,47.5407095954281],[-122.342527120059,47.5407050920845],[-122.342521411281,47.5407005934254],[-122.342515693071,47.5406961001561],[-122.342509965952,47.5406916124449],[-122.342504229666,47.5406871302954],[-122.342498484186,47.5406826528305],[-122.342492728528,47.540678181818],[-122.342486966003,47.5406737152837],[-122.342481193015,47.5406692543282],[-122.342475411114,47.5406647987556],[-122.342469618754,47.5406603489371],[-122.342463818258,47.5406559044912],[-122.342458008853,47.5406514656034],[-122.34245219028,47.5406470322772],[-122.342446362819,47.5406426052109],[-122.34244052588,47.5406381819556],[-122.342434679774,47.5406337642617],[-122.342428826079,47.5406293529861],[-122.342422961922,47.5406249472892],[-122.342417088332,47.540620546982],[-122.342411205834,47.5406161522329],[-122.342405315438,47.5406117621512],[-122.342399413304,47.5406073783672],[-122.342393506147,47.5406030000898],[-122.342387588268,47.5405986273946],[-122.342381661481,47.5405942602576],[-122.342375725241,47.5405898978085],[-122.342369780138,47.5405855424965],[-122.342363827138,47.5405811918517],[-122.342357863699,47.5405768476628],[-122.342351892363,47.5405725081412],[-122.342345912113,47.5405681740024],[-122.342339922462,47.5405638463058],[-122.342333925172,47.540559523273],[-122.342327917444,47.5405552066961],[-122.342321901869,47.5405508965407],[-122.342315875801,47.5405465909116],[-122.342309843156,47.5405422908097],[-122.342303800047,47.5405379962866],[-122.342297749376,47.5405337090586],[-122.342291689507,47.5405294263398],[-122.34228562174,47.5405251482882],[-122.34227954356,47.5405208775696],[-122.342273457508,47.5405166123954],[-122.342267362258,47.5405123517303],[-122.342261257871,47.5405080976793],[-122.342255145891,47.5405038498709],[-122.342249024742,47.5404996076241],[-122.342242894401,47.5404953700618],[-122.342236757528,47.5404911396055],[-122.342230608877,47.5404869140434],[-122.342224452374,47.5404826947274],[-122.342218288257,47.5404784809524],[-122.342212114992,47.5404742734406],[-122.342205933602,47.5404700716521],[-122.342199743556,47.5404658752428],[-122.342193544084,47.5404616843986],[-122.342181391291,47.540352977702]]},"properties":{"OBJECTID":132272,"SE_ANNO_CAD_DATA":"","F_INTR_ID":16930,"T_INTR_ID":16979,"SND_ID":44224,"SND_FEACODE":77,"CITYCODE":1,"STNAME_ID":3040,"ST_CODE":22,"ARTERIAL_CODE":0,"SEGMENT_TYPE":8,"AGENCY_CODE":1,"ACCESS_CODE":1,"DIVIDED_CODE":1,"STRUCTURE_TYPE":1,"LEGALLOC_CODE":3,"VEHICLE_USE_CODE":2,"GIS_SEG_LENGTH":336,"L_ADRS_FROM":0,"L_ADRS_TO":0,"R_ADRS_FROM":0,"R_ADRS_TO":0,"ORD_PRE_DIR":null,"ORD_STREET_NAME":"DUWAMISH RIVER","ORD_STREET_TYPE":"TRL","ORD_SUF_DIR":null,"ORD_STNAME_CONCAT":"DUWAMISH RIVER TRL","L_CITY":"SEATTLE","L_STATE":"WA","L_ZIP":"98106","R_CITY":"SEATTLE","R_STATE":"WA","R_ZIP":"98106","SNDSEG_UPDATE":"Wed, 19 Jul 2017 08:46:23 GMT","COMPKEY":286969,"COMPTYPE":68,"UNITID":"06487","UNITID2":"0690"}},{"type":"Feature","id":132273,"geometry":{"type":"LineString","coordinates":[[-122.35765166126,47.5713224964326],[-122.357977515706,47.5713389563541]]},"properties":{"OBJECTID":132273,"SE_ANNO_CAD_DATA":"","F_INTR_ID":46390,"T_INTR_ID":46404,"SND_ID":47198,"SND_FEACODE":77,"CITYCODE":1,"STNAME_ID":3040,"ST_CODE":22,"ARTERIAL_CODE":0,"SEGMENT_TYPE":8,"AGENCY_CODE":1,"ACCESS_CODE":1,"DIVIDED_CODE":1,"STRUCTURE_TYPE":1,"LEGALLOC_CODE":3,"VEHICLE_USE_CODE":2,"GIS_SEG_LENGTH":81,"L_ADRS_FROM":0,"L_ADRS_TO":0,"R_ADRS_FROM":0,"R_ADRS_TO":0,"ORD_PRE_DIR":null,"ORD_STREET_NAME":"DUWAMISH RIVER","ORD_STREET_TYPE":"TRL","ORD_SUF_DIR":null,"ORD_STNAME_CONCAT":"DUWAMISH RIVER TRL","L_CITY":"SEATTLE","L_STATE":"WA","L_ZIP":"98106","R_CITY":"SEATTLE","R_STATE":"WA","R_ZIP":"98106","SNDSEG_UPDATE":"Wed, 19 Jul 2017 08:46:31 GMT","COMPKEY":286963,"COMPTYPE":68,"UNITID":"06487","UNITID2":"0362"}},{"type":"Feature","id":132274,"geometry":{"type":"LineString","coordinates":[[-122.32791145136,47.6260945053135],[-122.327931164225,47.6263620450454],[-122.327922922595,47.626453089932],[-122.32788764318,47.6265652050136],[-122.327816987158,47.6266829197178],[-122.327780273525,47.6267549034349],[-122.327761523682,47.6268385690525],[-122.327760532582,47.6269267677712],[-122.327780685541,47.6270146888814],[-122.327786332401,47.6270884995504],[-122.327792388948,47.6271766057371],[-122.327746232136,47.6274708404351],[-122.327590719553,47.6278118690333]]},"properties":{"OBJECTID":132274,"SE_ANNO_CAD_DATA":"","F_INTR_ID":10825,"T_INTR_ID":46895,"SND_ID":43687,"SND_FEACODE":77,"CITYCODE":1,"STNAME_ID":3182,"ST_CODE":22,"ARTERIAL_CODE":0,"SEGMENT_TYPE":8,"AGENCY_CODE":1,"ACCESS_CODE":1,"DIVIDED_CODE":1,"STRUCTURE_TYPE":1,"LEGALLOC_CODE":3,"VEHICLE_USE_CODE":2,"GIS_SEG_LENGTH":640,"L_ADRS_FROM":0,"L_ADRS_TO":0,"R_ADRS_FROM":0,"R_ADRS_TO":0,"ORD_PRE_DIR":null,"ORD_STREET_NAME":"MELROSE CONNECTOR","ORD_STREET_TYPE":"TRL","ORD_SUF_DIR":null,"ORD_STNAME_CONCAT":"MELROSE CONNECTOR TRL","L_CITY":"SEATTLE","L_STATE":"WA","L_ZIP":"98102","R_CITY":"SEATTLE","R_STATE":"WA","R_ZIP":"98102","SNDSEG_UPDATE":"Thu, 20 Jul 2017 12:11:20 GMT","COMPKEY":287047,"COMPTYPE":68,"UNITID":"08612","UNITID2":"0073"}},{"type":"Feature","id":132275,"geometry":{"type":"LineString","coordinates":[[-122.351408651776,47.5715129819084],[-122.35147339612,47.5716026409647],[-122.351538594398,47.5716469003832],[-122.351625739261,47.5716814631005],[-122.351730597576,47.5717189829417],[-122.351954430708,47.5717853555457]]},"properties":{"OBJECTID":132275,"SE_ANNO_CAD_DATA":"","F_INTR_ID":46589,"T_INTR_ID":46591,"SND_ID":47765,"SND_FEACODE":77,"CITYCODE":1,"STNAME_ID":3952,"ST_CODE":22,"ARTERIAL_CODE":0,"SEGMENT_TYPE":8,"AGENCY_CODE":1,"ACCESS_CODE":1,"DIVIDED_CODE":1,"STRUCTURE_TYPE":1,"LEGALLOC_CODE":3,"VEHICLE_USE_CODE":2,"GIS_SEG_LENGTH":174,"L_ADRS_FROM":0,"L_ADRS_TO":0,"R_ADRS_FROM":0,"R_ADRS_TO":0,"ORD_PRE_DIR":null,"ORD_STREET_NAME":"WEST SEATTLE BR NR","ORD_STREET_TYPE":"TRL","ORD_SUF_DIR":null,"ORD_STNAME_CONCAT":"WEST SEATTLE BR NR TRL","L_CITY":"SEATTLE","L_STATE":"WA","L_ZIP":"98134","R_CITY":"SEATTLE","R_STATE":"WA","R_ZIP":"98134","SNDSEG_UPDATE":"Tue, 18 Jul 2017 16:22:21 GMT","COMPKEY":493253,"COMPTYPE":68,"UNITID":"10419","UNITID2":"0129"}},{"type":"Feature","id":132276,"geometry":{"type":"LineString","coordinates":[[-122.296083644145,47.5499143656672],[-122.296085157028,47.5498723222833],[-122.296088660695,47.5498379996327],[-122.296099805911,47.5498106351489],[-122.296125751142,47.5497800567145],[-122.296165206331,47.5497533363848],[-122.296294759304,47.5497002521774],[-122.296335930143,47.5496815754448],[-122.296363589134,47.549659039758],[-122.296377825604,47.5496356684989],[-122.296381582234,47.5496104159696],[-122.296374750205,47.5495792499992],[-122.296046841211,47.5490380529382],[-122.295728773781,47.5485289878381],[-122.295691922523,47.5484271108757],[-122.295663199569,47.5483411530513],[-122.295654145497,47.5483070128748],[-122.295634822747,47.5482675233026],[-122.29511185633,47.5475178589849],[-122.294511744975,47.546686969143],[-122.294396669099,47.5465527916395],[-122.294363608115,47.5465285514272],[-122.294310239182,47.5465018320394],[-122.294261261515,47.5464873888852],[-122.294200337823,47.5464799495823],[-122.294139644359,47.5464807297352],[-122.293657203861,47.5465120332901]]},"properties":{"OBJECTID":132276,"SE_ANNO_CAD_DATA":"","F_INTR_ID":47215,"T_INTR_ID":47216,"SND_ID":47154,"SND_FEACODE":77,"CITYCODE":1,"STNAME_ID":3800,"ST_CODE":22,"ARTERIAL_CODE":0,"SEGMENT_TYPE":8,"AGENCY_CODE":1,"ACCESS_CODE":1,"DIVIDED_CODE":1,"STRUCTURE_TYPE":1,"LEGALLOC_CODE":3,"VEHICLE_USE_CODE":2,"GIS_SEG_LENGTH":1556,"L_ADRS_FROM":0,"L_ADRS_TO":0,"R_ADRS_FROM":0,"R_ADRS_TO":0,"ORD_PRE_DIR":null,"ORD_STREET_NAME":"CHIEF SEALTH","ORD_STREET_TYPE":"TRL","ORD_SUF_DIR":null,"ORD_STNAME_CONCAT":"CHIEF SEALTH TRL","L_CITY":"SEATTLE","L_STATE":"WA","L_ZIP":"98108","R_CITY":"SEATTLE","R_STATE":"WA","R_ZIP":"98108","SNDSEG_UPDATE":"Thu, 20 Jul 2017 12:09:49 GMT","COMPKEY":286925,"COMPTYPE":68,"UNITID":"05919","UNITID2":"0590"}},{"type":"Feature","id":132277,"geometry":{"type":"LineString","coordinates":[[-122.291013632117,47.541317254336],[-122.290859475012,47.541325244563],[-122.290704841701,47.5411227660352],[-122.290652469826,47.5410869148137],[-122.290605087651,47.5410457820038],[-122.290555040954,47.5410012053682],[-122.290149029137,47.5404429177316],[-122.290113610063,47.5404034502826],[-122.290083368593,47.5403697520909],[-122.290041039783,47.540346907928],[-122.289698876517,47.5402347686002],[-122.289631296657,47.5402060684873],[-122.289568705245,47.5401720875337],[-122.289511006383,47.540129347598],[-122.289476365403,47.5400845730921],[-122.289449234398,47.5400327449906],[-122.289327029671,47.5396136008853],[-122.289121902497,47.5393482250985],[-122.289084938463,47.5393121757957],[-122.289055968268,47.5392864594016],[-122.289001226399,47.5392575953466],[-122.288915675969,47.5392291250358],[-122.288860983029,47.5392019983102],[-122.288803577208,47.5391696896093],[-122.288756148128,47.539126817771],[-122.288699368612,47.5390249330938],[-122.288660948108,47.5389367274394],[-122.288632409064,47.5388344812194],[-122.288619371794,47.5387355151388],[-122.288604251853,47.5386539675299],[-122.288589521694,47.5385863282273],[-122.288566992216,47.5385153101308],[-122.28852619825,47.5384340914842],[-122.288488362665,47.538366748941],[-122.288347921769,47.5382120207954],[-122.288245463938,47.5381298525574],[-122.287780125004,47.5378366717675],[-122.287606798231,47.5376997556539],[-122.28752023095,47.5376347753862],[-122.28727352008,47.53753705964],[-122.28700636757,47.5374430835595],[-122.286899602691,47.5373905354433],[-122.286862265542,47.5372987259702]]},"properties":{"OBJECTID":132277,"SE_ANNO_CAD_DATA":"","F_INTR_ID":16959,"T_INTR_ID":17231,"SND_ID":47160,"SND_FEACODE":77,"CITYCODE":1,"STNAME_ID":3800,"ST_CODE":22,"ARTERIAL_CODE":0,"SEGMENT_TYPE":8,"AGENCY_CODE":1,"ACCESS_CODE":1,"DIVIDED_CODE":1,"STRUCTURE_TYPE":1,"LEGALLOC_CODE":3,"VEHICLE_USE_CODE":2,"GIS_SEG_LENGTH":1891,"L_ADRS_FROM":0,"L_ADRS_TO":0,"R_ADRS_FROM":0,"R_ADRS_TO":0,"ORD_PRE_DIR":null,"ORD_STREET_NAME":"CHIEF SEALTH","ORD_STREET_TYPE":"TRL","ORD_SUF_DIR":null,"ORD_STNAME_CONCAT":"CHIEF SEALTH TRL","L_CITY":"SEATTLE","L_STATE":"WA","L_ZIP":"98118","R_CITY":"SEATTLE","R_STATE":"WA","R_ZIP":"98118","SNDSEG_UPDATE":"Thu, 20 Jul 2017 12:08:11 GMT","COMPKEY":286929,"COMPTYPE":68,"UNITID":"05919","UNITID2":"0680"}},{"type":"Feature","id":132278,"geometry":{"type":"LineString","coordinates":[[-122.265702008157,47.6846520065971],[-122.265527201304,47.6847912232264],[-122.265647937807,47.6856874279377],[-122.265699279368,47.6860182304525],[-122.265735749489,47.6861924049937],[-122.265804760286,47.6863982463827],[-122.266062127039,47.6870424049406],[-122.266266029874,47.6875654854823],[-122.266582435549,47.6883771527615],[-122.266621925395,47.6884693184866],[-122.266700120266,47.688625149023],[-122.266772054719,47.6887454189434],[-122.266810856829,47.6888126448631],[-122.267846742653,47.6901244206228],[-122.268297701268,47.6907396977545]]},"properties":{"OBJECTID":132278,"SE_ANNO_CAD_DATA":"","F_INTR_ID":5447,"T_INTR_ID":47190,"SND_ID":7505,"SND_FEACODE":77,"CITYCODE":1,"STNAME_ID":2994,"ST_CODE":22,"ARTERIAL_CODE":0,"SEGMENT_TYPE":8,"AGENCY_CODE":1,"ACCESS_CODE":1,"DIVIDED_CODE":1,"STRUCTURE_TYPE":1,"LEGALLOC_CODE":3,"VEHICLE_USE_CODE":2,"GIS_SEG_LENGTH":2365,"L_ADRS_FROM":0,"L_ADRS_TO":0,"R_ADRS_FROM":0,"R_ADRS_TO":0,"ORD_PRE_DIR":null,"ORD_STREET_NAME":"BURKE GILMAN","ORD_STREET_TYPE":"TRL","ORD_SUF_DIR":null,"ORD_STNAME_CONCAT":"BURKE GILMAN TRL","L_CITY":"SEATTLE","L_STATE":"WA","L_ZIP":"98115","R_CITY":"SEATTLE","R_STATE":"WA","R_ZIP":"98115","SNDSEG_UPDATE":"Thu, 02 May 2019 08:52:28 GMT","COMPKEY":287218,"COMPTYPE":68,"UNITID":"05778","UNITID2":"0770"}},{"type":"Feature","id":132279,"geometry":{"type":"LineString","coordinates":[[-122.295617862514,47.6644473362557],[-122.293788109145,47.662993825738],[-122.293781388388,47.6629887122406],[-122.293774658721,47.6629836051745],[-122.293767918272,47.6629785026335],[-122.293761168629,47.6629734056501],[-122.293754410077,47.662968315098],[-122.293747643603,47.6629632292097],[-122.293740866403,47.6629581497762],[-122.293734080287,47.6629530765986],[-122.293727283654,47.662948008118],[-122.293720477856,47.6629429462477],[-122.293713664128,47.6629378886902],[-122.29370684152,47.6629328386167],[-122.29370000813,47.6629277930682],[-122.293693165806,47.6629227530739],[-122.293686314052,47.6629177195176],[-122.293679453364,47.6629126915156],[-122.293672583476,47.6629076688957],[-122.293665705723,47.6629026528693],[-122.293658816173,47.6628976422583],[-122.293651920026,47.6628926371716],[-122.293645013381,47.6628876374837],[-122.293638096274,47.6628826444225],[-122.293631172824,47.6628776567068],[-122.293624238881,47.6628726745654],[-122.293617294211,47.6628676988786],[-122.293610343202,47.6628627287126],[-122.293603380398,47.6628577639622],[-122.293596411027,47.6628528057885],[-122.293589431157,47.6628478530136],[-122.293582442378,47.66284290667],[-122.293575444115,47.6628379648348],[-122.293568438246,47.6628330295896],[-122.293561421644,47.6628281006237],[-122.293554397406,47.6628231771953],[-122.293547362676,47.6628182593412],[-122.293540320074,47.662813347905],[-122.293533268298,47.662808442728],[-122.293526207567,47.6628035424036],[-122.293519137427,47.6627986492189],[-122.293512057054,47.6627937616049],[-122.293504970084,47.6627888795152],[-122.293497871058,47.6627840028443],[-122.293490767047,47.6627791336072],[-122.293483652774,47.6627742688884],[-122.293476527773,47.6627694106243],[-122.293469397473,47.6627645578678],[-122.293462254367,47.6627597115925],[-122.293455103391,47.6627548717351],[-122.293447944254,47.6627500372466],[-122.293440776208,47.6627452091894],[-122.293433599251,47.6627403875634],[-122.293426412841,47.6627355714983],[-122.293419218535,47.662730760974],[-122.293412015314,47.6627259567056],[-122.293404802928,47.6627211590473],[-122.293397582357,47.6627163658806],[-122.293390351628,47.6627115809161],[-122.293383111679,47.6627068006319],[-122.293375864119,47.6627020267624],[-122.293368608423,47.6626972591388],[-122.293361343793,47.6626924970693],[-122.293354069998,47.6626877416099],[-122.293346788302,47.6626829915159],[-122.293339496163,47.6626782487502],[-122.293332197422,47.6626735113334],[-122.293324888218,47.6626687805432],[-122.293317570079,47.6626640553071],[-122.293310244064,47.6626593363136],[-122.293302910178,47.662654623738],[-122.293295567097,47.66264991672],[-122.293288214848,47.6626452161365],[-122.293280854722,47.6626405217955],[-122.293273485691,47.6626358340613],[-122.293266107201,47.6626311517124],[-122.293258722662,47.6626264759335],[-122.293251327416,47.6626218073109],[-122.293243921653,47.6626171433853],[-122.293236511933,47.6626124865295],[-122.293229090662,47.6626078345593],[-122.293221662868,47.6626031907447],[-122.293214224292,47.6625985514549],[-122.293206778389,47.6625939194536],[-122.293199323031,47.662589293013],[-122.293191859803,47.6625846729904],[-122.293184388988,47.6625800602595],[-122.293176908954,47.6625754522089],[-122.29316941977,47.6625708512946],[-122.293161924018,47.662566256957],[-122.293154417793,47.6625616688951],[-122.293146905231,47.6625570863541],[-122.293139381941,47.6625525102676],[-122.293131849741,47.6625479406124],[-122.29312431255,47.6625433782156],[-122.293116765877,47.662538820327],[-122.293109208765,47.6625342699421],[-122.293101645335,47.6625297257798],[-122.293094072711,47.6625251871749],[-122.293086492245,47.6625206560404],[-122.293078903903,47.6625161311485],[-122.293071305352,47.6625116127043],[-122.293063701263,47.6625071004727],[-122.293056086946,47.6625025939873],[-122.293048464757,47.6624980939197],[-122.293040834717,47.6624936009718],[-122.293033195718,47.6624891127008],[-122.293025548872,47.6624846317249],[-122.29301789395,47.6624801590998],[-122.293010230088,47.6624756918534],[-122.293002558585,47.662471229969],[-122.292994880279,47.6624667755417],[-122.29298719174,47.6624623266851],[-122.292979496624,47.6624578840544],[-122.292971791069,47.6624534489273],[-122.292964078936,47.6624490200261],[-122.292956359191,47.6624445975394],[-122.292948631576,47.6624401814707],[-122.292940893208,47.6624357709792],[-122.292933148836,47.6624313686366],[-122.292925396333,47.6624269727152],[-122.292917634606,47.6624225812986],[-122.292909866596,47.6624181973325],[-122.292902089436,47.6624138205026],[-122.292894304669,47.6624094502627],[-122.292886511742,47.6624050853914],[-122.292878709929,47.6624007278283],[-122.292870901568,47.6623963775437],[-122.292863085312,47.6623920327998],[-122.292855258587,47.662387694507],[-122.292847426872,47.6623833634726],[-122.292839585988,47.6623790388726],[-122.292831737203,47.662374719638],[-122.292823880601,47.6623704087509],[-122.292816016357,47.6623661032258],[-122.292808144008,47.662361804999],[-122.292800262728,47.6623575125016],[-122.29279237518,47.662353227981],[-122.292784478178,47.662348949021],[-122.292776574888,47.662344677336],[-122.292768663726,47.6623404120688],[-122.292760743394,47.6623361532362],[-122.292752815187,47.6623319006459],[-122.292744880696,47.6623276555061],[-122.29273693701,47.6623234159236],[-122.292728986772,47.662319183444],[-122.292721028951,47.6623149584315],[-122.292713062994,47.6623107396646],[-122.292705088128,47.662306527329],[-122.292697106713,47.6623023222716],[-122.292689118961,47.662298122735],[-122.292681119207,47.6622939305465],[-122.292673114468,47.6622897457918],[-122.292665103146,47.6622855670874],[-122.29265708162,47.6622813950063],[-122.292649053262,47.6622772293296],[-122.292641018616,47.6622730709279],[-122.292632976353,47.6622689187653],[-122.29262492469,47.662264774093],[-122.292616866734,47.6622606365202],[-122.292608800862,47.6622565037864],[-122.292600727188,47.6622523799264],[-122.292592645618,47.662248261607],[-122.292584557739,47.662244149861],[-122.292576460736,47.6622400461281],[-122.292568357134,47.6622359479193],[-122.292560245946,47.6622318570021],[-122.292552128185,47.6622277724861],[-122.292544001279,47.6622236952816],[-122.292535867825,47.6622196253554],[-122.292527726734,47.6622155609665],[-122.292519577816,47.6622115045742],[-122.292511422331,47.6622074547586],[-122.292503259234,47.6622034113573],[-122.292495088025,47.6621993750789],[-122.292486909235,47.6621953462675],[-122.292478722803,47.662191322818],[-122.292470530867,47.6621873068089],[-122.29246233004,47.6621832979325],[-122.29245412267,47.6621792965099],[-122.292445907684,47.6621753013262],[-122.292437684826,47.6621713125604],[-122.292429454121,47.6621673310894],[-122.292421218172,47.6621633570555],[-122.292412973048,47.6621593892806],[-122.292404721635,47.6621554287805],[-122.292396462611,47.662151474695],[-122.292388196778,47.662147527891],[-122.292379923359,47.6621435883785],[-122.292371643367,47.6621396552672],[-122.292363355528,47.6621357294508],[-122.292355060077,47.6621318100487],[-122.292346758073,47.6621278977496],[-122.292338448227,47.6621239929206],[-122.292330132068,47.6621200944895],[-122.292321808063,47.6621162033533],[-122.292313477504,47.6621123193199],[-122.292305139079,47.6621084418796],[-122.292296794365,47.6621045717143],[-122.292288441799,47.6621007086684],[-122.292280082925,47.6620968521957],[-122.29227171594,47.6620930028458],[-122.292263342646,47.6620891600691],[-122.292254961785,47.6620853252856],[-122.292246575395,47.6620814970653],[-122.292238181438,47.6620776768383],[-122.292229778521,47.662073861288],[-122.292221371447,47.6620700549157],[-122.292212955458,47.662066254799],[-122.29220453292,47.6620624619605],[-122.292196102776,47.6620586757119],[-122.292187667352,47.6620548956723],[-122.292179224131,47.6620511246818],[-122.292170773303,47.6620473602811],[-122.292162317196,47.6620436020893],[-122.292153851968,47.6620398520863],[-122.292145381465,47.6620361084677],[-122.292136904674,47.6620323721239],[-122.292128420012,47.6620286421979],[-122.292119927791,47.6620249206159],[-122.292111428993,47.6620212052595],[-122.29210292497,47.6620174980419],[-122.292094413075,47.662013797242],[-122.292085894892,47.6620101037169],[-122.292077368837,47.6620064166096],[-122.292068837816,47.6620027376376],[-122.292060297626,47.6619990650999],[-122.292051752185,47.6619953998238],[-122.292043200486,47.6619917428751],[-122.29203464088,47.6619880911161],[-122.292026074761,47.6619844478633],[-122.292017502058,47.6619808106607],[-122.292008923102,47.6619771819609],[-122.292000337852,47.6619735603605],[-122.291991745769,47.6619699451646],[-122.291983146099,47.6619663372601],[-122.291974540165,47.6619627375075],[-122.291965927398,47.6619591441594],[-122.291957311198,47.6619555580495],[-122.291948682998,47.6619519792877],[-122.291940050821,47.6619484068936],[-122.291931412664,47.6619448435253],[-122.291922767674,47.6619412865614],[-122.291914116396,47.6619377368723],[-122.291905458544,47.6619341935842],[-122.291896793155,47.6619306593419],[-122.291888122466,47.6619271306068],[-122.291879445254,47.6619236100271],[-122.291870760454,47.6619200967388],[-122.291862070385,47.6619165900103],[-122.291853373786,47.6619130912616],[-122.291844670899,47.6619095997878],[-122.291835961464,47.6619061155922],[-122.291827244441,47.661902638688],[-122.291818522144,47.6618991681682],[-122.291809793353,47.6618957068562],[-122.291776116186,47.6618818785659]]},"properties":{"OBJECTID":132279,"SE_ANNO_CAD_DATA":"","F_INTR_ID":7421,"T_INTR_ID":7728,"SND_ID":13560,"SND_FEACODE":77,"CITYCODE":1,"STNAME_ID":2994,"ST_CODE":22,"ARTERIAL_CODE":0,"SEGMENT_TYPE":8,"AGENCY_CODE":1,"ACCESS_CODE":1,"DIVIDED_CODE":1,"STRUCTURE_TYPE":1,"LEGALLOC_CODE":3,"VEHICLE_USE_CODE":2,"GIS_SEG_LENGTH":1339,"L_ADRS_FROM":0,"L_ADRS_TO":0,"R_ADRS_FROM":0,"R_ADRS_TO":0,"ORD_PRE_DIR":null,"ORD_STREET_NAME":"BURKE GILMAN","ORD_STREET_TYPE":"TRL","ORD_SUF_DIR":null,"ORD_STNAME_CONCAT":"BURKE GILMAN TRL","L_CITY":"SEATTLE","L_STATE":"WA","L_ZIP":"98105","R_CITY":"SEATTLE","R_STATE":"WA","R_ZIP":"98105","SNDSEG_UPDATE":"Thu, 02 May 2019 08:52:46 GMT","COMPKEY":287208,"COMPTYPE":68,"UNITID":"05778","UNITID2":"0670"}},{"type":"Feature","id":132280,"geometry":{"type":"LineString","coordinates":[[-122.286022644235,47.6648956389517],[-122.285846034756,47.6657559084517],[-122.285806932378,47.6659022963638]]},"properties":{"OBJECTID":132280,"SE_ANNO_CAD_DATA":"","F_INTR_ID":7387,"T_INTR_ID":7273,"SND_ID":13398,"SND_FEACODE":77,"CITYCODE":1,"STNAME_ID":2994,"ST_CODE":22,"ARTERIAL_CODE":0,"SEGMENT_TYPE":8,"AGENCY_CODE":1,"ACCESS_CODE":1,"DIVIDED_CODE":1,"STRUCTURE_TYPE":1,"LEGALLOC_CODE":3,"VEHICLE_USE_CODE":2,"GIS_SEG_LENGTH":371,"L_ADRS_FROM":0,"L_ADRS_TO":0,"R_ADRS_FROM":0,"R_ADRS_TO":0,"ORD_PRE_DIR":null,"ORD_STREET_NAME":"BURKE GILMAN","ORD_STREET_TYPE":"TRL","ORD_SUF_DIR":null,"ORD_STNAME_CONCAT":"BURKE GILMAN TRL","L_CITY":"SEATTLE","L_STATE":"WA","L_ZIP":"98105","R_CITY":"SEATTLE","R_STATE":"WA","R_ZIP":"98105","SNDSEG_UPDATE":"Thu, 02 May 2019 08:52:42 GMT","COMPKEY":287211,"COMPTYPE":68,"UNITID":"05778","UNITID2":"0700"}},{"type":"Feature","id":132281,"geometry":{"type":"LineString","coordinates":[[-122.284807643354,47.6673084435956],[-122.284633895062,47.6674045012517],[-122.284451328806,47.6674936534457],[-122.284185930814,47.6676234019557],[-122.28382889569,47.6677765034243],[-122.283595711123,47.6678643617172],[-122.283315118779,47.6679422104439],[-122.283003118864,47.6680204574611],[-122.282581193066,47.6681001028651],[-122.281798378197,47.6681949450872],[-122.279454513408,47.6684940389418]]},"properties":{"OBJECTID":132281,"SE_ANNO_CAD_DATA":"","F_INTR_ID":46401,"T_INTR_ID":7053,"SND_ID":13236,"SND_FEACODE":77,"CITYCODE":1,"STNAME_ID":2994,"ST_CODE":22,"ARTERIAL_CODE":0,"SEGMENT_TYPE":8,"AGENCY_CODE":1,"ACCESS_CODE":1,"DIVIDED_CODE":1,"STRUCTURE_TYPE":1,"LEGALLOC_CODE":3,"VEHICLE_USE_CODE":2,"GIS_SEG_LENGTH":1410,"L_ADRS_FROM":0,"L_ADRS_TO":0,"R_ADRS_FROM":0,"R_ADRS_TO":0,"ORD_PRE_DIR":null,"ORD_STREET_NAME":"BURKE GILMAN","ORD_STREET_TYPE":"TRL","ORD_SUF_DIR":null,"ORD_STNAME_CONCAT":"BURKE GILMAN TRL","L_CITY":"SEATTLE","L_STATE":"WA","L_ZIP":"98105","R_CITY":"SEATTLE","R_STATE":"WA","R_ZIP":"98105","SNDSEG_UPDATE":"Thu, 02 May 2019 08:52:54 GMT","COMPKEY":287213,"COMPTYPE":68,"UNITID":"05778","UNITID2":"0720"}},{"type":"Feature","id":132282,"geometry":{"type":"LineString","coordinates":[[-122.291776116186,47.6618818785659],[-122.291568063891,47.6618011658943],[-122.29149742866,47.6617744129808],[-122.291426364565,47.6617481854812],[-122.291354879965,47.6617224850425],[-122.291282982986,47.6616973143676],[-122.291210682813,47.6616726768481],[-122.291137987593,47.6616485758884],[-122.291000648473,47.6616048409905],[-122.290926866613,47.6615822966828],[-122.290138864091,47.6614500834422],[-122.290135331892,47.6614496304134],[-122.290132301096,47.6614492445004],[-122.290129268765,47.6614488594844],[-122.290126235451,47.6614484764112],[-122.290123201925,47.6614480950955],[-122.290120167151,47.6614477155505],[-122.290117133729,47.6614473379185],[-122.290114097759,47.6614469620739],[-122.290111063397,47.6614465879635],[-122.290108025968,47.6614462156472],[-122.290104990411,47.6614458452371],[-122.29010195308,47.661445476429],[-122.290098916039,47.6614451086701],[-122.290095880375,47.6614447437013],[-122.290092840835,47.6614443794839],[-122.290089802672,47.6614440180565],[-122.290086763261,47.6614436584],[-122.290083723638,47.6614433005009],[-122.290080683031,47.6614429445447],[-122.290077643483,47.6614425892768],[-122.29007460295,47.6614422359518],[-122.290071560913,47.6614418845762],[-122.290068519229,47.6614415365304],[-122.290065477291,47.6614411886632],[-122.290062434103,47.6614408425667],[-122.290059391225,47.6614404982212],[-122.290056346837,47.6614401556496],[-122.290053302528,47.6614398158848],[-122.290050258244,47.661439476997],[-122.290047214009,47.6614391398633],[-122.290044167256,47.6614388055696],[-122.290041121801,47.6614384712592],[-122.290038076445,47.6614381404572],[-122.290035028517,47.6614378105654],[-122.290031983264,47.6614374834471],[-122.290028934135,47.6614371570802],[-122.290025887658,47.6614368326097],[-122.290022838373,47.6614365099299],[-122.290019789378,47.6614361882992],[-122.290016740456,47.6614358692998],[-122.290013691324,47.6614355520579],[-122.290010641227,47.6614352374605],[-122.29000759087,47.6614349228664],[-122.290004539553,47.6614346110922],[-122.290001489325,47.661434301059],[-122.289998436808,47.6614339928097],[-122.289995385384,47.6614336864768],[-122.289992332706,47.6614333817392],[-122.289989280082,47.6614330789311],[-122.289986227748,47.6614327771723],[-122.289983173924,47.6614324778892],[-122.289980120154,47.6614321805356],[-122.289977066434,47.6614318849362],[-122.28997401144,47.6614315902305],[-122.289970955226,47.661431298348],[-122.289967901653,47.6614310080111],[-122.289964844239,47.6614307196536],[-122.289961789452,47.6614304323153],[-122.289958730838,47.6614301474827],[-122.289955676149,47.6614298636527],[-122.289952618677,47.6614295824905],[-122.289949561489,47.6614293022021],[-122.289946503077,47.6614290245616],[-122.289943444719,47.6614287488505],[-122.289940386126,47.6614284740199],[-122.289937326568,47.6614282018338],[-122.28993426678,47.6614279307035],[-122.289931208599,47.6614276613074],[-122.289928147636,47.6614273945792],[-122.28992508828,47.6614271295851],[-122.289922026092,47.6614268655046],[-122.289918965256,47.6614266033371],[-122.289915904729,47.6614263429204],[-122.289912842718,47.661426085155],[-122.289909780737,47.661425828442],[-122.289906719059,47.6614255733044],[-122.289903655907,47.6614253211688],[-122.289900592775,47.6614250697349],[-122.289897528394,47.6614248200717],[-122.289894466688,47.661424573182],[-122.289891401111,47.6614243272191],[-122.289888338205,47.6614240838543],[-122.289885272732,47.6614238415752],[-122.289882208577,47.6614235999811],[-122.289879143256,47.6614233631399],[-122.289876076632,47.6614231261399],[-122.289873011331,47.6614228900002],[-122.289869944575,47.6614226575644],[-122.289866878104,47.6614224260022],[-122.289863811681,47.6614221961941],[-122.289860745313,47.6614219683157],[-122.289857677436,47.6614217422113],[-122.289854609868,47.6614215178578],[-122.289851542349,47.6614212952584],[-122.289848474644,47.6614210752937],[-122.28984540593,47.6614208563946],[-122.289842337005,47.661420639253],[-122.289839268389,47.6614204238623],[-122.289836199568,47.6614202104045],[-122.289833129757,47.6614199987141],[-122.289830059736,47.6614197887811],[-122.289826988465,47.6614195806189],[-122.289823918802,47.661419374191],[-122.289820847659,47.6614191705897],[-122.289817777815,47.6614189669717],[-122.289814706751,47.6614187661769],[-122.289811634693,47.6614185669743],[-122.289808563727,47.6614183696879],[-122.289805491537,47.6614181750493],[-122.289802419371,47.6614179812879],[-122.289799347235,47.6614177885788],[-122.289796273899,47.6614175993948],[-122.289793201861,47.661417410194],[-122.289790128623,47.6614172245183],[-122.289787055386,47.6614170388425],[-122.289783980928,47.66141685599],[-122.289780907818,47.661416674875],[-122.289777833464,47.6614164957062],[-122.289774759154,47.6614163181162],[-122.289771684899,47.6614161424557],[-122.289768609394,47.661415968566],[-122.289765536534,47.6614157963972],[-122.289762462171,47.6614156261779],[-122.28975938552,47.6614154577426],[-122.289756308919,47.6614152910616],[-122.289753232106,47.6614151261379],[-122.289750156882,47.6614149622469],[-122.289747083024,47.661414800795],[-122.289744005071,47.6614146415013],[-122.289740927422,47.661414483783],[-122.28973785112,47.6614143278023],[-122.289734774612,47.6614141737545],[-122.289731697115,47.661414021474],[-122.289728619413,47.6614138711265],[-122.289725542014,47.6614137223544],[-122.28972246441,47.6614135755152],[-122.289719385532,47.6614134295696],[-122.289716308291,47.6614132864108],[-122.289713229536,47.6614131448507],[-122.289710151095,47.6614130052168],[-122.289707072443,47.6614128673404],[-122.289703993845,47.6614127313936],[-122.289700914253,47.6614125970387],[-122.289697834455,47.6614124646168],[-122.289694754707,47.661412333949],[-122.28969167657,47.6614122051909],[-122.28968859692,47.6614120780314],[-122.289685514703,47.6614119519576],[-122.289682436454,47.6614118284653],[-122.289679355658,47.6614117067603],[-122.289676276474,47.661411586965],[-122.289673195781,47.6614114689437],[-122.289670113839,47.6614113526932],[-122.289667033249,47.6614112383557],[-122.289663952704,47.6614111255969],[-122.289660872212,47.6614110147677],[-122.289657790447,47.6614109048321],[-122.289654708761,47.6614107977032],[-122.289651628417,47.6614106921364],[-122.289648546829,47.6614105885159],[-122.289645463991,47.661410486666],[-122.289642382506,47.6614103867292],[-122.289639299743,47.6614102875105],[-122.289636218381,47.6614101919591],[-122.28963313575,47.6614100974767],[-122.289630052879,47.6614100036993],[-122.289626970341,47.6614099125498],[-122.289623887858,47.6614098233299],[-122.289620805428,47.6614097360396],[-122.289617723043,47.661409650328],[-122.289614639414,47.6614095665625],[-122.289611557132,47.6614094845347],[-122.289608472018,47.6614094034204],[-122.289605389835,47.6614093249008],[-122.289602306431,47.6614092492045],[-122.289599222769,47.6614091735115],[-122.289596139464,47.6614091013235],[-122.289593054865,47.6614090293275],[-122.289589971634,47.6614089597707],[-122.289586888222,47.661408893024],[-122.289583803776,47.6614088264658],[-122.289580720697,47.6614087623469],[-122.289577636114,47.6614087001775],[-122.28957455184,47.6614086397589],[-122.289571467355,47.6614085810979],[-122.28956838318,47.6614085241876],[-122.289565299058,47.6614084692069],[-122.289562214726,47.6614084159837],[-122.289559129404,47.661408364528],[-122.289556045175,47.6614083149885],[-122.289552959956,47.6614082672164],[-122.289549876086,47.6614082211819],[-122.289546790706,47.6614081769215],[-122.289543705375,47.6614081344153],[-122.289540621656,47.6614080938187],[-122.289537536688,47.6614080549928],[-122.289534450212,47.661408017941],[-122.289531366645,47.6614079827823],[-122.28952828157,47.6614079493976],[-122.289525196804,47.6614079177638],[-122.289522110529,47.6614078879041],[-122.289519025606,47.6614078599573],[-122.289515939689,47.6614078336025],[-122.289512854864,47.661407809164],[-122.289509770353,47.6614077866519],[-122.289506684329,47.6614077657383],[-122.289503599941,47.6614077476115],[-122.289500513995,47.6614077295046],[-122.289497428147,47.661407714906],[-122.289494342589,47.6614077013566],[-122.289491258118,47.6614076895481],[-122.2894881711,47.6614076795268],[-122.289485086987,47.6614076712233],[-122.28948200137,47.6614076648692],[-122.289478916057,47.6614076600906],[-122.289475830569,47.6614076582974],[-122.289472743801,47.6614076572224],[-122.289469659914,47.6614076569879],[-122.289466573274,47.6614076604737],[-122.289463487957,47.66140766482],[-122.289460402954,47.6614076710925],[-122.289457317735,47.6614076789471],[-122.289454231297,47.661407689625],[-122.289451146157,47.6614077002862],[-122.289448061355,47.6614077137507],[-122.289444976363,47.6614077296745],[-122.289441890101,47.6614077466673],[-122.289438805447,47.6614077653943],[-122.289435719288,47.6614077860708],[-122.289432636031,47.6614078082896],[-122.289429547139,47.6614078333881],[-122.289426463984,47.6614078592905],[-122.289423378027,47.6614078871591],[-122.289420293697,47.6614079174636],[-122.289417207814,47.6614079479633],[-122.289414123328,47.6614079819549],[-122.28941103913,47.6614080169955],[-122.289407953419,47.6614080536349],[-122.289404867786,47.6614080930809],[-122.289401782183,47.6614081335794],[-122.289398698182,47.6614081756367],[-122.289395612702,47.6614082205206],[-122.289392528545,47.6614082662649],[-122.289389444696,47.6614083137601],[-122.289386359314,47.6614083621522],[-122.289383275358,47.6614084150887],[-122.289380190104,47.6614084680416],[-122.289377106457,47.6614085227289],[-122.289374021325,47.6614085800672],[-122.289370937522,47.6614086384415],[-122.289367852729,47.6614086985832],[-122.289364769072,47.66140876222],[-122.289361684098,47.6614088251716],[-122.289358602049,47.6614088905426],[-122.289355517222,47.6614089587568],[-122.289352433723,47.6614090280068],[-122.289349348994,47.6614090997293],[-122.289346267152,47.6614091724677],[-122.289343182502,47.6614092469968],[-122.289340099199,47.6614093232634],[-122.289337017504,47.6614094012643],[-122.289333931757,47.6614094830021],[-122.289330850165,47.6614095646867],[-122.289327765765,47.661409648162],[-122.289324684041,47.6614097344108],[-122.289321601303,47.6614098215499],[-122.289318518354,47.6614099104464],[-122.289315435479,47.6614100019743],[-122.289312352888,47.6614100943758],[-122.289309271414,47.6614101895708],[-122.289306188926,47.661410285656],[-122.289303106252,47.6614103843759],[-122.289300024907,47.6614104841317],[-122.289296943894,47.6614105865154],[-122.289293861372,47.6614106906731],[-122.289290780409,47.6614107948109],[-122.289287697991,47.6614109026523],[-122.28928461715,47.6614110111755],[-122.289281536128,47.6614111225087],[-122.28927845542,47.6614112357682],[-122.289275374472,47.6614113497326],[-122.289272293838,47.6614114656232],[-122.289269213017,47.6614115841484],[-122.289266132222,47.6614117035507],[-122.289263051764,47.6614118257564],[-122.289259972629,47.6614119488224],[-122.28925689201,47.6614120745397],[-122.289253812999,47.6614122019912],[-122.289250732458,47.6614123305151],[-122.28924765352,47.6614124605978],[-122.289244575704,47.6614125936493],[-122.289241495571,47.6614127274323],[-122.289238416809,47.6614128638301],[-122.289235337842,47.6614130021607],[-122.289232259184,47.6614131422421],[-122.289229180296,47.6614132833793],[-122.28922610301,47.6614134260753],[-122.289223025802,47.661413571578],[-122.289219361141,47.6614158548199]]},"properties":{"OBJECTID":132282,"SE_ANNO_CAD_DATA":"","F_INTR_ID":7728,"T_INTR_ID":7796,"SND_ID":13620,"SND_FEACODE":77,"CITYCODE":1,"STNAME_ID":2994,"ST_CODE":22,"ARTERIAL_CODE":0,"SEGMENT_TYPE":8,"AGENCY_CODE":1,"ACCESS_CODE":1,"DIVIDED_CODE":1,"STRUCTURE_TYPE":1,"LEGALLOC_CODE":3,"VEHICLE_USE_CODE":2,"GIS_SEG_LENGTH":664,"L_ADRS_FROM":0,"L_ADRS_TO":0,"R_ADRS_FROM":0,"R_ADRS_TO":0,"ORD_PRE_DIR":null,"ORD_STREET_NAME":"BURKE GILMAN","ORD_STREET_TYPE":"TRL","ORD_SUF_DIR":null,"ORD_STNAME_CONCAT":"BURKE GILMAN TRL","L_CITY":"SEATTLE","L_STATE":"WA","L_ZIP":"98105","R_CITY":"SEATTLE","R_STATE":"WA","R_ZIP":"98105","SNDSEG_UPDATE":"Thu, 02 May 2019 08:52:51 GMT","COMPKEY":287209,"COMPTYPE":68,"UNITID":"05778","UNITID2":"0680"}},{"type":"Feature","id":132283,"geometry":{"type":"LineString","coordinates":[[-122.325702733462,47.6548889115422],[-122.325156154197,47.6548665468237],[-122.324571831538,47.6549778735418]]},"properties":{"OBJECTID":132283,"SE_ANNO_CAD_DATA":"","F_INTR_ID":8439,"T_INTR_ID":8430,"SND_ID":11175,"SND_FEACODE":77,"CITYCODE":1,"STNAME_ID":2994,"ST_CODE":22,"ARTERIAL_CODE":0,"SEGMENT_TYPE":8,"AGENCY_CODE":1,"ACCESS_CODE":1,"DIVIDED_CODE":1,"STRUCTURE_TYPE":1,"LEGALLOC_CODE":3,"VEHICLE_USE_CODE":2,"GIS_SEG_LENGTH":285,"L_ADRS_FROM":0,"L_ADRS_TO":0,"R_ADRS_FROM":0,"R_ADRS_TO":0,"ORD_PRE_DIR":null,"ORD_STREET_NAME":"BURKE GILMAN","ORD_STREET_TYPE":"TRL","ORD_SUF_DIR":null,"ORD_STNAME_CONCAT":"BURKE GILMAN TRL","L_CITY":"SEATTLE","L_STATE":"WA","L_ZIP":"98105","R_CITY":"SEATTLE","R_STATE":"WA","R_ZIP":"98105","SNDSEG_UPDATE":"Thu, 02 May 2019 08:53:09 GMT","COMPKEY":287246,"COMPTYPE":68,"UNITID":"05778","UNITID2":"0560"}},{"type":"Feature","id":132284,"geometry":{"type":"LineString","coordinates":[[-122.342775401947,47.6485407278303],[-122.340980136556,47.6480857161065],[-122.340971567325,47.6480839341086],[-122.340963003261,47.6480821422143],[-122.340361592452,47.6479246364489],[-122.339805114179,47.6477164724817],[-122.339377642853,47.6475062697416],[-122.338793069173,47.6471417868827],[-122.338613349939,47.6470438843555],[-122.338480321099,47.6469760536831],[-122.338329185844,47.6469295490754],[-122.338108348364,47.6469198263605],[-122.338062530863,47.646889481595]]},"properties":{"OBJECTID":132284,"SE_ANNO_CAD_DATA":"","F_INTR_ID":8954,"T_INTR_ID":9071,"SND_ID":11509,"SND_FEACODE":77,"CITYCODE":1,"STNAME_ID":2994,"ST_CODE":22,"ARTERIAL_CODE":0,"SEGMENT_TYPE":8,"AGENCY_CODE":1,"ACCESS_CODE":1,"DIVIDED_CODE":1,"STRUCTURE_TYPE":1,"LEGALLOC_CODE":3,"VEHICLE_USE_CODE":2,"GIS_SEG_LENGTH":1328,"L_ADRS_FROM":0,"L_ADRS_TO":0,"R_ADRS_FROM":0,"R_ADRS_TO":0,"ORD_PRE_DIR":null,"ORD_STREET_NAME":"BURKE GILMAN","ORD_STREET_TYPE":"TRL","ORD_SUF_DIR":null,"ORD_STNAME_CONCAT":"BURKE GILMAN TRL","L_CITY":"SEATTLE","L_STATE":"WA","L_ZIP":"98103","R_CITY":"SEATTLE","R_STATE":"WA","R_ZIP":"98103","SNDSEG_UPDATE":"Thu, 02 May 2019 08:52:25 GMT","COMPKEY":287240,"COMPTYPE":68,"UNITID":"05778","UNITID2":"0500"}},{"type":"Feature","id":132285,"geometry":{"type":"LineString","coordinates":[[-122.27670635341,47.7108600731971],[-122.276848792627,47.7109137369289],[-122.276872974588,47.7110052196988],[-122.276893464656,47.7111046585196],[-122.276908934709,47.7112360657539],[-122.27692551299,47.7114073387486],[-122.276962361207,47.7116700773441],[-122.276971703255,47.7117935856436],[-122.276975581926,47.7119331152843],[-122.276991052385,47.7120645207475],[-122.27701320548,47.712223759411],[-122.277028343446,47.7123432072824],[-122.27703779945,47.7124707018663],[-122.277059064651,47.712598046912],[-122.277092477649,47.7127372036085],[-122.277118876667,47.7128365673927],[-122.277170231847,47.7129834718016],[-122.277209330534,47.7131145797702],[-122.277259293342,47.7132431742407],[-122.277299233714,47.7133726586348],[-122.277344128773,47.7134997043661],[-122.277389136229,47.7136307374448],[-122.277439717216,47.7137497361862],[-122.277479150782,47.7138928035593],[-122.277505106635,47.7139762212409],[-122.277555911004,47.714103193101],[-122.277881896879,47.7150288484451],[-122.278173593311,47.7158422832834],[-122.278083364409,47.7158878367437]]},"properties":{"OBJECTID":132285,"SE_ANNO_CAD_DATA":"","F_INTR_ID":3486,"T_INTR_ID":3248,"SND_ID":6553,"SND_FEACODE":77,"CITYCODE":1,"STNAME_ID":2994,"ST_CODE":22,"ARTERIAL_CODE":0,"SEGMENT_TYPE":8,"AGENCY_CODE":1,"ACCESS_CODE":1,"DIVIDED_CODE":1,"STRUCTURE_TYPE":1,"LEGALLOC_CODE":3,"VEHICLE_USE_CODE":2,"GIS_SEG_LENGTH":1900.017882,"L_ADRS_FROM":0,"L_ADRS_TO":0,"R_ADRS_FROM":0,"R_ADRS_TO":0,"ORD_PRE_DIR":null,"ORD_STREET_NAME":"BURKE GILMAN","ORD_STREET_TYPE":"TRL","ORD_SUF_DIR":null,"ORD_STNAME_CONCAT":"BURKE GILMAN TRL","L_CITY":"SEATTLE","L_STATE":"WA","L_ZIP":"98125","R_CITY":"SEATTLE","R_STATE":"WA","R_ZIP":"98125","SNDSEG_UPDATE":"Mon, 13 Jan 2020 11:17:14 GMT","COMPKEY":287230,"COMPTYPE":68,"UNITID":"05778","UNITID2":"1120"}},{"type":"Feature","id":132286,"geometry":{"type":"LineString","coordinates":[[-122.365022404548,47.5717049146641],[-122.364834384658,47.5717128197915],[-122.364736481457,47.5717205652483],[-122.363110962352,47.5717374479701],[-122.362898307217,47.5717181729109],[-122.36258158769,47.5717124364783],[-122.362412251877,47.5717252502725],[-122.362351142547,47.5717341010819],[-122.362305862952,47.5717544834927],[-122.36212268883,47.5718704508605],[-122.362003835244,47.5719444239316],[-122.361842400638,47.5720165724551],[-122.361538357623,47.5721192013461],[-122.361332943369,47.5721669481579],[-122.361048423083,47.5722157583643],[-122.360870491961,47.5722232065231],[-122.360811453315,47.572224951514],[-122.36049638563,47.5721796751207],[-122.36001028237,47.5720954013171]]},"properties":{"OBJECTID":132286,"SE_ANNO_CAD_DATA":"","F_INTR_ID":14372,"T_INTR_ID":14363,"SND_ID":26807,"SND_FEACODE":77,"CITYCODE":1,"STNAME_ID":2957,"ST_CODE":22,"ARTERIAL_CODE":0,"SEGMENT_TYPE":8,"AGENCY_CODE":1,"ACCESS_CODE":1,"DIVIDED_CODE":1,"STRUCTURE_TYPE":1,"LEGALLOC_CODE":3,"VEHICLE_USE_CODE":2,"GIS_SEG_LENGTH":1295.667547,"L_ADRS_FROM":0,"L_ADRS_TO":0,"R_ADRS_FROM":0,"R_ADRS_TO":0,"ORD_PRE_DIR":null,"ORD_STREET_NAME":"ALKI","ORD_STREET_TYPE":"TRL","ORD_SUF_DIR":null,"ORD_STNAME_CONCAT":"ALKI TRL","L_CITY":"SEATTLE","L_STATE":"WA","L_ZIP":"98106","R_CITY":"SEATTLE","R_STATE":"WA","R_ZIP":"98106","SNDSEG_UPDATE":"Thu, 10 Nov 2022 12:58:00 GMT","COMPKEY":286999,"COMPTYPE":68,"UNITID":"05096","UNITID2":"0200"}},{"type":"Feature","id":132287,"geometry":{"type":"LineString","coordinates":[[-122.38698754004,47.6335685835606],[-122.386996820157,47.6336265795232],[-122.387006367109,47.6336514416],[-122.387022038048,47.6336750299142],[-122.387051033523,47.6337026023473],[-122.387130623326,47.6337735189387],[-122.387202662679,47.6338364104987],[-122.387703388465,47.6341885274191],[-122.387761020993,47.6342530052433],[-122.387815464261,47.6343350969276],[-122.387849287653,47.6344726943824],[-122.387855249542,47.6345479175765],[-122.387843325532,47.6346459770221],[-122.387835264786,47.6347490036331],[-122.387807410243,47.6348465663574],[-122.387535135279,47.6351446871221],[-122.387019017331,47.6355207257166],[-122.386658174129,47.6357490542556],[-122.38649828087,47.6358667029057],[-122.38549409174,47.6366886707826],[-122.385451640301,47.6367595333204],[-122.385420549713,47.6368377724974],[-122.385397033961,47.636920929015],[-122.385385480447,47.6370315329558],[-122.385377268581,47.6371282442282],[-122.385426664629,47.6384115596541],[-122.385462550435,47.6384939056309],[-122.385457027935,47.6386822433478],[-122.385440861899,47.6387627880329],[-122.385406731752,47.638863660795],[-122.385446209789,47.6390664454711],[-122.385445418237,47.6391643510518],[-122.385380735028,47.6394199313941],[-122.385328059527,47.6395876583636],[-122.385178048158,47.639788006319],[-122.38490263173,47.6400176741845],[-122.384820535861,47.6401292400652],[-122.384781823548,47.6403255608255],[-122.384702241444,47.6403969288155],[-122.384536145853,47.6404318237619],[-122.384435262292,47.6405361146553],[-122.384401429684,47.640647023723],[-122.384420125097,47.640706820412],[-122.384478899084,47.640753904466],[-122.384722989742,47.6408434545887],[-122.384791689532,47.6409052722246],[-122.384858639823,47.6410364536112],[-122.384853441921,47.641107753728],[-122.384509107563,47.6416420899064],[-122.384436949179,47.6417133567091],[-122.384340612117,47.6417781227397],[-122.384177162918,47.6418449140592],[-122.384022351954,47.6418846743914],[-122.3836336388,47.6419276205282],[-122.38328161185,47.6420116572313]]},"properties":{"OBJECTID":132287,"SE_ANNO_CAD_DATA":"","F_INTR_ID":10169,"T_INTR_ID":9419,"SND_ID":17731,"SND_FEACODE":77,"CITYCODE":1,"STNAME_ID":3053,"ST_CODE":22,"ARTERIAL_CODE":0,"SEGMENT_TYPE":8,"AGENCY_CODE":1,"ACCESS_CODE":1,"DIVIDED_CODE":1,"STRUCTURE_TYPE":1,"LEGALLOC_CODE":3,"VEHICLE_USE_CODE":2,"GIS_SEG_LENGTH":3733.951308,"L_ADRS_FROM":0,"L_ADRS_TO":0,"R_ADRS_FROM":0,"R_ADRS_TO":0,"ORD_PRE_DIR":null,"ORD_STREET_NAME":"ELLIOTT BAY","ORD_STREET_TYPE":"TRL","ORD_SUF_DIR":null,"ORD_STNAME_CONCAT":"ELLIOTT BAY TRL","L_CITY":"SEATTLE","L_STATE":"WA","L_ZIP":"98119","R_CITY":"SEATTLE","R_STATE":"WA","R_ZIP":"98119","SNDSEG_UPDATE":"Thu, 02 Mar 2023 16:36:58 GMT","COMPKEY":287059,"COMPTYPE":68,"UNITID":"06561","UNITID2":"0260"}},{"type":"Feature","id":132288,"geometry":{"type":"LineString","coordinates":[[-122.297476813753,47.5902604492287],[-122.297374641101,47.5901605691786],[-122.297438584477,47.589848488927],[-122.297433193399,47.5898059847842],[-122.297417607506,47.5897319566161],[-122.297402718153,47.5896612302215],[-122.29741836254,47.5895920034309],[-122.297476346064,47.5895269913759],[-122.297502944152,47.5894719047158],[-122.297490720318,47.5894125570028],[-122.29748877955,47.5893435565652],[-122.297511791776,47.5892861348755],[-122.297559358273,47.5892260176596],[-122.297610508826,47.5891682344147],[-122.29762270249,47.5891014324972],[-122.297628264762,47.5890489960431],[-122.297609138999,47.5889944979879],[-122.297575879783,47.5889378015693],[-122.297522119358,47.5889027902481],[-122.29744779368,47.5888870864417],[-122.297345530477,47.5888788813559],[-122.297240219794,47.5888873779069],[-122.297163848674,47.5889240631521],[-122.2971262318,47.5889626309643],[-122.297096457473,47.5890028465655],[-122.297061821455,47.5890223342341],[-122.297026918819,47.5890323037411],[-122.296986196363,47.5890235115135]]},"properties":{"OBJECTID":132288,"SE_ANNO_CAD_DATA":"","F_INTR_ID":13058,"T_INTR_ID":13127,"SND_ID":50257,"SND_FEACODE":77,"CITYCODE":1,"STNAME_ID":4478,"ST_CODE":22,"ARTERIAL_CODE":0,"SEGMENT_TYPE":8,"AGENCY_CODE":1,"ACCESS_CODE":1,"DIVIDED_CODE":1,"STRUCTURE_TYPE":1,"LEGALLOC_CODE":3,"VEHICLE_USE_CODE":2,"GIS_SEG_LENGTH":684,"L_ADRS_FROM":0,"L_ADRS_TO":0,"R_ADRS_FROM":0,"R_ADRS_TO":0,"ORD_PRE_DIR":null,"ORD_STREET_NAME":"MTS 28TH AVE CONNCTR","ORD_STREET_TYPE":"TRL","ORD_SUF_DIR":null,"ORD_STNAME_CONCAT":"MTS 28TH AVE CONNCTR TRL","L_CITY":"SEATTLE","L_STATE":"WA","L_ZIP":"98144","R_CITY":"SEATTLE","R_STATE":"WA","R_ZIP":"98144","SNDSEG_UPDATE":"Fri, 28 Jun 2024 16:51:59 GMT","COMPKEY":885101,"COMPTYPE":68,"UNITID":"19180","UNITID2":"0140"}},{"type":"Feature","id":132289,"geometry":{"type":"LineString","coordinates":[[-122.320856496758,47.6555907100811],[-122.320856472599,47.6556676706122],[-122.320856088437,47.6557033000231],[-122.320854145925,47.6558932524309]]},"properties":{"OBJECTID":132289,"SE_ANNO_CAD_DATA":"","F_INTR_ID":8367,"T_INTR_ID":8314,"SND_ID":13956,"SND_FEACODE":77,"CITYCODE":1,"STNAME_ID":544,"ST_CODE":22,"ARTERIAL_CODE":0,"SEGMENT_TYPE":8,"AGENCY_CODE":1,"ACCESS_CODE":1,"DIVIDED_CODE":1,"STRUCTURE_TYPE":1,"LEGALLOC_CODE":1,"VEHICLE_USE_CODE":2,"GIS_SEG_LENGTH":110,"L_ADRS_FROM":3997,"L_ADRS_TO":3999,"R_ADRS_FROM":3996,"R_ADRS_TO":3998,"ORD_PRE_DIR":null,"ORD_STREET_NAME":"7TH","ORD_STREET_TYPE":"AVE","ORD_SUF_DIR":"NE","ORD_STNAME_CONCAT":"7TH AVE NE","L_CITY":"SEATTLE","L_STATE":"WA","L_ZIP":"98105","R_CITY":"SEATTLE","R_STATE":"WA","R_ZIP":"98105","SNDSEG_UPDATE":"Thu, 17 Apr 2025 16:19:28 GMT","COMPKEY":0,"COMPTYPE":0,"UNITID":"0","UNITID2":"0"}},{"type":"Feature","id":132290,"geometry":{"type":"LineString","coordinates":[[-122.377746988477,47.631562256705],[-122.377836356816,47.6315558893162]]},"properties":{"OBJECTID":132290,"SE_ANNO_CAD_DATA":"","F_INTR_ID":10364,"T_INTR_ID":10366,"SND_ID":42571,"SND_FEACODE":77,"CITYCODE":1,"STNAME_ID":2781,"ST_CODE":22,"ARTERIAL_CODE":0,"SEGMENT_TYPE":8,"AGENCY_CODE":1,"ACCESS_CODE":1,"DIVIDED_CODE":1,"STRUCTURE_TYPE":1,"LEGALLOC_CODE":1,"VEHICLE_USE_CODE":2,"GIS_SEG_LENGTH":22.157090999999998,"L_ADRS_FROM":1601,"L_ADRS_TO":1699,"R_ADRS_FROM":1600,"R_ADRS_TO":1698,"ORD_PRE_DIR":"W","ORD_STREET_NAME":"GALER","ORD_STREET_TYPE":"ST","ORD_SUF_DIR":null,"ORD_STNAME_CONCAT":"W GALER ST","L_CITY":"SEATTLE","L_STATE":"WA","L_ZIP":"98119","R_CITY":"SEATTLE","R_STATE":"WA","R_ZIP":"98119","SNDSEG_UPDATE":"Fri, 02 Feb 2007 00:00:00 GMT","COMPKEY":0,"COMPTYPE":0,"UNITID":"0","UNITID2":"0"}},{"type":"Feature","id":132291,"geometry":{"type":"LineString","coordinates":[[-122.38328161185,47.6420116572313],[-122.382519898791,47.6420040225915],[-122.381982480797,47.6419166524579]]},"properties":{"OBJECTID":132291,"SE_ANNO_CAD_DATA":"","F_INTR_ID":9419,"T_INTR_ID":9425,"SND_ID":47185,"SND_FEACODE":77,"CITYCODE":1,"STNAME_ID":3053,"ST_CODE":22,"ARTERIAL_CODE":0,"SEGMENT_TYPE":8,"AGENCY_CODE":1,"ACCESS_CODE":1,"DIVIDED_CODE":1,"STRUCTURE_TYPE":1,"LEGALLOC_CODE":3,"VEHICLE_USE_CODE":2,"GIS_SEG_LENGTH":324,"L_ADRS_FROM":0,"L_ADRS_TO":0,"R_ADRS_FROM":0,"R_ADRS_TO":0,"ORD_PRE_DIR":null,"ORD_STREET_NAME":"ELLIOTT BAY","ORD_STREET_TYPE":"TRL","ORD_SUF_DIR":null,"ORD_STNAME_CONCAT":"ELLIOTT BAY TRL","L_CITY":"SEATTLE","L_STATE":"WA","L_ZIP":"98119","R_CITY":"SEATTLE","R_STATE":"WA","R_ZIP":"98119","SNDSEG_UPDATE":"Thu, 20 Jul 2017 12:11:27 GMT","COMPKEY":287058,"COMPTYPE":68,"UNITID":"06561","UNITID2":"0250"}},{"type":"Feature","id":132292,"geometry":{"type":"LineString","coordinates":[[-122.322322466695,47.5248210182793],[-122.322329566774,47.5246887937435],[-122.320718471229,47.5230918747965],[-122.320689350514,47.5230718718973],[-122.32067292762,47.5230642468126],[-122.320624553337,47.523045540491],[-122.320577914351,47.5230336070369],[-122.320540741469,47.5230288669675],[-122.320498940426,47.5230241874761],[-122.320449574071,47.5230248337501],[-122.320414107645,47.5230258206455],[-122.320383403546,47.5230314493258],[-122.320358217834,47.5230411871183],[-122.320340770769,47.523058357841]]},"properties":{"OBJECTID":132292,"SE_ANNO_CAD_DATA":"","F_INTR_ID":18097,"T_INTR_ID":18221,"SND_ID":33958,"SND_FEACODE":77,"CITYCODE":1,"STNAME_ID":3040,"ST_CODE":22,"ARTERIAL_CODE":0,"SEGMENT_TYPE":8,"AGENCY_CODE":1,"ACCESS_CODE":1,"DIVIDED_CODE":1,"STRUCTURE_TYPE":1,"LEGALLOC_CODE":3,"VEHICLE_USE_CODE":2,"GIS_SEG_LENGTH":858,"L_ADRS_FROM":0,"L_ADRS_TO":0,"R_ADRS_FROM":0,"R_ADRS_TO":0,"ORD_PRE_DIR":null,"ORD_STREET_NAME":"DUWAMISH RIVER","ORD_STREET_TYPE":"TRL","ORD_SUF_DIR":null,"ORD_STNAME_CONCAT":"DUWAMISH RIVER TRL","L_CITY":"SEATTLE","L_STATE":"WA","L_ZIP":"98108","R_CITY":"SEATTLE","R_STATE":"WA","R_ZIP":"98108","SNDSEG_UPDATE":"Wed, 19 Jul 2017 08:45:50 GMT","COMPKEY":286977,"COMPTYPE":68,"UNITID":"06487","UNITID2":"0880"}},{"type":"Feature","id":132293,"geometry":{"type":"LineString","coordinates":[[-122.29604972028,47.5912787639408],[-122.295956948828,47.591165918184],[-122.295999452887,47.5910408482673],[-122.296010454447,47.5909410876849],[-122.295943254244,47.590842333748],[-122.295853577612,47.5907625453404],[-122.29583368924,47.5907098794184],[-122.295812023776,47.5905753458181]]},"properties":{"OBJECTID":132293,"SE_ANNO_CAD_DATA":"","F_INTR_ID":12976,"T_INTR_ID":13020,"SND_ID":22018,"SND_FEACODE":77,"CITYCODE":1,"STNAME_ID":687,"ST_CODE":22,"ARTERIAL_CODE":0,"SEGMENT_TYPE":8,"AGENCY_CODE":1,"ACCESS_CODE":1,"DIVIDED_CODE":1,"STRUCTURE_TYPE":1,"LEGALLOC_CODE":1,"VEHICLE_USE_CODE":2,"GIS_SEG_LENGTH":275.809218,"L_ADRS_FROM":1350,"L_ADRS_TO":1380,"R_ADRS_FROM":1351,"R_ADRS_TO":1381,"ORD_PRE_DIR":null,"ORD_STREET_NAME":"BRADNER","ORD_STREET_TYPE":"PL","ORD_SUF_DIR":"S","ORD_STNAME_CONCAT":"BRADNER PL S","L_CITY":"SEATTLE","L_STATE":"WA","L_ZIP":"98144","R_CITY":"SEATTLE","R_STATE":"WA","R_ZIP":"98144","SNDSEG_UPDATE":"Thu, 24 Feb 2011 00:00:00 GMT","COMPKEY":0,"COMPTYPE":0,"UNITID":"0","UNITID2":"0"}},{"type":"Feature","id":132294,"geometry":{"type":"LineString","coordinates":[[-122.348824880474,47.5712480792172],[-122.348825795755,47.5712576541831],[-122.348837666099,47.5712786889529],[-122.348866022748,47.5713005458573],[-122.348901558551,47.5713196936725],[-122.348965438152,47.5713297921991],[-122.349001479876,47.5713334805136],[-122.349051809292,47.571334199653],[-122.349324651198,47.5713361530846],[-122.3567165819,47.5712648443755],[-122.35765166126,47.5713224964326]]},"properties":{"OBJECTID":132294,"SE_ANNO_CAD_DATA":"","F_INTR_ID":47335,"T_INTR_ID":46390,"SND_ID":47763,"SND_FEACODE":77,"CITYCODE":1,"STNAME_ID":3802,"ST_CODE":22,"ARTERIAL_CODE":0,"SEGMENT_TYPE":8,"AGENCY_CODE":1,"ACCESS_CODE":1,"DIVIDED_CODE":1,"STRUCTURE_TYPE":1,"LEGALLOC_CODE":3,"VEHICLE_USE_CODE":2,"GIS_SEG_LENGTH":2195,"L_ADRS_FROM":0,"L_ADRS_TO":0,"R_ADRS_FROM":0,"R_ADRS_TO":0,"ORD_PRE_DIR":null,"ORD_STREET_NAME":"WEST SEATTLE BRIDGE","ORD_STREET_TYPE":"TRL","ORD_SUF_DIR":null,"ORD_STNAME_CONCAT":"WEST SEATTLE BRIDGE TRL","L_CITY":"SEATTLE","L_STATE":"WA","L_ZIP":"98134","R_CITY":"SEATTLE","R_STATE":"WA","R_ZIP":"98134","SNDSEG_UPDATE":"Thu, 20 Jul 2017 12:09:48 GMT","COMPKEY":286993,"COMPTYPE":68,"UNITID":"10418","UNITID2":"0113"}},{"type":"Feature","id":132295,"geometry":{"type":"LineString","coordinates":[[-122.246637065684,47.5531070438257],[-122.246640237683,47.5527830540451],[-122.246865907274,47.552282174843],[-122.247119993709,47.5519469661822],[-122.247795906199,47.5512866071186],[-122.248391502068,47.5507527742846],[-122.248945010687,47.5502113633928],[-122.249213893053,47.5499812490281],[-122.249603235766,47.5497820281014],[-122.250028888976,47.5495985504928],[-122.25050879389,47.5494305927887],[-122.251221768324,47.5492556756158],[-122.251762887451,47.5491395902153],[-122.25221553326,47.5490691507158],[-122.252477950141,47.5490415773745],[-122.252761719304,47.5490216072753],[-122.252973653123,47.5490582336908],[-122.253111915031,47.5491005397374],[-122.253660746779,47.5491151033758],[-122.253885934417,47.5490575453073],[-122.254010701866,47.5492088217966],[-122.254423951012,47.5492183179843],[-122.255434369551,47.5491794297131],[-122.255807979369,47.5491981374204],[-122.255853041634,47.5491986105445],[-122.255896467567,47.5492053861601],[-122.255969947672,47.5492340306345],[-122.256281345108,47.5493619944719],[-122.256352511429,47.5493932359024],[-122.256384235478,47.5494606741883],[-122.25640047386,47.5494759411441],[-122.25645699679,47.5494859448728],[-122.256520906415,47.5495089460669],[-122.256554889261,47.5497090079569]]},"properties":{"OBJECTID":132295,"SE_ANNO_CAD_DATA":"","F_INTR_ID":47867,"T_INTR_ID":16357,"SND_ID":49113,"SND_FEACODE":77,"CITYCODE":1,"STNAME_ID":3295,"ST_CODE":22,"ARTERIAL_CODE":0,"SEGMENT_TYPE":8,"AGENCY_CODE":1,"ACCESS_CODE":1,"DIVIDED_CODE":1,"STRUCTURE_TYPE":1,"LEGALLOC_CODE":3,"VEHICLE_USE_CODE":2,"GIS_SEG_LENGTH":3374,"L_ADRS_FROM":0,"L_ADRS_TO":0,"R_ADRS_FROM":0,"R_ADRS_TO":0,"ORD_PRE_DIR":null,"ORD_STREET_NAME":"SEWARD PARK","ORD_STREET_TYPE":"TRL","ORD_SUF_DIR":null,"ORD_STNAME_CONCAT":"SEWARD PARK TRL","L_CITY":"SEATTLE","L_STATE":"WA","L_ZIP":"98118","R_CITY":"SEATTLE","R_STATE":"WA","R_ZIP":"98118","SNDSEG_UPDATE":"Thu, 12 Jan 2023 17:43:50 GMT","COMPKEY":0,"COMPTYPE":0,"UNITID":"0","UNITID2":"0"}},{"type":"Feature","id":132296,"geometry":{"type":"LineString","coordinates":[[-122.35765166126,47.5713224964326],[-122.357228736391,47.5709631597758]]},"properties":{"OBJECTID":132296,"SE_ANNO_CAD_DATA":"","F_INTR_ID":46390,"T_INTR_ID":14567,"SND_ID":27405,"SND_FEACODE":77,"CITYCODE":1,"STNAME_ID":3040,"ST_CODE":22,"ARTERIAL_CODE":0,"SEGMENT_TYPE":8,"AGENCY_CODE":1,"ACCESS_CODE":1,"DIVIDED_CODE":1,"STRUCTURE_TYPE":1,"LEGALLOC_CODE":3,"VEHICLE_USE_CODE":2,"GIS_SEG_LENGTH":168,"L_ADRS_FROM":0,"L_ADRS_TO":0,"R_ADRS_FROM":0,"R_ADRS_TO":0,"ORD_PRE_DIR":null,"ORD_STREET_NAME":"DUWAMISH RIVER","ORD_STREET_TYPE":"TRL","ORD_SUF_DIR":null,"ORD_STNAME_CONCAT":"DUWAMISH RIVER TRL","L_CITY":"SEATTLE","L_STATE":"WA","L_ZIP":"98106","R_CITY":"SEATTLE","R_STATE":"WA","R_ZIP":"98106","SNDSEG_UPDATE":"Wed, 19 Jul 2017 08:45:36 GMT","COMPKEY":286964,"COMPTYPE":68,"UNITID":"06487","UNITID2":"0364"}},{"type":"Feature","id":132297,"geometry":{"type":"LineString","coordinates":[[-122.381982480797,47.6419166524579],[-122.381887000392,47.6418724449829],[-122.381834655815,47.641838464854],[-122.381787314068,47.6417697239031],[-122.381759936921,47.6373009004126],[-122.381824756972,47.6372469593182],[-122.381738450378,47.6363237760946],[-122.381650894378,47.6359904329678],[-122.381526153246,47.6356917394951],[-122.381362836844,47.6354067024323],[-122.381157402263,47.6351291305698],[-122.380913905634,47.6348659973016],[-122.380665806673,47.634644937521],[-122.37981021126,47.6339566915246],[-122.379780863633,47.633914372618],[-122.379765837663,47.6338813512673],[-122.37974890725,47.633784277651],[-122.379722926924,47.6337371657905],[-122.379700953791,47.6337066117881],[-122.379646968584,47.6336622536616],[-122.379576070302,47.6336394847349],[-122.379331724001,47.6335778562457],[-122.379197101699,47.6334980998946],[-122.379130959592,47.6333581054008],[-122.378853302399,47.6332548755926]]},"properties":{"OBJECTID":132297,"SE_ANNO_CAD_DATA":"","F_INTR_ID":9425,"T_INTR_ID":10230,"SND_ID":17737,"SND_FEACODE":77,"CITYCODE":1,"STNAME_ID":3053,"ST_CODE":22,"ARTERIAL_CODE":0,"SEGMENT_TYPE":8,"AGENCY_CODE":1,"ACCESS_CODE":1,"DIVIDED_CODE":1,"STRUCTURE_TYPE":1,"LEGALLOC_CODE":3,"VEHICLE_USE_CODE":2,"GIS_SEG_LENGTH":3447,"L_ADRS_FROM":0,"L_ADRS_TO":0,"R_ADRS_FROM":0,"R_ADRS_TO":0,"ORD_PRE_DIR":null,"ORD_STREET_NAME":"ELLIOTT BAY","ORD_STREET_TYPE":"TRL","ORD_SUF_DIR":null,"ORD_STNAME_CONCAT":"ELLIOTT BAY TRL","L_CITY":"SEATTLE","L_STATE":"WA","L_ZIP":"98119","R_CITY":"SEATTLE","R_STATE":"WA","R_ZIP":"98119","SNDSEG_UPDATE":"Thu, 20 Jul 2017 12:09:56 GMT","COMPKEY":287057,"COMPTYPE":68,"UNITID":"06561","UNITID2":"0160"}},{"type":"Feature","id":132298,"geometry":{"type":"LineString","coordinates":[[-122.332132652526,47.5341477686057],[-122.331508483411,47.5340350643183],[-122.331467018033,47.5340171231503],[-122.331433420032,47.5339879852422],[-122.331414816072,47.5339105809865],[-122.331410140707,47.5337479484375],[-122.331395539265,47.5337148626782],[-122.331316792618,47.5336345538185],[-122.331092158508,47.5334175079974],[-122.331058987327,47.5334031547239],[-122.331015059313,47.5333944893787],[-122.330952028855,47.5333860766856],[-122.330861764017,47.5333798708125],[-122.328232302425,47.5333608825354],[-122.328143433183,47.5334191497786]]},"properties":{"OBJECTID":132298,"SE_ANNO_CAD_DATA":"","F_INTR_ID":17422,"T_INTR_ID":17479,"SND_ID":49196,"SND_FEACODE":77,"CITYCODE":1,"STNAME_ID":4250,"ST_CODE":22,"ARTERIAL_CODE":0,"SEGMENT_TYPE":8,"AGENCY_CODE":1,"ACCESS_CODE":1,"DIVIDED_CODE":1,"STRUCTURE_TYPE":1,"LEGALLOC_CODE":3,"VEHICLE_USE_CODE":2,"GIS_SEG_LENGTH":1157,"L_ADRS_FROM":0,"L_ADRS_TO":0,"R_ADRS_FROM":0,"R_ADRS_TO":0,"ORD_PRE_DIR":null,"ORD_STREET_NAME":"WEST DUWAMISH","ORD_STREET_TYPE":"TRL","ORD_SUF_DIR":null,"ORD_STNAME_CONCAT":"WEST DUWAMISH TRL","L_CITY":"SEATTLE","L_STATE":"WA","L_ZIP":"98108","R_CITY":"SEATTLE","R_STATE":"WA","R_ZIP":"98108","SNDSEG_UPDATE":"Fri, 09 Dec 2016 11:04:32 GMT","COMPKEY":664301,"COMPTYPE":68,"UNITID":"06488","UNITID2":"0015"}},{"type":"Feature","id":132299,"geometry":{"type":"LineString","coordinates":[[-122.384862906176,47.5950256990175],[-122.385042855421,47.5950847919844],[-122.385349537762,47.5951592430213],[-122.385711334347,47.595225451861],[-122.385928145165,47.5952561943479],[-122.38617726222,47.5952565382075],[-122.386371156907,47.5952613804491],[-122.386658562219,47.5952462226937],[-122.386942997431,47.5952139885965],[-122.38717210027,47.5951615098242],[-122.387330179305,47.595120968896],[-122.387648436817,47.5950267521778],[-122.390062815764,47.5939270760315],[-122.390423626624,47.593693085091],[-122.390604434048,47.5935234700561],[-122.393009460444,47.5906767420122],[-122.401074189037,47.5836898163424],[-122.40189686861,47.5829724188706],[-122.402318485299,47.5826907546166],[-122.40284017517,47.5824592400037],[-122.409291693891,47.5796413498084],[-122.411957662689,47.5788888956141]]},"properties":{"OBJECTID":132299,"SE_ANNO_CAD_DATA":"","F_INTR_ID":46402,"T_INTR_ID":46385,"SND_ID":47195,"SND_FEACODE":77,"CITYCODE":1,"STNAME_ID":2957,"ST_CODE":22,"ARTERIAL_CODE":0,"SEGMENT_TYPE":8,"AGENCY_CODE":1,"ACCESS_CODE":1,"DIVIDED_CODE":1,"STRUCTURE_TYPE":1,"LEGALLOC_CODE":3,"VEHICLE_USE_CODE":2,"GIS_SEG_LENGTH":9303,"L_ADRS_FROM":0,"L_ADRS_TO":0,"R_ADRS_FROM":0,"R_ADRS_TO":0,"ORD_PRE_DIR":null,"ORD_STREET_NAME":"ALKI","ORD_STREET_TYPE":"TRL","ORD_SUF_DIR":null,"ORD_STNAME_CONCAT":"ALKI TRL","L_CITY":"SEATTLE","L_STATE":"WA","L_ZIP":"98116","R_CITY":"SEATTLE","R_STATE":"WA","R_ZIP":"98116","SNDSEG_UPDATE":"Thu, 20 Jul 2017 12:08:54 GMT","COMPKEY":287005,"COMPTYPE":68,"UNITID":"05096","UNITID2":"0400"}},{"type":"Feature","id":132300,"geometry":{"type":"LineString","coordinates":[[-122.348160088317,47.5551145123756],[-122.348188595896,47.5550920604405],[-122.348190670799,47.5550557982491],[-122.347873939907,47.5548301851586],[-122.347702551327,47.5547019457913],[-122.347565342654,47.5545959507518],[-122.347483508983,47.5545204290553],[-122.347397239662,47.5544364551502],[-122.347267694677,47.5543209972544],[-122.347190307712,47.5542344787527],[-122.347099179247,47.5541435360863],[-122.346915985076,47.5539294068453],[-122.34686601082,47.5538599277866],[-122.346665402075,47.5535042151432],[-122.34658574236,47.5533393936679],[-122.34650581581,47.5531653600458],[-122.346445764762,47.5529726304855],[-122.345030398584,47.548136937934],[-122.344475270848,47.5450610658118],[-122.344474325367,47.545055168957],[-122.344473378352,47.5450492728246],[-122.344472427456,47.5450433769192],[-122.344471473705,47.5450374808763],[-122.344470517623,47.5450315848645],[-122.344469558696,47.5450256890659],[-122.344468598494,47.5450197939863],[-122.344467634127,47.54501389826],[-122.344466667448,47.5450080032665],[-122.344465697925,47.5450021084863],[-122.344464725811,47.5449962137404],[-122.344463752164,47.544990319717],[-122.344462774869,47.5449844250401],[-122.344461794749,47.5449785312782],[-122.34446081333,47.544972637358],[-122.3444598265,47.5449667445628],[-122.344458838325,47.5449608500305],[-122.344457849159,47.5449549570908],[-122.344456855594,47.5449490643851],[-122.344455859697,47.5449431717104],[-122.344454862505,47.5449372790529],[-122.344453861169,47.5449313864505],[-122.344452857007,47.5449254947631],[-122.344451850489,47.5449196022297],[-122.344450842442,47.5449137105939],[-122.344449830504,47.5449078188344],[-122.344448816011,47.5449019283373],[-122.344447800192,47.5448960368049],[-122.344446780254,47.5448901462047],[-122.3444457577,47.5448842547618],[-122.34444473258,47.5448783642305],[-122.344443704895,47.5448724746108],[-122.344442675631,47.5448665841346],[-122.344441642506,47.5448606945871],[-122.344440606764,47.5448548041971],[-122.344439568199,47.5448489147219],[-122.344438527307,47.5448430254532],[-122.344437484882,47.5448371369069],[-122.344436438336,47.5448312492928],[-122.344435389383,47.5448253590783],[-122.344434338957,47.5448194716913],[-122.344433284614,47.5448135833033],[-122.344432228982,47.544807695108],[-122.344431169483,47.5448018076661],[-122.34443010714,47.5447959204375],[-122.344429042227,47.544790033945],[-122.344427975968,47.5447841457155],[-122.344426905594,47.5447782585937],[-122.344425834205,47.5447723721873],[-122.34442475738,47.5447664860286],[-122.344423680296,47.5447605998734],[-122.34442259958,47.5447547135909],[-122.344421517315,47.5447488275046],[-122.34442043119,47.5447429423471],[-122.344419342469,47.5447370570486],[-122.344418252457,47.5447311719426],[-122.344417158326,47.544725287769],[-122.344416062875,47.5447194027354],[-122.344414963532,47.544713517578],[-122.344413861396,47.5447076343882],[-122.344412757939,47.5447017503385],[-122.344411650596,47.5446958663404],[-122.344410540688,47.5446899832539],[-122.34440942946,47.5446840993075],[-122.344408315407,47.5446782162761],[-122.344407196198,47.5446723341907],[-122.344406076964,47.5446664512282],[-122.344404953611,47.5446605691978],[-122.344403828962,47.5446546871847],[-122.344402701723,47.5446488052061],[-122.344401570597,47.5446429232791],[-122.344400436907,47.5446370422636],[-122.344399301662,47.5446311612688],[-122.344398162511,47.544625279624],[-122.344397020556,47.5446193995958],[-122.34439587754,47.5446135187043],[-122.344394731699,47.5446076387279],[-122.344393581978,47.5446017589784],[-122.344392430956,47.5445958790708],[-122.344391275789,47.5445899992183],[-122.344390118322,47.5445841204493],[-122.344388959295,47.5445782415256],[-122.344387796128,47.5445723628323],[-122.34438663192,47.5445664839774],[-122.344385463571,47.5445606053531],[-122.344384293949,47.5445547274476],[-122.34438312174,47.544548849752],[-122.344381946652,47.5445429710418],[-122.344380767759,47.5445370951899],[-122.344379586224,47.5445312176183],[-122.344378403394,47.5445253400639],[-122.344377216466,47.5445194641434],[-122.34437602848,47.544513587535],[-122.34437483635,47.5445077109816],[-122.344373642691,47.5445018353261],[-122.3443724467,47.5444959597015],[-122.34437124788,47.5444900848165],[-122.344370045154,47.5444842092815],[-122.344368841133,47.5444783337637],[-122.344367633017,47.5444724600551],[-122.344366424877,47.5444665854695],[-122.344365211555,47.5444607109528],[-122.344363996988,47.5444548382075],[-122.344362778226,47.5444489637631],[-122.344361558199,47.5444430903884],[-122.344360335603,47.5444372177498],[-122.34435910912,47.5444313451629],[-122.344357881316,47.5444254717161],[-122.344356650714,47.5444196000614],[-122.344355416205,47.5444137277567],[-122.344354180163,47.5444078561743],[-122.344352941764,47.5444019837458],[-122.344350642998,47.5443911227426],[-122.343957654187,47.5427682042338],[-122.343956458366,47.5427623761614],[-122.343954968162,47.5427565314699],[-122.343953466325,47.5427506878106],[-122.343951952362,47.5427448460672],[-122.343950425239,47.5427390062537],[-122.343948887493,47.5427331665814],[-122.343947336332,47.5427273290178],[-122.343945774829,47.5427214922936],[-122.34394419991,47.5427156576781],[-122.343942614685,47.5427098251299],[-122.343941016009,47.5427039934625],[-122.343939405441,47.5426981628307],[-122.343937784307,47.5426923342696],[-122.343936149753,47.5426865076418],[-122.343934503567,47.542680682046],[-122.343932846499,47.5426748565949],[-122.343931175026,47.542669034845],[-122.343929494516,47.5426632142682],[-122.34392780056,47.5426573947476],[-122.343926094739,47.5426515771395],[-122.343924376766,47.5426457605704],[-122.343922647186,47.5426399459105],[-122.343920905512,47.5426341342191],[-122.34391915218,47.5426283226827],[-122.343917388018,47.5426225130451],[-122.343915610695,47.5426167053373],[-122.343913821485,47.5426108988405],[-122.34391202041,47.5426050942562],[-122.343910207209,47.542599291588],[-122.343908382401,47.542593490829],[-122.343906545442,47.5425876911089],[-122.343904696882,47.5425818934733],[-122.343902836191,47.5425760975784],[-122.343900963645,47.5425703039469],[-122.343899078943,47.542564511179],[-122.343897183929,47.542558720303],[-122.343895274489,47.5425529324265],[-122.343893355464,47.5425471446775],[-122.343891424858,47.5425413597146],[-122.34388947951,47.5425355758252],[-122.343887524917,47.5425297948665],[-122.343885557138,47.5425240149604],[-122.343883577233,47.5425182369704],[-122.343881587017,47.5425124608723],[-122.343879583386,47.542506686883],[-122.343877568147,47.5425009148027],[-122.343875542079,47.5424951446212],[-122.343873504145,47.5424893763524],[-122.343871453029,47.5424836093117],[-122.343869391368,47.5424778450435],[-122.343867317841,47.5424720826878],[-122.343865232164,47.542466321371],[-122.34386313491,47.542460563016],[-122.343861024236,47.5424548065942],[-122.343858904286,47.5424490520505],[-122.343856771176,47.5424432994367],[-122.343854626179,47.5424375480337],[-122.343852469366,47.5424318002976],[-122.343850300637,47.5424260527198],[-122.343848121389,47.5424203087916],[-122.343845929995,47.5424145660777],[-122.343843724144,47.5424088253109],[-122.343841510598,47.5424030872786],[-122.343839282311,47.5423973503197],[-122.34383704325,47.5423916171892],[-122.343834792557,47.5423858850908],[-122.343832531267,47.5423801540106],[-122.343830255577,47.5423744268071],[-122.343827970328,47.542368700608],[-122.343825673497,47.5423629771952],[-122.343823363276,47.5423572567681],[-122.343821042454,47.5423515371839],[-122.343818708502,47.542345820582],[-122.343816363958,47.5423401051738],[-122.34381400731,47.5423343923832],[-122.34381163906,47.5423286816773],[-122.343809258736,47.5423229746415],[-122.343806868055,47.5423172679189],[-122.343804463999,47.5423115647083],[-122.343802049353,47.5423058626914],[-122.343799622871,47.5423001636395],[-122.343797184543,47.5422944672019],[-122.34379473433,47.5422887719751],[-122.343792273601,47.5422830805734],[-122.343789799448,47.5422773909295],[-122.343787314988,47.5422717033529],[-122.343784818403,47.5422660176923],[-122.343782309983,47.5422603349968],[-122.343779789692,47.5422546540385],[-122.343777258861,47.542248976028],[-122.343774714899,47.5422433009998],[-122.343772160341,47.5422376269899],[-122.34376959371,47.5422319566501],[-122.343767015471,47.5422262882195],[-122.343764425113,47.5422206218803],[-122.343761824469,47.5422149583102],[-122.343759211699,47.5422092966559],[-122.3437565858,47.5422036379841],[-122.343753949355,47.5421979820846],[-122.343751303635,47.5421923280633],[-122.343748643484,47.5421866768661],[-122.343745971239,47.5421810286374],[-122.343743289982,47.5421753824588],[-122.343740594031,47.5421697389323],[-122.343737888809,47.5421640974593],[-122.343735171981,47.5421584578955],[-122.343732443059,47.5421528213001],[-122.343729702347,47.5421471892487],[-122.343726951044,47.5421415583909],[-122.343724187896,47.5421359301473],[-122.343721412628,47.5421303039951],[-122.343718625778,47.5421246806292],[-122.343715826835,47.5421190602317],[-122.343713017606,47.5421134426032],[-122.343710196251,47.5421078268907],[-122.343707363087,47.5421022150205],[-122.343704519353,47.5420966050455],[-122.343701663783,47.5420909980356],[-122.343698796347,47.5420853929381],[-122.343695917097,47.5420797915075],[-122.343693027017,47.5420741919757],[-122.343690125387,47.5420685962826],[-122.343687211631,47.5420630025054],[-122.343684287595,47.5420574116727],[-122.34368135146,47.542051823633],[-122.343678403484,47.542046238383],[-122.343675444943,47.5420406552037],[-122.343672473292,47.5420350757083],[-122.343669491101,47.5420294991609],[-122.343666498334,47.5420239243333],[-122.343663495058,47.542018353506],[-122.343660478383,47.5420127853137],[-122.34365744881,47.542007219223],[-122.343654411024,47.5420016558738],[-122.343651361713,47.5419960972404],[-122.343648298931,47.541990538786],[-122.34364522566,47.5419849850336],[-122.343642140549,47.5419794340709],[-122.343639044867,47.5419738850035],[-122.343635937371,47.5419683396028],[-122.343632819365,47.5419627982024],[-122.343629687909,47.5419572576827],[-122.343626547493,47.5419517209673],[-122.343623393682,47.5419461870622],[-122.343620230911,47.5419406569613],[-122.343617054715,47.5419351286182],[-122.343613866714,47.5419296042926],[-122.343610669723,47.5419240827188],[-122.343607459312,47.5419185630782],[-122.343604238412,47.5419130481396],[-122.343601006937,47.5419075349209],[-122.343597763657,47.5419020257198],[-122.343594508277,47.5418965193117],[-122.343591242612,47.5418910156725],[-122.343587965112,47.5418855149984],[-122.343584676833,47.5418800179772],[-122.343581376689,47.5418745228686],[-122.343578066315,47.5418690324585],[-122.34357474252,47.5418635439816],[-122.343571409507,47.5418580593124],[-122.343568064654,47.5418525774328],[-122.343564707965,47.5418470985182],[-122.343561342312,47.5418416232325],[-122.343557963005,47.5418361507604],[-122.343554572147,47.5418306821271],[-122.34355117204,47.541825216249],[-122.343547758543,47.5418197533565],[-122.343544336081,47.5418142940928],[-122.343540901785,47.5418088377942],[-122.343537454093,47.5418033843058],[-122.343533998473,47.5417979344325],[-122.343530530007,47.541792488415],[-122.343527050738,47.5417870451734],[-122.343523560953,47.5417816057567],[-122.343520058008,47.5417761682697],[-122.34351654587,47.5417707354675],[-122.343513021891,47.5417653054549],[-122.343509487368,47.5417598782147],[-122.343505939739,47.5417544548338],[-122.343502382867,47.5417490343834],[-122.343498815241,47.5417436184631],[-122.343495234713,47.5417382044691],[-122.343491644962,47.5417327941073],[-122.343488041877,47.5417273886608],[-122.343484429512,47.5417219849169],[-122.343480805601,47.5417165851872],[-122.343477170882,47.5417111880578],[-122.343473524378,47.5417057956476],[-122.343469867594,47.5417004061818],[-122.343466200006,47.5416950194917],[-122.343462519334,47.5416896373627],[-122.343458829417,47.5416842581643],[-122.34345512898,47.5416788826152],[-122.343451416709,47.5416735100313],[-122.343447692364,47.5416681411173],[-122.343443957764,47.5416627760249],[-122.343440212645,47.541657414582],[-122.343436456986,47.5416520560867],[-122.343432689253,47.5416467012617],[-122.343428911265,47.541641350258],[-122.343425121203,47.5416360029245],[-122.343421322182,47.5416306593952],[-122.343417511061,47.5416253186589],[-122.343413688131,47.5416199817647],[-122.343409854941,47.5416146485165],[-122.343406010972,47.5416093189212],[-122.343402156489,47.5416039931507],[-122.343398290171,47.5415986703453],[-122.343394413359,47.5415933520664],[-122.343390526033,47.5415880376123],[-122.343386626837,47.5415827248953],[-122.343382717182,47.5415774179328],[-122.343378798278,47.5415721137254],[-122.343374866264,47.5415668132019],[-122.343370923736,47.5415615165033],[-122.343366970693,47.5415562236295],[-122.343363007131,47.5415509344052],[-122.343359032822,47.5415456498862],[-122.343355046906,47.5415403672763],[-122.343351051792,47.5415350891757],[-122.343347044634,47.5415298157977],[-122.3433430259,47.5415245453813],[-122.343338996363,47.5415192777406],[-122.343334957912,47.5415140154828],[-122.343330906072,47.5415087562108],[-122.343326846567,47.5415035007257],[-122.343322773718,47.541498249805],[-122.343318691626,47.5414930018148],[-122.343314598003,47.5414877583649],[-122.343310493581,47.5414825178662],[-122.343306378666,47.5414772818941],[-122.343302253237,47.5414720497468],[-122.343298116018,47.5414668221432],[-122.343293969814,47.5414615974667],[-122.343289811563,47.5414563773374],[-122.343285644092,47.5414511610157],[-122.343281463511,47.5414459483779],[-122.343277273686,47.5414407386706],[-122.343273073398,47.5414355345423],[-122.343268861296,47.5414303340807],[-122.343264639944,47.5414251363741],[-122.343260406833,47.5414199442639],[-122.343256164478,47.5414147550841],[-122.34325191163,47.5414095704309],[-122.343247646708,47.5414043894476],[-122.343243371536,47.5413992124613],[-122.343239084569,47.5413940398432],[-122.343234788389,47.5413888712081],[-122.34323048169,47.5413837062225],[-122.343226164238,47.5413785457668],[-122.343221835236,47.5413733891497],[-122.343217497009,47.5413682361648],[-122.3432131483,47.5413630880573],[-122.343208788832,47.5413579443042],[-122.343204417763,47.5413528026356],[-122.343200035997,47.5413476674265],[-122.343195646562,47.541342535829],[-122.343191244022,47.5413374080906],[-122.343186832263,47.5413322841599],[-122.34318240843,47.5413271638993],[-122.343177975684,47.5413220490216],[-122.343173530844,47.5413169371122],[-122.343169075774,47.5413118299013],[-122.343164611506,47.5413067271997],[-122.34316013649,47.5413016292035],[-122.343155651214,47.5412965348531],[-122.343151153869,47.5412914443483],[-122.343146647591,47.5412863585247],[-122.343142130559,47.5412812772311],[-122.343137603272,47.5412761997587],[-122.343133064171,47.541271125953],[-122.343128515618,47.5412660568354],[-122.34312395683,47.5412609922409],[-122.343119388564,47.5412559314574],[-122.343114808799,47.5412508762666],[-122.34311021955,47.5412458247115],[-122.343105618752,47.541240776995],[-122.343101008755,47.5412357337876],[-122.34309638801,47.5412306952856],[-122.343091755715,47.5412256606223],[-122.343087115258,47.5412206304543],[-122.343082463276,47.541215605002],[-122.343077800801,47.5412105840763],[-122.343073128847,47.5412055669615],[-122.343068445338,47.5412005535099],[-122.343063752408,47.5411955457988],[-122.343059049237,47.5411905424354],[-122.343054335558,47.5411855430722],[-122.34304961268,47.5411805482183],[-122.343044877755,47.5411755579115],[-122.343040133869,47.5411705714087],[-122.343035379521,47.541165590485],[-122.343030614394,47.5411606132141],[-122.343025840307,47.5411556397472],[-122.343021054488,47.5411506727537],[-122.343016259419,47.5411457085152],[-122.343011453887,47.5411407498557],[-122.343006637603,47.5411357957261],[-122.343001812384,47.5411308462777],[-122.342996975356,47.5411259006713],[-122.342992130424,47.5411209595569],[-122.342987272414,47.5411160231788],[-122.342982407801,47.5411110914509],[-122.342977530129,47.541106165161],[-122.342972644534,47.5411012426614],[-122.342967747124,47.5410963238284],[-122.342962840572,47.5410914114343],[-122.342957924775,47.5410865019705]]},"properties":{"OBJECTID":132300,"SE_ANNO_CAD_DATA":"","F_INTR_ID":15806,"T_INTR_ID":16930,"SND_ID":42684,"SND_FEACODE":77,"CITYCODE":1,"STNAME_ID":3040,"ST_CODE":22,"ARTERIAL_CODE":0,"SEGMENT_TYPE":8,"AGENCY_CODE":1,"ACCESS_CODE":1,"DIVIDED_CODE":1,"STRUCTURE_TYPE":1,"LEGALLOC_CODE":3,"VEHICLE_USE_CODE":2,"GIS_SEG_LENGTH":5353,"L_ADRS_FROM":0,"L_ADRS_TO":0,"R_ADRS_FROM":0,"R_ADRS_TO":0,"ORD_PRE_DIR":null,"ORD_STREET_NAME":"DUWAMISH RIVER","ORD_STREET_TYPE":"TRL","ORD_SUF_DIR":null,"ORD_STNAME_CONCAT":"DUWAMISH RIVER TRL","L_CITY":"SEATTLE","L_STATE":"WA","L_ZIP":"98106","R_CITY":"SEATTLE","R_STATE":"WA","R_ZIP":"98106","SNDSEG_UPDATE":"Wed, 19 Jul 2017 08:46:36 GMT","COMPKEY":286968,"COMPTYPE":68,"UNITID":"06487","UNITID2":"0540"}},{"type":"Feature","id":132301,"geometry":{"type":"LineString","coordinates":[[-122.283231659974,47.5309333097143],[-122.283084882967,47.5307482950893],[-122.283017563955,47.5306647016735],[-122.282970470259,47.5306286565742],[-122.282913246753,47.5305886699381],[-122.282859879366,47.5305432050477],[-122.28280639781,47.5304936692479],[-122.282748457386,47.5304279048004],[-122.282712742005,47.5303686423407],[-122.282679264401,47.5302956579294],[-122.282667088981,47.5302402882365],[-122.282657679751,47.53019018997],[-122.282639820129,47.5298361816111],[-122.282627993533,47.5297711844834],[-122.282606186924,47.5297076732806],[-122.282578522962,47.5296496647672],[-122.28231847386,47.5292509020873],[-122.28211801544,47.528963321498],[-122.28208961341,47.5289233556405],[-122.282023358198,47.5288603470851],[-122.281770680063,47.5286955348085],[-122.281682196651,47.5286361703714],[-122.281547486126,47.5285202635712],[-122.281496484102,47.5284705037833],[-122.281449788929,47.5283971629999],[-122.281385453821,47.528313966915],[-122.281349286589,47.528262336645],[-122.281313585092,47.5282275041418],[-122.28117058933,47.5281233881646],[-122.281103958545,47.5280816000324],[-122.281057067698,47.5280397600202],[-122.2810236531,47.5280007592629],[-122.280988372559,47.5279091135033],[-122.280861963521,47.5278656713727]]},"properties":{"OBJECTID":132301,"SE_ANNO_CAD_DATA":"","F_INTR_ID":47220,"T_INTR_ID":17915,"SND_ID":47184,"SND_FEACODE":77,"CITYCODE":1,"STNAME_ID":3800,"ST_CODE":22,"ARTERIAL_CODE":0,"SEGMENT_TYPE":8,"AGENCY_CODE":1,"ACCESS_CODE":1,"DIVIDED_CODE":1,"STRUCTURE_TYPE":1,"LEGALLOC_CODE":3,"VEHICLE_USE_CODE":2,"GIS_SEG_LENGTH":1302,"L_ADRS_FROM":0,"L_ADRS_TO":0,"R_ADRS_FROM":0,"R_ADRS_TO":0,"ORD_PRE_DIR":null,"ORD_STREET_NAME":"CHIEF SEALTH","ORD_STREET_TYPE":"TRL","ORD_SUF_DIR":null,"ORD_STNAME_CONCAT":"CHIEF SEALTH TRL","L_CITY":"SEATTLE","L_STATE":"WA","L_ZIP":"98118","R_CITY":"SEATTLE","R_STATE":"WA","R_ZIP":"98118","SNDSEG_UPDATE":"Thu, 20 Jul 2017 12:11:41 GMT","COMPKEY":286931,"COMPTYPE":68,"UNITID":"05919","UNITID2":"0790"}},{"type":"Feature","id":132302,"geometry":{"type":"LineString","coordinates":[[-122.292307132355,47.5443374126161],[-122.292208718183,47.5442036875596],[-122.292195068538,47.5441708248974],[-122.292194095103,47.544144973943],[-122.292200024413,47.5441204872337],[-122.292220386546,47.5440900613767],[-122.292240869274,47.5440639430512],[-122.292269553151,47.5440276645575],[-122.292285956005,47.5440073443958],[-122.292291553803,47.5439799804401],[-122.292290226937,47.543932596678],[-122.292271049743,47.5438538400265],[-122.29222333906,47.5437424200372],[-122.292198886915,47.5437010706919],[-122.292184796447,47.5436524133655],[-122.292185500302,47.5435260006883]]},"properties":{"OBJECTID":132302,"SE_ANNO_CAD_DATA":"","F_INTR_ID":47219,"T_INTR_ID":46389,"SND_ID":47158,"SND_FEACODE":77,"CITYCODE":1,"STNAME_ID":3800,"ST_CODE":22,"ARTERIAL_CODE":0,"SEGMENT_TYPE":8,"AGENCY_CODE":1,"ACCESS_CODE":1,"DIVIDED_CODE":1,"STRUCTURE_TYPE":1,"LEGALLOC_CODE":3,"VEHICLE_USE_CODE":2,"GIS_SEG_LENGTH":311,"L_ADRS_FROM":0,"L_ADRS_TO":0,"R_ADRS_FROM":0,"R_ADRS_TO":0,"ORD_PRE_DIR":null,"ORD_STREET_NAME":"CHIEF SEALTH","ORD_STREET_TYPE":"TRL","ORD_SUF_DIR":null,"ORD_STNAME_CONCAT":"CHIEF SEALTH TRL","L_CITY":"SEATTLE","L_STATE":"WA","L_ZIP":"98108","R_CITY":"SEATTLE","R_STATE":"WA","R_ZIP":"98108","SNDSEG_UPDATE":"Thu, 20 Jul 2017 12:08:16 GMT","COMPKEY":286927,"COMPTYPE":68,"UNITID":"05919","UNITID2":"0650"}},{"type":"Feature","id":132303,"geometry":{"type":"LineString","coordinates":[[-122.277573834414,47.5233138528657],[-122.277577823967,47.523184017336],[-122.277547634602,47.5231214366383],[-122.277325161598,47.5227427172676],[-122.277323945795,47.5226012784304]]},"properties":{"OBJECTID":132303,"SE_ANNO_CAD_DATA":"","F_INTR_ID":46397,"T_INTR_ID":47221,"SND_ID":47181,"SND_FEACODE":77,"CITYCODE":1,"STNAME_ID":3800,"ST_CODE":22,"ARTERIAL_CODE":0,"SEGMENT_TYPE":8,"AGENCY_CODE":1,"ACCESS_CODE":1,"DIVIDED_CODE":1,"STRUCTURE_TYPE":1,"LEGALLOC_CODE":3,"VEHICLE_USE_CODE":2,"GIS_SEG_LENGTH":272,"L_ADRS_FROM":0,"L_ADRS_TO":0,"R_ADRS_FROM":0,"R_ADRS_TO":0,"ORD_PRE_DIR":null,"ORD_STREET_NAME":"CHIEF SEALTH","ORD_STREET_TYPE":"TRL","ORD_SUF_DIR":null,"ORD_STNAME_CONCAT":"CHIEF SEALTH TRL","L_CITY":"SEATTLE","L_STATE":"WA","L_ZIP":"98118","R_CITY":"SEATTLE","R_STATE":"WA","R_ZIP":"98118","SNDSEG_UPDATE":"Thu, 20 Jul 2017 12:07:58 GMT","COMPKEY":286936,"COMPTYPE":68,"UNITID":"05919","UNITID2":"0900"}},{"type":"Feature","id":132304,"geometry":{"type":"LineString","coordinates":[[-122.280861963521,47.5278656713727],[-122.280786779,47.5277223727217],[-122.279952662984,47.527154835163],[-122.27959972754,47.5264140308959],[-122.279564781716,47.526334318121],[-122.279501815136,47.5262158511973],[-122.279265354832,47.5261140436992]]},"properties":{"OBJECTID":132304,"SE_ANNO_CAD_DATA":"","F_INTR_ID":17915,"T_INTR_ID":18039,"SND_ID":47189,"SND_FEACODE":77,"CITYCODE":1,"STNAME_ID":3800,"ST_CODE":22,"ARTERIAL_CODE":0,"SEGMENT_TYPE":8,"AGENCY_CODE":1,"ACCESS_CODE":1,"DIVIDED_CODE":1,"STRUCTURE_TYPE":1,"LEGALLOC_CODE":3,"VEHICLE_USE_CODE":2,"GIS_SEG_LENGTH":777,"L_ADRS_FROM":0,"L_ADRS_TO":0,"R_ADRS_FROM":0,"R_ADRS_TO":0,"ORD_PRE_DIR":null,"ORD_STREET_NAME":"CHIEF SEALTH","ORD_STREET_TYPE":"TRL","ORD_SUF_DIR":null,"ORD_STNAME_CONCAT":"CHIEF SEALTH TRL","L_CITY":"SEATTLE","L_STATE":"WA","L_ZIP":"98118","R_CITY":"SEATTLE","R_STATE":"WA","R_ZIP":"98118","SNDSEG_UPDATE":"Thu, 20 Jul 2017 12:09:21 GMT","COMPKEY":286932,"COMPTYPE":68,"UNITID":"05919","UNITID2":"0840"}},{"type":"Feature","id":132305,"geometry":{"type":"LineString","coordinates":[[-122.285536181901,47.666840334827],[-122.285325678528,47.6668226368974],[-122.285184689249,47.6669715052993],[-122.284991312003,47.6671560866216],[-122.284807643354,47.6673084435956]]},"properties":{"OBJECTID":132305,"SE_ANNO_CAD_DATA":"","F_INTR_ID":47364,"T_INTR_ID":46401,"SND_ID":48660,"SND_FEACODE":77,"CITYCODE":1,"STNAME_ID":2994,"ST_CODE":22,"ARTERIAL_CODE":0,"SEGMENT_TYPE":8,"AGENCY_CODE":1,"ACCESS_CODE":1,"DIVIDED_CODE":1,"STRUCTURE_TYPE":1,"LEGALLOC_CODE":3,"VEHICLE_USE_CODE":2,"GIS_SEG_LENGTH":271,"L_ADRS_FROM":0,"L_ADRS_TO":0,"R_ADRS_FROM":0,"R_ADRS_TO":0,"ORD_PRE_DIR":null,"ORD_STREET_NAME":"BURKE GILMAN","ORD_STREET_TYPE":"TRL","ORD_SUF_DIR":null,"ORD_STNAME_CONCAT":"BURKE GILMAN TRL","L_CITY":"SEATTLE","L_STATE":"WA","L_ZIP":"98105","R_CITY":"SEATTLE","R_STATE":"WA","R_ZIP":"98105","SNDSEG_UPDATE":"Thu, 02 May 2019 08:51:57 GMT","COMPKEY":287212,"COMPTYPE":68,"UNITID":"05778","UNITID2":"0710"}},{"type":"Feature","id":132306,"geometry":{"type":"LineString","coordinates":[[-122.361322245878,47.6543067301321],[-122.360831459627,47.6536755458948]]},"properties":{"OBJECTID":132306,"SE_ANNO_CAD_DATA":"","F_INTR_ID":8449,"T_INTR_ID":8536,"SND_ID":11245,"SND_FEACODE":77,"CITYCODE":1,"STNAME_ID":2994,"ST_CODE":22,"ARTERIAL_CODE":0,"SEGMENT_TYPE":8,"AGENCY_CODE":1,"ACCESS_CODE":1,"DIVIDED_CODE":1,"STRUCTURE_TYPE":1,"LEGALLOC_CODE":3,"VEHICLE_USE_CODE":2,"GIS_SEG_LENGTH":260,"L_ADRS_FROM":0,"L_ADRS_TO":0,"R_ADRS_FROM":0,"R_ADRS_TO":0,"ORD_PRE_DIR":null,"ORD_STREET_NAME":"BURKE GILMAN","ORD_STREET_TYPE":"TRL","ORD_SUF_DIR":null,"ORD_STNAME_CONCAT":"BURKE GILMAN TRL","L_CITY":"SEATTLE","L_STATE":"WA","L_ZIP":"98107","R_CITY":"SEATTLE","R_STATE":"WA","R_ZIP":"98107","SNDSEG_UPDATE":"Thu, 02 May 2019 08:52:36 GMT","COMPKEY":287197,"COMPTYPE":68,"UNITID":"05778","UNITID2":"0460"}},{"type":"Feature","id":132307,"geometry":{"type":"LineString","coordinates":[[-122.279371364764,47.7190614840692],[-122.279527942968,47.7190767731118],[-122.279822613405,47.7193225759885],[-122.280477080029,47.7197994742509],[-122.280503554623,47.71981924505],[-122.280554214513,47.7198585305215],[-122.280603413927,47.719898652271],[-122.280651116596,47.7199395872457],[-122.280697301184,47.719981307114],[-122.280741930119,47.7200237888397],[-122.280784987878,47.7200670073516],[-122.280826435168,47.7201109338442],[-122.280866256425,47.7201555418429],[-122.280904420183,47.7202008034957],[-122.2809409085,47.7202466909542],[-122.280975695089,47.7202931755987],[-122.281008761756,47.7203402299348],[-122.281040080121,47.7203878248428],[-122.281069642245,47.7204359276091],[-122.28109741933,47.7204845128041],[-122.281123402638,47.7205335470222],[-122.281147572703,47.7205830038381],[-122.281169497487,47.7206319197065],[-122.281169914005,47.7206328490546],[-122.281190410924,47.720683054267],[-122.281209053469,47.72073358784],[-122.281225832728,47.7207844193533],[-122.28124073267,47.7208355151424],[-122.281253747674,47.720886841586],[-122.281499430451,47.7219338691605],[-122.281507692325,47.7219707815333],[-122.281519018243,47.7220284949677],[-122.281528441949,47.7220863622425],[-122.281535958823,47.7221443577959],[-122.281541561288,47.7222024525939],[-122.281545252605,47.7222606146568],[-122.281547021366,47.7223188174559],[-122.281546875905,47.7223770336848],[-122.281544814402,47.7224352356401],[-122.28154083169,47.7224933874125],[-122.281534937861,47.7225514688683],[-122.281527132197,47.7226094450945],[-122.281517420274,47.7226672925048],[-122.281505801215,47.7227249798733],[-122.281492287957,47.722782477027],[-122.281476882089,47.7228397572712],[-122.281459597664,47.7228967932262],[-122.281440436476,47.7229535560888],[-122.280799765393,47.7247584823663],[-122.280778713346,47.7248206470255],[-122.280759532958,47.7248830890576],[-122.280742237931,47.7249457772288],[-122.280726829321,47.7250086932761],[-122.280713317699,47.7250718056542],[-122.280701702629,47.7251350890997],[-122.280691998496,47.725198518336],[-122.280684199953,47.7252620692146],[-122.280678317404,47.7253257135264],[-122.280674346959,47.7253894234187],[-122.280673320201,47.7254213135816],[-122.280672295263,47.7254531758191],[-122.280672159428,47.7255169414581],[-122.280673943548,47.7255806990502],[-122.280677641026,47.7256444169163],[-122.280683255357,47.7257080709703],[-122.280690785562,47.7257716350771],[-122.280700223427,47.7258350849482],[-122.280711566288,47.7258983900826],[-122.280724813787,47.7259615280221],[-122.280739954521,47.7260244720616],[-122.280756986436,47.7260871948508],[-122.280775902087,47.7261496717398],[-122.280796691438,47.7262118782873],[-122.280819344618,47.7262737867155],[-122.280843856537,47.7263353728708],[-122.280880420473,47.7264191088598],[-122.280909300074,47.7264798246084],[-122.280940000458,47.7265401339777],[-122.280972507382,47.726600011],[-122.281267347658,47.7271161710959],[-122.282109818034,47.7285909732216],[-122.282135528137,47.7286372048817],[-122.282156140709,47.7286758801287],[-122.282176961103,47.7287174529829],[-122.282191774455,47.7287487972804],[-122.282225081341,47.728825102251],[-122.282244740558,47.7288754743048],[-122.282264610387,47.7289314715035],[-122.282275032676,47.7289636101963],[-122.282296629899,47.7290389358924],[-122.282313933068,47.7291120013095],[-122.282321185246,47.7291473053222],[-122.282331654269,47.7292044223904],[-122.282194436393,47.7292596878967]]},"properties":{"OBJECTID":132307,"SE_ANNO_CAD_DATA":"","F_INTR_ID":3085,"T_INTR_ID":2653,"SND_ID":5898,"SND_FEACODE":77,"CITYCODE":1,"STNAME_ID":2994,"ST_CODE":22,"ARTERIAL_CODE":0,"SEGMENT_TYPE":8,"AGENCY_CODE":1,"ACCESS_CODE":1,"DIVIDED_CODE":1,"STRUCTURE_TYPE":1,"LEGALLOC_CODE":3,"VEHICLE_USE_CODE":2,"GIS_SEG_LENGTH":4008,"L_ADRS_FROM":0,"L_ADRS_TO":0,"R_ADRS_FROM":0,"R_ADRS_TO":0,"ORD_PRE_DIR":null,"ORD_STREET_NAME":"BURKE GILMAN","ORD_STREET_TYPE":"TRL","ORD_SUF_DIR":null,"ORD_STNAME_CONCAT":"BURKE GILMAN TRL","L_CITY":"SEATTLE","L_STATE":"WA","L_ZIP":"98125","R_CITY":"SEATTLE","R_STATE":"WA","R_ZIP":"98125","SNDSEG_UPDATE":"Thu, 02 May 2019 08:52:34 GMT","COMPKEY":287234,"COMPTYPE":68,"UNITID":"05778","UNITID2":"1250"}},{"type":"Feature","id":132308,"geometry":{"type":"LineString","coordinates":[[-122.252983597454,47.5898298261915],[-122.253485752029,47.5897524269604],[-122.253995739607,47.5897460583473],[-122.285008484321,47.5904023283917],[-122.286673601939,47.5904442463505],[-122.287205204384,47.5904710257758],[-122.287609052625,47.5904868560699],[-122.287800225574,47.5905263960072],[-122.28789877505,47.5905828656782],[-122.287962490286,47.5906365630244],[-122.288110076574,47.5907636886474]]},"properties":{"OBJECTID":132308,"SE_ANNO_CAD_DATA":"","F_INTR_ID":13103,"T_INTR_ID":46204,"SND_ID":46218,"SND_FEACODE":77,"CITYCODE":1,"STNAME_ID":3808,"ST_CODE":22,"ARTERIAL_CODE":0,"SEGMENT_TYPE":8,"AGENCY_CODE":1,"ACCESS_CODE":1,"DIVIDED_CODE":1,"STRUCTURE_TYPE":1,"LEGALLOC_CODE":3,"VEHICLE_USE_CODE":2,"GIS_SEG_LENGTH":8717.302128,"L_ADRS_FROM":0,"L_ADRS_TO":0,"R_ADRS_FROM":0,"R_ADRS_TO":0,"ORD_PRE_DIR":null,"ORD_STREET_NAME":"MOUNTAINS TO SOUND","ORD_STREET_TYPE":"TRL","ORD_SUF_DIR":null,"ORD_STNAME_CONCAT":"MOUNTAINS TO SOUND TRL","L_CITY":"SEATTLE","L_STATE":"WA","L_ZIP":"98144","R_CITY":"SEATTLE","R_STATE":"WA","R_ZIP":"98144","SNDSEG_UPDATE":"Wed, 10 Oct 2018 13:56:22 GMT","COMPKEY":287027,"COMPTYPE":68,"UNITID":"08767","UNITID2":"0350"}},{"type":"Feature","id":132309,"geometry":{"type":"LineString","coordinates":[[-122.354483675518,47.6504691499265],[-122.354537264247,47.6504296247599],[-122.354586127863,47.6503758041447],[-122.354590923384,47.650332797116],[-122.354574090452,47.6503091641991],[-122.354544998521,47.650280242588],[-122.354486504648,47.6502462602204],[-122.354366121216,47.6502001537386],[-122.354127950875,47.6501276730275],[-122.354089273587,47.6501159196895],[-122.35406465397,47.6501019338039],[-122.353868668382,47.649988672818],[-122.353832956423,47.6499748351727],[-122.353790265744,47.6499638172761],[-122.353742513853,47.6499521849879],[-122.353714969111,47.6499416467902],[-122.353503269498,47.6498429087894],[-122.353479559406,47.6498255029863],[-122.353464983836,47.6498100189886],[-122.353443740915,47.6497734941937],[-122.35327354599,47.6496917980407],[-122.352051075341,47.6491353584827],[-122.351005357284,47.6486769047619],[-122.35023673005,47.6483330596712],[-122.350029863619,47.6482584342935],[-122.349874107426,47.6482438362568],[-122.349720010629,47.6481996233382],[-122.349607959602,47.6481340655796],[-122.34953108907,47.6480457956755],[-122.349452120141,47.647994495194],[-122.34852221015,47.6476158740563],[-122.348397465549,47.6475612389018],[-122.348276751478,47.6475389702094],[-122.348186536772,47.647532225147],[-122.347928513841,47.6475523271832],[-122.347620135487,47.6476179241878],[-122.347467929926,47.6476532939375],[-122.347409087046,47.6476839128518],[-122.347342690248,47.647716678902],[-122.347242520689,47.6477758484212],[-122.347167357087,47.64785396324],[-122.347144514988,47.6479093499597],[-122.347129901756,47.6479673819313],[-122.347132226163,47.6480472212123],[-122.347159356576,47.6485591318391]]},"properties":{"OBJECTID":132309,"SE_ANNO_CAD_DATA":"","F_INTR_ID":8813,"T_INTR_ID":8949,"SND_ID":11451,"SND_FEACODE":77,"CITYCODE":1,"STNAME_ID":2994,"ST_CODE":22,"ARTERIAL_CODE":0,"SEGMENT_TYPE":8,"AGENCY_CODE":1,"ACCESS_CODE":1,"DIVIDED_CODE":1,"STRUCTURE_TYPE":1,"LEGALLOC_CODE":3,"VEHICLE_USE_CODE":2,"GIS_SEG_LENGTH":2507,"L_ADRS_FROM":0,"L_ADRS_TO":0,"R_ADRS_FROM":0,"R_ADRS_TO":0,"ORD_PRE_DIR":null,"ORD_STREET_NAME":"BURKE GILMAN","ORD_STREET_TYPE":"TRL","ORD_SUF_DIR":null,"ORD_STNAME_CONCAT":"BURKE GILMAN TRL","L_CITY":"SEATTLE","L_STATE":"WA","L_ZIP":"98103","R_CITY":"SEATTLE","R_STATE":"WA","R_ZIP":"98103","SNDSEG_UPDATE":"Thu, 02 May 2019 08:51:56 GMT","COMPKEY":287238,"COMPTYPE":68,"UNITID":"05778","UNITID2":"0480"}},{"type":"Feature","id":132310,"geometry":{"type":"LineString","coordinates":[[-122.300604980548,47.6662667185574],[-122.300494470729,47.6662024747603],[-122.300440279843,47.6662031962388],[-122.300437779517,47.6662034578031],[-122.300435278152,47.6662037193806],[-122.300432776453,47.6662039783302],[-122.300430274753,47.6662042372797],[-122.300427773029,47.666204495352],[-122.300425271301,47.6662047532489],[-122.300422768204,47.6662050087065],[-122.300420266401,47.6662052639719],[-122.30041776325,47.6662055174997],[-122.300415261422,47.6662057718879],[-122.300412758196,47.6662060227843],[-122.300410254736,47.666206274561],[-122.300407750182,47.6662065244215],[-122.300405246907,47.6662067735635],[-122.300402743602,47.6662070216529],[-122.300400238974,47.6662072688818],[-122.300397734321,47.6662075152335],[-122.300395229359,47.6662077598344],[-122.300392724657,47.6662080044318],[-122.3003902199,47.6662082470995],[-122.300387713824,47.6662084890822],[-122.300385209043,47.6662087308726],[-122.300382703927,47.6662089700351],[-122.300380197797,47.666209210088],[-122.300377691618,47.6662094483865],[-122.30037518513,47.6662096849342],[-122.300372678901,47.6662099214784],[-122.300370171344,47.6662101569868],[-122.300367664806,47.66621039178],[-122.300365157175,47.666210624657],[-122.300362650557,47.6662108566433],[-122.300360142901,47.666211088643],[-122.300357635196,47.6662113188884],[-122.300355128499,47.6662115480678],[-122.300352619445,47.6662117765756],[-122.300350112699,47.6662120040007],[-122.300347603566,47.6662122297016],[-122.300345094179,47.6662124555812],[-122.300342584996,47.6662126795277],[-122.300340074251,47.6662129033188],[-122.300337566057,47.6662131254977],[-122.3003350568,47.6662133468127],[-122.300332547254,47.6662135670785],[-122.300330037968,47.6662137873409],[-122.300327528347,47.6662140049752],[-122.300325017428,47.6662142226262],[-122.300322505186,47.6662144394168],[-122.300319995751,47.6662146544163],[-122.300317484728,47.6662148683832],[-122.30031497371,47.6662150825255],[-122.300312464195,47.6662152947181],[-122.3003099518,47.6662155060702],[-122.300307440707,47.666215717581],[-122.300304928232,47.6662159261263],[-122.30030241732,47.6662161348268],[-122.300299904825,47.6662163426703],[-122.300297393599,47.6662165494445],[-122.300294879726,47.6662167544978],[-122.300292368691,47.6662169588126],[-122.300289854793,47.6662171629886],[-122.300287342145,47.6662173653937],[-122.300284826894,47.6662175676568],[-122.30028231547,47.6662177674136],[-122.300279801474,47.6662179680811],[-122.300277288696,47.6662181659249],[-122.300274774596,47.6662183629083],[-122.300272260495,47.6662185598916],[-122.300269745047,47.6662187551374],[-122.300267232195,47.6662189503497],[-122.30026471799,47.666219143649],[-122.300262203791,47.6662193371237],[-122.300259688214,47.6662195278082],[-122.300257172666,47.6662197195453],[-122.300254657034,47.6662199083],[-122.300252142706,47.6662200972135],[-122.300249627054,47.6662202852665],[-122.300247111353,47.6662204715652],[-122.300244595652,47.6662206578638],[-122.300242078598,47.6662208422494],[-122.300239562817,47.6662210257412],[-122.300237046752,47.6662212083592],[-122.300234530947,47.6662213909737],[-122.300232015092,47.6662215718339],[-122.30022949789,47.6662217509566],[-122.300226980657,47.6662219290267],[-122.300224463454,47.6662221081493],[-122.300221945913,47.6662222844684],[-122.300219428606,47.6662224599069],[-122.300216911299,47.6662226353454],[-122.300214393943,47.6662228090297],[-122.300211875004,47.6662229818568],[-122.300209357568,47.6662231527341],[-122.300206841436,47.6662233237701],[-122.300204321379,47.6662234938037],[-122.300201802311,47.6662236620696],[-122.300199284801,47.6662238303154],[-122.300196765968,47.6662239977007],[-122.30019424685,47.6662241642122],[-122.300191727913,47.6662243279135],[-122.300189208981,47.6662244917902],[-122.30018668976,47.6662246546177],[-122.300184169474,47.6662248165813],[-122.300181650463,47.666224977651],[-122.300179131142,47.6662251369699],[-122.300176610783,47.666225296302],[-122.300174091408,47.666225453691],[-122.300171570974,47.6662256103917],[-122.300169050276,47.6662257669203],[-122.300166529788,47.6662259216912],[-122.300164009275,47.6662260755849],[-122.300161488477,47.6662262286049],[-122.300158967915,47.6662263807442],[-122.300156447043,47.6662265311327],[-122.300153926426,47.6662266813423],[-122.300151405555,47.6662268317307],[-122.300148884839,47.6662269784317],[-122.300146362564,47.6662271251527],[-122.300143841824,47.6662272709766],[-122.3001413195,47.6662274159433],[-122.300138797147,47.6662275598574],[-122.300136275033,47.6662277030665],[-122.300133753929,47.6662278452095],[-122.300131231766,47.6662279866642],[-122.300128709288,47.6662281261925],[-122.300126185483,47.666228264685],[-122.300123664539,47.666228403316],[-122.300121141988,47.6662285402128],[-122.300118618373,47.6662286762458],[-122.300116095767,47.6662288112128],[-122.300113573396,47.6662289452994],[-122.300111049392,47.6662290767745],[-122.300108526737,47.6662292099872],[-122.300106002733,47.6662293414623],[-122.300103480238,47.666229471163],[-122.300100956155,47.6662295998312],[-122.300098432053,47.6662297277976],[-122.300095909479,47.6662298546914],[-122.300093384048,47.6662299816219],[-122.300090861165,47.6662301067647],[-122.300088337193,47.6662302301666],[-122.300085811663,47.6662303535884],[-122.300083288701,47.6662304759243],[-122.300080763097,47.6662305967147],[-122.300078239021,47.6662307164324],[-122.300075713363,47.6662308352931],[-122.300073190301,47.6662309541203],[-122.300070664593,47.6662310712265],[-122.300068140418,47.6662311874356],[-122.300065614631,47.666231301735],[-122.300063090147,47.6662314161931],[-122.30006056431,47.6662315287382],[-122.300058038474,47.6662316412832],[-122.30005551417,47.666231752931],[-122.300052988259,47.6662318628446],[-122.300050462323,47.666231971881],[-122.300047936363,47.6662320800402],[-122.300045411671,47.6662321871301],[-122.300042884357,47.6662322933763],[-122.300040358557,47.6662323980235],[-122.300037833767,47.6662325016048],[-122.300035306379,47.6662326052194],[-122.30003278026,47.6662327077648],[-122.300030254096,47.6662328087313],[-122.300027727903,47.6662329086452],[-122.300025201949,47.666233007854],[-122.300022674408,47.6662331060302],[-122.300020149439,47.6662332032958],[-122.300017621823,47.6662332988407],[-122.300015094208,47.6662333943854],[-122.300012567866,47.6662334890363],[-122.300010040171,47.6662335817741],[-122.300007512452,47.6662336736348],[-122.300004986035,47.6662337656541],[-122.300002458242,47.6662338548833],[-122.299999931771,47.6662339449729],[-122.299997403923,47.6662340322724],[-122.299994876079,47.6662341197472],[-122.299992349745,47.6662342054477],[-122.299989821847,47.6662342909927],[-122.299987293924,47.6662343756607],[-122.299984765952,47.6662344585742],[-122.299982237955,47.6662345406107],[-122.299979709958,47.6662346226471],[-122.299977181887,47.666234702052],[-122.299974653811,47.6662347812815],[-122.299972125691,47.6662348589321],[-122.299969597565,47.6662349364073],[-122.299967069415,47.6662350130052],[-122.299964541215,47.6662350878489],[-122.29996201299,47.6662351618155],[-122.299959484766,47.6662352357819],[-122.299956955164,47.6662353069583],[-122.299954426865,47.6662353782933],[-122.299951898536,47.6662354485757],[-122.299949370183,47.6662355179809],[-122.299946840506,47.6662355865256],[-122.299944312079,47.6662356532994],[-122.299941782328,47.6662357192127],[-122.299939253871,47.6662357849339],[-122.29993672407,47.6662358490928],[-122.299934195564,47.6662359130596],[-122.299931665684,47.6662359744117],[-122.299929138402,47.6662360357303],[-122.299926608497,47.6662360962052],[-122.299924079842,47.666236154909],[-122.299921551187,47.6662362136128],[-122.299919019645,47.6662362713008],[-122.29991649117,47.6662363271944],[-122.299913962411,47.6662363822141],[-122.299911432074,47.6662364365522],[-122.29990890326,47.6662364896422],[-122.299906373128,47.6662365420471],[-122.299903841673,47.6662365935916],[-122.29990131276,47.6662366431729],[-122.299898783852,47.6662366929296],[-122.29989625489,47.6662367407566],[-122.299893724629,47.6662367886003],[-122.299891194344,47.6662368355668],[-122.299888663984,47.6662368799019],[-122.29988613362,47.6662369240615],[-122.299883604534,47.6662369675026],[-122.299881075393,47.666237009014],[-122.299878544979,47.6662370514193],[-122.299876014491,47.6662370911931],[-122.299873483977,47.6662371300897],[-122.29987095318,47.6662371681125],[-122.29986842394,47.6662372061151],[-122.299865893348,47.6662372422049],[-122.299863362736,47.6662372775928],[-122.299860833392,47.6662373119114],[-122.299858302726,47.6662373453696],[-122.299855773308,47.6662373770568],[-122.299853242592,47.6662374087606],[-122.29985071312,47.666237438518],[-122.299848181031,47.6662374676071],[-122.299845650236,47.666237496504],[-122.299843120695,47.6662375238053],[-122.299840589825,47.6662375500707],[-122.299838060229,47.6662375754422],[-122.29983552931,47.6662375999533],[-122.299832998337,47.6662376225347],[-122.299830467108,47.6662376452948],[-122.299827937668,47.6662376669789],[-122.299825406366,47.6662376871075],[-122.299822875293,47.6662377061802],[-122.299820345494,47.666237724359],[-122.299817814372,47.6662377416773],[-122.299815284519,47.6662377579263],[-122.299812753348,47.6662377734903],[-122.299810222122,47.6662377871246],[-122.299807692199,47.6662378009176],[-122.299805160949,47.6662378136746],[-122.299802629648,47.6662378246774],[-122.299800099622,47.6662378347863],[-122.299797569591,47.6662378447197],[-122.299795038191,47.6662378522138],[-122.299792508086,47.6662378595158],[-122.299789976662,47.6662378661327],[-122.299787445208,47.666237871697],[-122.299784915028,47.6662378763674],[-122.299782383501,47.6662378793002],[-122.299779853246,47.6662378813392],[-122.299777322963,47.6662378823256],[-122.299774792659,47.6662378826102],[-122.299772261052,47.666237882736],[-122.299769730669,47.6662378802138],[-122.299767200286,47.6662378776915],[-122.29976466858,47.6662378743087],[-122.299762138123,47.6662378691549],[-122.299759607666,47.6662378640011],[-122.299757075621,47.6662378578147],[-122.299754545085,47.666237849854],[-122.299752014789,47.6662378411881],[-122.299749484178,47.666237830596],[-122.299746953593,47.6662378208809],[-122.299744422953,47.666237809236],[-122.299741890994,47.6662377969062],[-122.299739360285,47.6662377828053],[-122.299736829546,47.6662377676518],[-122.299734300105,47.6662377524816],[-122.299731769316,47.6662377355738],[-122.299729238503,47.6662377177888],[-122.299726706366,47.6662376991434],[-122.299724176827,47.6662376804645],[-122.299721647208,47.6662376589787],[-122.299719116296,47.666237637685],[-122.299716585354,47.6662376153388],[-122.299714056959,47.6662375912048],[-122.299711524644,47.6662375662438],[-122.299708994902,47.6662375403722],[-122.299706463856,47.6662375143418],[-122.299703932765,47.6662374867326],[-122.299701403203,47.6662374580506],[-122.299698872034,47.6662374276345],[-122.299696342167,47.6662373973771],[-122.299693812272,47.666237366067],[-122.299691281052,47.6662373338965],[-122.299688751077,47.6662372997795],[-122.299686219784,47.6662372649775],[-122.299683691083,47.6662372299666],[-122.299681161268,47.6662371923377],[-122.299678629901,47.6662371549042],[-122.299676099827,47.6662371172785],[-122.299673569678,47.6662370770214],[-122.2996710395,47.6662370357117],[-122.299668509327,47.6662369945774],[-122.299665979125,47.6662369523904],[-122.299663448877,47.6662369086247],[-122.299660920158,47.6662368637862],[-122.299658389857,47.6662368180907],[-122.29965585953,47.6662367715179],[-122.299653330473,47.6662367238759],[-122.299650800097,47.6662366755488],[-122.299648268398,47.6662366263613],[-122.299645740799,47.6662365751906],[-122.299643210344,47.6662365240566],[-122.299640682437,47.6662364711348],[-122.299638152167,47.666236417366],[-122.299635622936,47.6662363635838],[-122.299633092328,47.6662363070114],[-122.299630564321,47.666236250581],[-122.299628033948,47.6662361931281],[-122.299625505887,47.6662361347679],[-122.299622975179,47.6662360746868],[-122.299620447328,47.6662360145689],[-122.29961791787,47.6662359527169],[-122.299615388387,47.6662358899876],[-122.299612860432,47.6662358261857],[-122.299610330924,47.6662357625791],[-122.299607801337,47.6662356961658],[-122.299605273073,47.6662356306128],[-122.299602743696,47.6662355624418],[-122.299600215334,47.6662354933803],[-122.299597685668,47.6662354241599],[-122.29959515754,47.6662353542178],[-122.299592629098,47.6662352823493],[-122.299590100896,47.6662352097757],[-122.299587572375,47.6662351351003],[-122.299585043888,47.6662350616528],[-122.299582515602,47.6662349860969],[-122.299579987011,47.6662349089654],[-122.299577458681,47.6662348318305],[-122.299574931334,47.6662347527526],[-122.299572402949,47.6662346736879],[-122.299569875578,47.6662345937327],[-122.299567347094,47.6662345111595],[-122.299564819649,47.6662344285729],[-122.299562290905,47.6662343460029],[-122.29955976364,47.666234260606],[-122.299557236381,47.6662341753845],[-122.299554708831,47.6662340891137],[-122.299552181493,47.6662340010853],[-122.299549653894,47.6662339130603],[-122.299547126481,47.6662338224004],[-122.299544600131,47.6662337326042],[-122.29954207139,47.6662336409085],[-122.299539544991,47.6662335493579],[-122.299537017474,47.666233455014],[-122.299534491255,47.6662333606533],[-122.299531963454,47.6662332654354],[-122.299529437161,47.6662331684432],[-122.299526910633,47.6662330723314],[-122.299524384266,47.6662329727078],[-122.299521857894,47.6662328729087],[-122.299519331238,47.6662327722357],[-122.299516804846,47.6662326717348],[-122.299514278375,47.666232568427],[-122.299511753228,47.6662324659796],[-122.299509226443,47.6662323607454],[-122.299506701221,47.6662322556665],[-122.299504174646,47.6662321486746],[-122.29950164909,47.6662320409677],[-122.299499122491,47.6662319330985],[-122.29949659714,47.6662318234585],[-122.299494073064,47.6662317129245],[-122.299491546106,47.6662316015501],[-122.299489020676,47.666231489103],[-122.299486496525,47.6662313759375],[-122.299483971046,47.6662312617361],[-122.299481445523,47.6662311459559],[-122.299478921268,47.6662310291064],[-122.29947639543,47.6662309113997],[-122.299473871146,47.6662307934975],[-122.299471346817,47.6662306740164],[-122.299468822463,47.6662305536581],[-122.299466299378,47.6662304322306],[-122.299463773671,47.6662303099593],[-122.299461249214,47.666230185917],[-122.299458724756,47.6662300618746],[-122.299456201572,47.6662299369384],[-122.299453678339,47.6662298102479],[-122.299451153753,47.6662296816443],[-122.299448630495,47.6662295540766],[-122.299446107207,47.6662294254562],[-122.299443582571,47.6662292950983],[-122.299441060483,47.6662291629527],[-122.299438537096,47.6662290308237],[-122.299436013685,47.6662288978175],[-122.299433490219,47.6662287628817],[-122.299430968032,47.6662286272273],[-122.299428444542,47.6662284914143],[-122.2994259223,47.6662283538301],[-122.299423400059,47.666228216246],[-122.299420878027,47.6662280769042],[-122.299418355712,47.6662279366886],[-122.299415833347,47.6662277947187],[-122.299413580187,47.6662298288311],[-122.299161888785,47.6662079403213],[-122.299110875364,47.6662035041343],[-122.298796565072,47.666162219226],[-122.298447652648,47.666083604445],[-122.298097464413,47.6659596776434],[-122.297814993926,47.6658575429638],[-122.297497922603,47.6657180789939],[-122.297089501075,47.6655117955365],[-122.29670323077,47.6652976713771],[-122.296405549442,47.6650521905236],[-122.296177710008,47.6649040219443],[-122.295913783014,47.6646656612501],[-122.295617862514,47.6644473362557]]},"properties":{"OBJECTID":132310,"SE_ANNO_CAD_DATA":"","F_INTR_ID":7226,"T_INTR_ID":7421,"SND_ID":13313,"SND_FEACODE":77,"CITYCODE":1,"STNAME_ID":2994,"ST_CODE":22,"ARTERIAL_CODE":0,"SEGMENT_TYPE":8,"AGENCY_CODE":1,"ACCESS_CODE":1,"DIVIDED_CODE":1,"STRUCTURE_TYPE":1,"LEGALLOC_CODE":3,"VEHICLE_USE_CODE":2,"GIS_SEG_LENGTH":1477,"L_ADRS_FROM":0,"L_ADRS_TO":0,"R_ADRS_FROM":0,"R_ADRS_TO":0,"ORD_PRE_DIR":null,"ORD_STREET_NAME":"BURKE GILMAN","ORD_STREET_TYPE":"TRL","ORD_SUF_DIR":null,"ORD_STNAME_CONCAT":"BURKE GILMAN TRL","L_CITY":"SEATTLE","L_STATE":"WA","L_ZIP":"98105","R_CITY":"SEATTLE","R_STATE":"WA","R_ZIP":"98105","SNDSEG_UPDATE":"Thu, 02 May 2019 08:53:00 GMT","COMPKEY":287261,"COMPTYPE":68,"UNITID":"05778","UNITID2":"0660"}},{"type":"Feature","id":132311,"geometry":{"type":"LineString","coordinates":[[-122.273152483315,47.6992936293429],[-122.273151677282,47.6992969518134],[-122.273150319937,47.6993026390712],[-122.273148986335,47.6993083295387],[-122.273147676954,47.6993140216307],[-122.273146391841,47.6993197171012],[-122.273145129144,47.6993254147453],[-122.273143889107,47.6993311140336],[-122.273142675914,47.6993368157905],[-122.273141485685,47.699342520767],[-122.273140319176,47.6993482280762],[-122.273139175583,47.6993539368507],[-122.273138057249,47.6993596472365],[-122.27313696162,47.6993653608452],[-122.273135891251,47.6993710760652],[-122.273134843793,47.699376792575],[-122.273133820348,47.6993825126423],[-122.273132820854,47.6993882339863],[-122.27313184558,47.6993939569548],[-122.273130894261,47.6993996813755],[-122.273129966923,47.6994054081255],[-122.273129062269,47.6994111373968],[-122.273128184405,47.6994168672071],[-122.273127327638,47.6994225985058],[-122.273126496675,47.6994283322862],[-122.273125688108,47.6994340675386],[-122.273124905031,47.6994398033465],[-122.273124144375,47.6994455415034],[-122.273123409494,47.6994512810895],[-122.273122696989,47.699457021446],[-122.273122009999,47.699462763235],[-122.273121345665,47.6994685064926],[-122.273120706591,47.6994742513616],[-122.273120090428,47.6994799975204],[-122.273119497942,47.6994857444332],[-122.273118931205,47.6994914918981],[-122.273118386865,47.6994972408349],[-122.273117868045,47.6995029913797],[-122.273117373175,47.6995087432014],[-122.273116900918,47.6995144949129],[-122.273116453891,47.6995202471831],[-122.27311603108,47.6995260009024],[-122.273115632224,47.6995317560738],[-122.273115255981,47.6995375111351],[-122.273114905224,47.6995432665764],[-122.273114578427,47.6995490236455],[-122.273114275556,47.6995547811142],[-122.273113996597,47.6995605384564],[-122.273113741854,47.6995662972475],[-122.273113511018,47.6995720557367],[-122.273113304094,47.6995778140993],[-122.273113122679,47.699583573719],[-122.273112963897,47.6995893339303],[-122.273112829051,47.6995950948922],[-122.273112719642,47.6996008544798],[-122.27311263261,47.6996066148378],[-122.273112571044,47.699612374874],[-122.27311253369,47.6996181361838],[-122.273112517364,47.699623896526],[-122.273112529127,47.6996296573908],[-122.273112562223,47.6996354188636],[-122.273112621801,47.6996411791245],[-122.273112704271,47.6996469399736],[-122.273112810648,47.6996527005207],[-122.273112940907,47.6996584598888],[-122.273113095383,47.6996642207058],[-122.273113275011,47.6996699792748],[-122.273113477276,47.6996757386107],[-122.273113704748,47.6996814976283],[-122.273113956387,47.6996872563406],[-122.273114230609,47.6996930138902],[-122.273114531337,47.699698771105],[-122.27311485335,47.6997045271735],[-122.273115200877,47.6997102846746],[-122.273115573534,47.6997160390504],[-122.273115969087,47.69972179419],[-122.273116388263,47.6997275481538],[-122.273116831577,47.6997333007598],[-122.273117299064,47.6997390532359],[-122.273117790168,47.6997448043607],[-122.273118306715,47.6997505542868],[-122.273118847144,47.6997563030338],[-122.273119410182,47.6997620514951],[-122.273119998661,47.6997677987577],[-122.273120611024,47.6997735448412],[-122.27312124597,47.699779289762],[-122.273121906094,47.6997850333118],[-122.273122590366,47.6997907758548],[-122.27312329979,47.6997965161495],[-122.273124030784,47.6998022561719],[-122.273124786699,47.6998079950021],[-122.273125566709,47.6998137308955],[-122.273126371926,47.6998194664706],[-122.273127198398,47.6998251998469],[-122.273128051636,47.6998309328851],[-122.273128926086,47.6998366621456],[-122.273129827041,47.6998423910713],[-122.273130750816,47.6998481179539],[-122.273131698474,47.6998538436574],[-122.273132669961,47.6998595662521],[-122.273133666631,47.6998652876513],[-122.27313468612,47.6998710070074],[-122.273135729488,47.6998767250089],[-122.273136796695,47.6998824402525],[-122.27313788778,47.6998881541416],[-122.273139001656,47.699893864935],[-122.273140143317,47.6998995746754],[-122.27314130621,47.69990528134],[-122.27314249325,47.6999109869975],[-122.273143704115,47.6999166893708],[-122.273144937309,47.6999223907602],[-122.273146197403,47.6999280872471],[-122.273147478521,47.699933782591],[-122.273148785058,47.699939475859],[-122.273150114125,47.6999451660346],[-122.273151469909,47.6999508541178],[-122.273152845365,47.6999565391447],[-122.273154247519,47.6999622213776],[-122.273155672228,47.6999679013953],[-122.273157121027,47.6999735783009],[-122.273158593429,47.6999792533289],[-122.273160089897,47.6999849243677],[-122.273161607645,47.6999905940848],[-122.273163153336,47.6999962590618],[-122.273164720053,47.7000019228958],[-122.273166310815,47.7000075820388],[-122.273167925716,47.700013239824],[-122.273169564142,47.7000188929248],[-122.273171226659,47.7000245429136],[-122.273172910152,47.7000301900051],[-122.273174620593,47.7000358339484],[-122.273176353309,47.7000414749781],[-122.27317811012,47.700047113071],[-122.273179889413,47.7000527463174],[-122.273181692566,47.7000583775074],[-122.273183519523,47.7000640047115],[-122.273185370576,47.700069628979],[-122.27318724411,47.7000752483999],[-122.273189141504,47.7000808657644],[-122.273191062683,47.7000864784413],[-122.273193006653,47.7000920880226],[-122.273194975444,47.7000976927276],[-122.273196965731,47.7001032945288],[-122.273198981388,47.7001088924998],[-122.273201019291,47.7001144865046],[-122.273203081259,47.7001200765201],[-122.273205167038,47.7001256627251],[-122.273207275353,47.7001312460131],[-122.273209406125,47.7001368235773],[-122.273211560988,47.7001423980295],[-122.273213740936,47.7001479677776],[-122.273215940791,47.7001535335889],[-122.273218165757,47.7001590955734],[-122.273220414739,47.7001646518143],[-122.273222685997,47.7001702051415],[-122.273224979997,47.7001757536188],[-122.273227297832,47.7001812991627],[-122.273229640954,47.7001868378941],[-122.273232005058,47.7001923739037],[-122.27323439058,47.7001979042026],[-122.273236801231,47.7002034313762],[-122.27323923434,47.7002089528261],[-122.273241689912,47.7002144687275],[-122.273244170877,47.7002199816759],[-122.273602124474,47.7011172710958]]},"properties":{"OBJECTID":132311,"SE_ANNO_CAD_DATA":"","F_INTR_ID":4236,"T_INTR_ID":4100,"SND_ID":7098,"SND_FEACODE":77,"CITYCODE":1,"STNAME_ID":2994,"ST_CODE":22,"ARTERIAL_CODE":0,"SEGMENT_TYPE":8,"AGENCY_CODE":1,"ACCESS_CODE":1,"DIVIDED_CODE":1,"STRUCTURE_TYPE":1,"LEGALLOC_CODE":3,"VEHICLE_USE_CODE":2,"GIS_SEG_LENGTH":681,"L_ADRS_FROM":0,"L_ADRS_TO":0,"R_ADRS_FROM":0,"R_ADRS_TO":0,"ORD_PRE_DIR":null,"ORD_STREET_NAME":"BURKE GILMAN","ORD_STREET_TYPE":"TRL","ORD_SUF_DIR":null,"ORD_STNAME_CONCAT":"BURKE GILMAN TRL","L_CITY":"SEATTLE","L_STATE":"WA","L_ZIP":"98115","R_CITY":"SEATTLE","R_STATE":"WA","R_ZIP":"98115","SNDSEG_UPDATE":"Thu, 02 May 2019 08:53:17 GMT","COMPKEY":287222,"COMPTYPE":68,"UNITID":"05778","UNITID2":"0970"}},{"type":"Feature","id":132312,"geometry":{"type":"LineString","coordinates":[[-122.360982728194,47.6194504318589],[-122.361134314383,47.61959163534],[-122.361705296664,47.6200457344801],[-122.361895607051,47.6201964655001],[-122.362093648006,47.6202849778912],[-122.362253185668,47.6203922151685],[-122.362489693055,47.6205494614339],[-122.362604716339,47.6206098975503],[-122.362790244413,47.620683970698],[-122.362950884851,47.6207495158036],[-122.362999865318,47.6207591013637],[-122.363056289865,47.6207641959125],[-122.363238007996,47.6207610218386],[-122.363309598526,47.6207666447095],[-122.363361868702,47.6207776485994],[-122.363411065419,47.6207945477805],[-122.363571091637,47.6208633686089],[-122.363611504843,47.6208759955712],[-122.363671390337,47.6208883606881],[-122.363746377028,47.620899059121],[-122.36385492163,47.6209100383654],[-122.363927681223,47.6209185714253],[-122.363982264922,47.6209346655961],[-122.364036999314,47.6209558800921],[-122.364105447078,47.6210017870526],[-122.364175601824,47.6210688893353],[-122.364329090939,47.6211729182204],[-122.364426075503,47.6212323429037],[-122.364527450113,47.6212939034736],[-122.365274367901,47.6219011364501],[-122.365489005768,47.6220477325878],[-122.36558709612,47.6221117097918],[-122.365728419564,47.622177288096],[-122.365904903007,47.6222679885356],[-122.365947079025,47.6222976710524],[-122.366007518162,47.6223631741615],[-122.366143499194,47.6225393524869],[-122.366204213026,47.6226141599691],[-122.366315193001,47.6227010883535],[-122.366647543176,47.6228737133679],[-122.366784611555,47.6229388709232],[-122.366898032783,47.6230131758565],[-122.366962592651,47.6231082462216],[-122.367004339456,47.6231795611083],[-122.367096621384,47.6233147614908],[-122.367205301145,47.6233949198005],[-122.367326236889,47.623452217388],[-122.367413134554,47.6234729220565],[-122.3675131626,47.6235077231608],[-122.367588307446,47.623550567315],[-122.367634524624,47.6235901462774],[-122.367677376635,47.6236553063365],[-122.367730771721,47.6237374761281],[-122.367813044603,47.6238387000005],[-122.367878208983,47.623909697992],[-122.367993916948,47.6239836695578],[-122.368125971742,47.6240539634216],[-122.368252112677,47.6241251825777],[-122.368378147704,47.6241927568673],[-122.368532534523,47.6243073474572],[-122.368593112765,47.6243446803347],[-122.368639510468,47.6244060163805],[-122.368845938639,47.6246932407979],[-122.368912455302,47.6247573605997],[-122.368994398527,47.6247896801277],[-122.369118963289,47.6247880669684],[-122.369224893278,47.6247682170656],[-122.369367619311,47.6247361466872],[-122.3694565135,47.6247265741653],[-122.369543919598,47.6247505136199],[-122.36961479295,47.6247958917055],[-122.36980821304,47.6249537048845],[-122.370402399182,47.6251680889474],[-122.370478305628,47.6251816474375],[-122.370774150007,47.6252229014499],[-122.370871956778,47.6252634466287],[-122.371287403328,47.6254906104463],[-122.371498469533,47.6256753191868],[-122.37158062698,47.6257730137982],[-122.371663282886,47.6258037152026],[-122.371750444286,47.6258192834882],[-122.371884306868,47.6258224976866],[-122.37197597502,47.6258229335949],[-122.372232062454,47.6259383719871],[-122.372357110422,47.6259785476085],[-122.372526877988,47.6260231417753],[-122.372586654239,47.6260340563414],[-122.372801538257,47.6260127285859],[-122.372955607191,47.6260290662216],[-122.373105566277,47.626073927476],[-122.373254850541,47.626141249382],[-122.373382061367,47.626209182837],[-122.373649228695,47.6263918207138],[-122.373802268859,47.6264466179381],[-122.373971792113,47.6264898181445],[-122.374233739202,47.626527563752],[-122.37433338024,47.6265538850685],[-122.374433275602,47.6265734271691],[-122.374468932191,47.6265708339411],[-122.374516226718,47.6265600449565],[-122.374577967284,47.626559208955],[-122.374619957325,47.6265648576436],[-122.374692442661,47.6265905218532],[-122.374795337928,47.6266175220736],[-122.374914012521,47.6266393759812],[-122.37504559026,47.6266549491549],[-122.3751971126,47.6266628150691],[-122.375335579364,47.6266605956704],[-122.375623610666,47.6266385388963],[-122.375780968238,47.6266472991142],[-122.376673739016,47.6268285449384],[-122.377597247737,47.6268308547993],[-122.377607533894,47.6268305227304],[-122.377614491141,47.626830614534],[-122.377621429451,47.6268309603537],[-122.377628331147,47.6268315593761],[-122.377635173892,47.6268324112024],[-122.377641940187,47.6268335122093],[-122.377648604762,47.6268348594053],[-122.377655154013,47.6268364492897],[-122.377661565179,47.6268382758537],[-122.377667820992,47.6268403345933],[-122.377673903895,47.6268426199556],[-122.377679792385,47.6268451246862],[-122.37768547273,47.626847840899],[-122.377690926552,47.6268507616482],[-122.377696139811,47.6268538774724],[-122.377701095158,47.626857181061],[-122.377705776108,47.6268606593002],[-122.37771017337,47.6268643052967],[-122.377714270731,47.626868106284],[-122.377718059315,47.6268720518533],[-122.377721524526,47.6268761313221],[-122.377724658158,47.6268803305872],[-122.37772745158,47.6268846387098],[-122.377729893782,47.6268890433793],[-122.377731980679,47.6268935293837],[-122.377733704993,47.6268980876961],[-122.377735060743,47.6269027004978],[-122.377736042656,47.6269073562777],[-122.377736654243,47.6269120421776],[-122.377736888336,47.6269167440799],[-122.377771276472,47.6269615156236],[-122.377799939968,47.6276435470089],[-122.377829894261,47.6278023721359],[-122.377836356816,47.6315558893162]]},"properties":{"OBJECTID":132312,"SE_ANNO_CAD_DATA":"","F_INTR_ID":47374,"T_INTR_ID":10366,"SND_ID":47201,"SND_FEACODE":77,"CITYCODE":1,"STNAME_ID":3053,"ST_CODE":22,"ARTERIAL_CODE":0,"SEGMENT_TYPE":8,"AGENCY_CODE":1,"ACCESS_CODE":1,"DIVIDED_CODE":1,"STRUCTURE_TYPE":1,"LEGALLOC_CODE":3,"VEHICLE_USE_CODE":2,"GIS_SEG_LENGTH":6976.939548,"L_ADRS_FROM":0,"L_ADRS_TO":0,"R_ADRS_FROM":0,"R_ADRS_TO":0,"ORD_PRE_DIR":null,"ORD_STREET_NAME":"ELLIOTT BAY","ORD_STREET_TYPE":"TRL","ORD_SUF_DIR":null,"ORD_STNAME_CONCAT":"ELLIOTT BAY TRL","L_CITY":"SEATTLE","L_STATE":"WA","L_ZIP":"98119","R_CITY":"SEATTLE","R_STATE":"WA","R_ZIP":"98119","SNDSEG_UPDATE":"Fri, 05 Feb 2021 16:44:32 GMT","COMPKEY":596317,"COMPTYPE":68,"UNITID":"06561","UNITID2":"0021"}},{"type":"Feature","id":132313,"geometry":{"type":"LineString","coordinates":[[-122.335421610572,47.5924884204287],[-122.335330880947,47.5922928427201],[-122.335429875476,47.5920654142772],[-122.335565140912,47.5918755907792],[-122.335809825617,47.591332048516],[-122.335822657793,47.591289035167],[-122.335828456291,47.5912461147262],[-122.335837240463,47.59045338576],[-122.336017994734,47.5903126407638]]},"properties":{"OBJECTID":132313,"SE_ANNO_CAD_DATA":"","F_INTR_ID":12902,"T_INTR_ID":47145,"SND_ID":50185,"SND_FEACODE":77,"CITYCODE":1,"STNAME_ID":4458,"ST_CODE":22,"ARTERIAL_CODE":0,"SEGMENT_TYPE":8,"AGENCY_CODE":1,"ACCESS_CODE":1,"DIVIDED_CODE":1,"STRUCTURE_TYPE":1,"LEGALLOC_CODE":3,"VEHICLE_USE_CODE":2,"GIS_SEG_LENGTH":834,"L_ADRS_FROM":0,"L_ADRS_TO":0,"R_ADRS_FROM":0,"R_ADRS_TO":0,"ORD_PRE_DIR":null,"ORD_STREET_NAME":"CITYSIDE","ORD_STREET_TYPE":"TRL","ORD_SUF_DIR":null,"ORD_STNAME_CONCAT":"CITYSIDE TRL","L_CITY":"SEATTLE","L_STATE":"WA","L_ZIP":"98134","R_CITY":"SEATTLE","R_STATE":"WA","R_ZIP":"98134","SNDSEG_UPDATE":"Fri, 05 Jan 2024 15:26:06 GMT","COMPKEY":879394,"COMPTYPE":68,"UNITID":"15484","UNITID2":"0100"}},{"type":"Feature","id":132314,"geometry":{"type":"LineString","coordinates":[[-122.312464144474,47.6529759641394],[-122.3120442576,47.6529914817465],[-122.308274555564,47.6510587126119],[-122.308154061909,47.6510080432348],[-122.308039973753,47.6509638947225],[-122.307907182461,47.6509181863799],[-122.307848891977,47.6508991302176],[-122.307783545887,47.6508819653544],[-122.307287000925,47.6507605196722]]},"properties":{"OBJECTID":132314,"SE_ANNO_CAD_DATA":"","F_INTR_ID":8665,"T_INTR_ID":48940,"SND_ID":46227,"SND_FEACODE":77,"CITYCODE":1,"STNAME_ID":2994,"ST_CODE":22,"ARTERIAL_CODE":0,"SEGMENT_TYPE":8,"AGENCY_CODE":1,"ACCESS_CODE":1,"DIVIDED_CODE":1,"STRUCTURE_TYPE":1,"LEGALLOC_CODE":3,"VEHICLE_USE_CODE":2,"GIS_SEG_LENGTH":1537.470217,"L_ADRS_FROM":0,"L_ADRS_TO":0,"R_ADRS_FROM":0,"R_ADRS_TO":0,"ORD_PRE_DIR":null,"ORD_STREET_NAME":"BURKE GILMAN","ORD_STREET_TYPE":"TRL","ORD_SUF_DIR":null,"ORD_STNAME_CONCAT":"BURKE GILMAN TRL","L_CITY":"SEATTLE","L_STATE":"WA","L_ZIP":"98195","R_CITY":"SEATTLE","R_STATE":"WA","R_ZIP":"98195","SNDSEG_UPDATE":"Wed, 04 Feb 2026 09:22:34 GMT","COMPKEY":287258,"COMPTYPE":68,"UNITID":"05778","UNITID2":"0630"}},{"type":"Feature","id":132315,"geometry":{"type":"LineString","coordinates":[[-122.294468322329,47.5904658690647],[-122.294468174624,47.5904503672092]]},"properties":{"OBJECTID":132315,"SE_ANNO_CAD_DATA":"","F_INTR_ID":13035,"T_INTR_ID":46351,"SND_ID":47098,"SND_FEACODE":77,"CITYCODE":1,"STNAME_ID":1372,"ST_CODE":22,"ARTERIAL_CODE":0,"SEGMENT_TYPE":8,"AGENCY_CODE":1,"ACCESS_CODE":1,"DIVIDED_CODE":1,"STRUCTURE_TYPE":1,"LEGALLOC_CODE":1,"VEHICLE_USE_CODE":2,"GIS_SEG_LENGTH":5.654457,"L_ADRS_FROM":0,"L_ADRS_TO":0,"R_ADRS_FROM":1411,"R_ADRS_TO":1411,"ORD_PRE_DIR":null,"ORD_STREET_NAME":"YAKIMA","ORD_STREET_TYPE":"AVE","ORD_SUF_DIR":"S","ORD_STNAME_CONCAT":"YAKIMA AVE S","L_CITY":"SEATTLE","L_STATE":"WA","L_ZIP":"98144","R_CITY":"SEATTLE","R_STATE":"WA","R_ZIP":"98144","SNDSEG_UPDATE":"Thu, 12 Oct 2006 00:00:00 GMT","COMPKEY":0,"COMPTYPE":0,"UNITID":null,"UNITID2":null}},{"type":"Feature","id":132316,"geometry":{"type":"LineString","coordinates":[[-122.310499745171,47.5900649221547],[-122.310542215007,47.5899883605432]]},"properties":{"OBJECTID":132316,"SE_ANNO_CAD_DATA":"","F_INTR_ID":13025,"T_INTR_ID":13080,"SND_ID":42031,"SND_FEACODE":77,"CITYCODE":1,"STNAME_ID":83,"ST_CODE":22,"ARTERIAL_CODE":0,"SEGMENT_TYPE":8,"AGENCY_CODE":1,"ACCESS_CODE":1,"DIVIDED_CODE":1,"STRUCTURE_TYPE":1,"LEGALLOC_CODE":1,"VEHICLE_USE_CODE":2,"GIS_SEG_LENGTH":29.828657,"L_ADRS_FROM":0,"L_ADRS_TO":0,"R_ADRS_FROM":1335,"R_ADRS_TO":1339,"ORD_PRE_DIR":null,"ORD_STREET_NAME":"17TH","ORD_STREET_TYPE":"AVE","ORD_SUF_DIR":"S","ORD_STNAME_CONCAT":"17TH AVE S","L_CITY":"SEATTLE","L_STATE":"WA","L_ZIP":"98144","R_CITY":"SEATTLE","R_STATE":"WA","R_ZIP":"98144","SNDSEG_UPDATE":"Wed, 14 Jul 2004 00:00:00 GMT","COMPKEY":0,"COMPTYPE":0,"UNITID":"0","UNITID2":"0"}},{"type":"Feature","id":132317,"geometry":{"type":"LineString","coordinates":[[-122.275138908203,47.5190604726844],[-122.275134667783,47.5188865257348],[-122.275130914689,47.5188398484005],[-122.275109921165,47.5187933890224],[-122.275071830102,47.5187521529274],[-122.275021657135,47.5187194147144],[-122.274959262775,47.5186901682864],[-122.274825452252,47.5186600729409],[-122.274706423928,47.5186333018689],[-122.2746468613,47.5186173701576],[-122.274606770583,47.5185928467997],[-122.274568863285,47.5185582840589],[-122.274545455369,47.5185135239175],[-122.274481298647,47.5183588418515],[-122.274471201664,47.5183225579669],[-122.274462315302,47.5182875513536],[-122.274449726823,47.5181760821679],[-122.274454137745,47.518150891487],[-122.274459364558,47.5181188571959],[-122.27446893075,47.5180622590901],[-122.274499330064,47.5180034663101],[-122.274522939906,47.517966454328],[-122.274568435537,47.5179191510507],[-122.274616103722,47.5178829977832],[-122.274685196901,47.5178438280203]]},"properties":{"OBJECTID":132317,"SE_ANNO_CAD_DATA":"","F_INTR_ID":47224,"T_INTR_ID":47225,"SND_ID":48262,"SND_FEACODE":77,"CITYCODE":1,"STNAME_ID":3800,"ST_CODE":22,"ARTERIAL_CODE":0,"SEGMENT_TYPE":8,"AGENCY_CODE":1,"ACCESS_CODE":1,"DIVIDED_CODE":1,"STRUCTURE_TYPE":1,"LEGALLOC_CODE":3,"VEHICLE_USE_CODE":2,"GIS_SEG_LENGTH":546,"L_ADRS_FROM":0,"L_ADRS_TO":0,"R_ADRS_FROM":0,"R_ADRS_TO":0,"ORD_PRE_DIR":null,"ORD_STREET_NAME":"CHIEF SEALTH","ORD_STREET_TYPE":"TRL","ORD_SUF_DIR":null,"ORD_STNAME_CONCAT":"CHIEF SEALTH TRL","L_CITY":"SEATTLE","L_STATE":"WA","L_ZIP":"98118","R_CITY":"SEATTLE","R_STATE":"WA","R_ZIP":"98118","SNDSEG_UPDATE":"Thu, 20 Jul 2017 12:09:17 GMT","COMPKEY":613150,"COMPTYPE":68,"UNITID":"05919","UNITID2":"0920"}},{"type":"Feature","id":132318,"geometry":{"type":"LineString","coordinates":[[-122.288110076574,47.5907636886474],[-122.288272355361,47.5909034696799],[-122.288390441032,47.5909649373311],[-122.288514670361,47.5909685955044],[-122.288587536811,47.590938798689],[-122.288640942848,47.5909066269334],[-122.288666105119,47.5908354560673],[-122.288671513658,47.5907514166174],[-122.288655408265,47.5905915553959],[-122.288668937505,47.5905205326643],[-122.288721903028,47.5904726223528],[-122.288794548612,47.5904349551809],[-122.288939662867,47.5904226025359],[-122.289210938991,47.5904242304742],[-122.290446923744,47.5904327676233],[-122.291350391118,47.5904380594611],[-122.292400986719,47.5904536437885],[-122.293444056174,47.5904621130467],[-122.294468322329,47.5904658690647]]},"properties":{"OBJECTID":132318,"SE_ANNO_CAD_DATA":"","F_INTR_ID":46204,"T_INTR_ID":13035,"SND_ID":46219,"SND_FEACODE":77,"CITYCODE":1,"STNAME_ID":3808,"ST_CODE":22,"ARTERIAL_CODE":0,"SEGMENT_TYPE":8,"AGENCY_CODE":1,"ACCESS_CODE":1,"DIVIDED_CODE":1,"STRUCTURE_TYPE":1,"LEGALLOC_CODE":3,"VEHICLE_USE_CODE":2,"GIS_SEG_LENGTH":1758,"L_ADRS_FROM":0,"L_ADRS_TO":0,"R_ADRS_FROM":0,"R_ADRS_TO":0,"ORD_PRE_DIR":null,"ORD_STREET_NAME":"MOUNTAINS TO SOUND","ORD_STREET_TYPE":"TRL","ORD_SUF_DIR":null,"ORD_STNAME_CONCAT":"MOUNTAINS TO SOUND TRL","L_CITY":"SEATTLE","L_STATE":"WA","L_ZIP":"98144","R_CITY":"SEATTLE","R_STATE":"WA","R_ZIP":"98144","SNDSEG_UPDATE":"Thu, 20 Jul 2017 12:09:46 GMT","COMPKEY":287026,"COMPTYPE":68,"UNITID":"08767","UNITID2":"0290"}},{"type":"Feature","id":132319,"geometry":{"type":"LineString","coordinates":[[-122.309428952504,47.5590283561548],[-122.309402935181,47.5589575173901],[-122.30937057741,47.5588957804928],[-122.309297797976,47.5587348373448],[-122.309192154157,47.5586381027398],[-122.309077202832,47.5585709202721],[-122.309000977177,47.5585405164707],[-122.308814392608,47.5585027144004],[-122.30794980093,47.5584746910248],[-122.307723738862,47.5584246465949],[-122.307576888679,47.558356895925],[-122.307486624418,47.5582913545432],[-122.307407202099,47.5581991829887],[-122.307355030183,47.5580968487924],[-122.3073461534,47.5579880660869],[-122.307345632362,47.5579184174057],[-122.307333215031,47.5578381315464],[-122.307277556912,47.5577662543613],[-122.307175343618,47.5576881141226],[-122.307085609523,47.5576412055164],[-122.306186004122,47.5572457248612],[-122.305516998968,47.556958111697],[-122.305430220308,47.5569131256695]]},"properties":{"OBJECTID":132319,"SE_ANNO_CAD_DATA":"","F_INTR_ID":47244,"T_INTR_ID":47243,"SND_ID":48289,"SND_FEACODE":77,"CITYCODE":1,"STNAME_ID":3800,"ST_CODE":22,"ARTERIAL_CODE":0,"SEGMENT_TYPE":8,"AGENCY_CODE":1,"ACCESS_CODE":1,"DIVIDED_CODE":1,"STRUCTURE_TYPE":1,"LEGALLOC_CODE":3,"VEHICLE_USE_CODE":2,"GIS_SEG_LENGTH":1368,"L_ADRS_FROM":0,"L_ADRS_TO":0,"R_ADRS_FROM":0,"R_ADRS_TO":0,"ORD_PRE_DIR":null,"ORD_STREET_NAME":"CHIEF SEALTH","ORD_STREET_TYPE":"TRL","ORD_SUF_DIR":null,"ORD_STNAME_CONCAT":"CHIEF SEALTH TRL","L_CITY":"SEATTLE","L_STATE":"WA","L_ZIP":"98108","R_CITY":"SEATTLE","R_STATE":"WA","R_ZIP":"98108","SNDSEG_UPDATE":"Thu, 20 Jul 2017 12:09:18 GMT","COMPKEY":603097,"COMPTYPE":68,"UNITID":"05919","UNITID2":"0490"}},{"type":"Feature","id":132320,"geometry":{"type":"LineString","coordinates":[[-122.348006986427,47.5715586527839],[-122.348039737065,47.571520301475],[-122.348126662106,47.5715139419453],[-122.348515319939,47.5715464913515],[-122.348631494547,47.5715449431634],[-122.348729444688,47.5715442872359],[-122.348773533739,47.5715410997424],[-122.348898807697,47.5715469983377],[-122.349257228113,47.5715606516068],[-122.349347703541,47.5715652882388],[-122.349417103498,47.5715730315492],[-122.349596430347,47.5715723748367],[-122.349911291362,47.5715629740989],[-122.350391865597,47.5715253536975],[-122.350542868408,47.5715198708339],[-122.350665446361,47.5715060984394],[-122.350668044783,47.5715043922259]]},"properties":{"OBJECTID":132320,"SE_ANNO_CAD_DATA":"","F_INTR_ID":46585,"T_INTR_ID":46805,"SND_ID":47170,"SND_FEACODE":77,"CITYCODE":1,"STNAME_ID":3802,"ST_CODE":22,"ARTERIAL_CODE":0,"SEGMENT_TYPE":8,"AGENCY_CODE":1,"ACCESS_CODE":1,"DIVIDED_CODE":1,"STRUCTURE_TYPE":1,"LEGALLOC_CODE":3,"VEHICLE_USE_CODE":2,"GIS_SEG_LENGTH":668,"L_ADRS_FROM":0,"L_ADRS_TO":0,"R_ADRS_FROM":0,"R_ADRS_TO":0,"ORD_PRE_DIR":null,"ORD_STREET_NAME":"WEST SEATTLE BRIDGE","ORD_STREET_TYPE":"TRL","ORD_SUF_DIR":null,"ORD_STNAME_CONCAT":"WEST SEATTLE BRIDGE TRL","L_CITY":"SEATTLE","L_STATE":"WA","L_ZIP":"98134","R_CITY":"SEATTLE","R_STATE":"WA","R_ZIP":"98134","SNDSEG_UPDATE":"Thu, 20 Jul 2017 12:08:31 GMT","COMPKEY":286991,"COMPTYPE":68,"UNITID":"10418","UNITID2":"0100"}},{"type":"Feature","id":132321,"geometry":{"type":"LineString","coordinates":[[-122.361011710665,47.5708949665339],[-122.361233702279,47.5707261153754],[-122.361337030807,47.5706398903543],[-122.361413175386,47.5705766533517],[-122.362015773424,47.5701586047661]]},"properties":{"OBJECTID":132321,"SE_ANNO_CAD_DATA":"","F_INTR_ID":14569,"T_INTR_ID":14669,"SND_ID":43194,"SND_FEACODE":77,"CITYCODE":1,"STNAME_ID":3815,"ST_CODE":22,"ARTERIAL_CODE":0,"SEGMENT_TYPE":8,"AGENCY_CODE":1,"ACCESS_CODE":1,"DIVIDED_CODE":1,"STRUCTURE_TYPE":1,"LEGALLOC_CODE":3,"VEHICLE_USE_CODE":2,"GIS_SEG_LENGTH":366,"L_ADRS_FROM":0,"L_ADRS_TO":0,"R_ADRS_FROM":0,"R_ADRS_TO":0,"ORD_PRE_DIR":null,"ORD_STREET_NAME":"DELRIDGE CONNCTR","ORD_STREET_TYPE":"TRL","ORD_SUF_DIR":null,"ORD_STNAME_CONCAT":"DELRIDGE CONNCTR TRL","L_CITY":"SEATTLE","L_STATE":"WA","L_ZIP":"98106","R_CITY":"SEATTLE","R_STATE":"WA","R_ZIP":"98106","SNDSEG_UPDATE":"Thu, 20 Jul 2017 12:07:43 GMT","COMPKEY":286981,"COMPTYPE":68,"UNITID":"06318","UNITID2":"0220"}},{"type":"Feature","id":132322,"geometry":{"type":"LineString","coordinates":[[-122.300014886345,47.5900278966583],[-122.299811280374,47.5899209171172],[-122.299560393089,47.5898320054216],[-122.299342766202,47.589786027927],[-122.299087881056,47.5897566986742],[-122.298813837755,47.5897820028678],[-122.298527024209,47.5898399023402],[-122.298289887562,47.5899466358583],[-122.298116327561,47.5900511645045],[-122.298016052404,47.5901341206904],[-122.297983215667,47.5901612860177],[-122.297857197663,47.5902387935171],[-122.297753988263,47.5902726446906],[-122.297476813753,47.5902604492287]]},"properties":{"OBJECTID":132322,"SE_ANNO_CAD_DATA":"","F_INTR_ID":46054,"T_INTR_ID":13058,"SND_ID":45206,"SND_FEACODE":77,"CITYCODE":1,"STNAME_ID":3808,"ST_CODE":22,"ARTERIAL_CODE":0,"SEGMENT_TYPE":8,"AGENCY_CODE":1,"ACCESS_CODE":1,"DIVIDED_CODE":1,"STRUCTURE_TYPE":1,"LEGALLOC_CODE":3,"VEHICLE_USE_CODE":2,"GIS_SEG_LENGTH":714,"L_ADRS_FROM":0,"L_ADRS_TO":0,"R_ADRS_FROM":0,"R_ADRS_TO":0,"ORD_PRE_DIR":null,"ORD_STREET_NAME":"MOUNTAINS TO SOUND","ORD_STREET_TYPE":"TRL","ORD_SUF_DIR":null,"ORD_STNAME_CONCAT":"MOUNTAINS TO SOUND TRL","L_CITY":"SEATTLE","L_STATE":"WA","L_ZIP":"98144","R_CITY":"SEATTLE","R_STATE":"WA","R_ZIP":"98144","SNDSEG_UPDATE":"Thu, 20 Jul 2017 12:07:42 GMT","COMPKEY":287023,"COMPTYPE":68,"UNITID":"08767","UNITID2":"0250"}},{"type":"Feature","id":132323,"geometry":{"type":"LineString","coordinates":[[-122.256959618296,47.5517845229506],[-122.256881154597,47.5519366469675],[-122.2567853471,47.5520330533612],[-122.256570832468,47.5521732151607],[-122.256293891533,47.5523265096321],[-122.255986942163,47.5524761298612],[-122.255578339361,47.55262702126],[-122.254396802695,47.5531682195349],[-122.254163142906,47.553373609826],[-122.254012972987,47.5535698569397],[-122.253908524815,47.5539072612512],[-122.253921238094,47.5541541148633],[-122.254042800428,47.5544441511327],[-122.254324269089,47.5546754971058],[-122.254623791152,47.5549106656508],[-122.254687895275,47.5550677900596],[-122.254713567824,47.5553509256889],[-122.254722388854,47.5558934325623],[-122.254602304033,47.5565347368307],[-122.254552682409,47.5566892340783],[-122.254534615454,47.5569040773702],[-122.25454002739,47.5571024287568],[-122.254961760471,47.5583079213289],[-122.255363235327,47.5599036704091],[-122.255307719711,47.5602432489587],[-122.2551782128,47.5609778071877],[-122.255111531096,47.5611649131507],[-122.255013841567,47.5613119127153],[-122.254885144176,47.5614188058017],[-122.25475655649,47.5615297473914],[-122.254567280452,47.5616090513768],[-122.254424631718,47.5616432297819],[-122.251845879832,47.5620722762549],[-122.251517720999,47.5621047157218],[-122.25132080488,47.562123370042],[-122.251128875511,47.5621055167017],[-122.250894624838,47.5620593867967],[-122.250627972775,47.5619457377611],[-122.25046862453,47.561805995727],[-122.250345049523,47.5616617584394],[-122.250260474758,47.5614117513583],[-122.25014776034,47.5612268851221],[-122.249680293822,47.560536217059],[-122.249166096315,47.559886623334],[-122.249025799154,47.5597871362026],[-122.248775106565,47.5595877889525],[-122.248613239114,47.5593549402561],[-122.248475955848,47.5591460815735],[-122.24825341034,47.5588815924981],[-122.247940217374,47.5583631211849],[-122.24779403563,47.5578263729153],[-122.247953801753,47.5568808799743],[-122.247892593674,47.5561689515367],[-122.247799268586,47.5560364834178],[-122.247524130506,47.5558171918092],[-122.247259195311,47.555532981451],[-122.247212596106,47.5549180555749],[-122.247094915966,47.5547696925966],[-122.246873165113,47.5545335375278],[-122.246733532019,47.5540169538308],[-122.246522427722,47.5537320725332],[-122.246637065684,47.5531070438257]]},"properties":{"OBJECTID":132323,"SE_ANNO_CAD_DATA":"","F_INTR_ID":16250,"T_INTR_ID":47867,"SND_ID":31458,"SND_FEACODE":77,"CITYCODE":1,"STNAME_ID":3295,"ST_CODE":22,"ARTERIAL_CODE":0,"SEGMENT_TYPE":8,"AGENCY_CODE":1,"ACCESS_CODE":1,"DIVIDED_CODE":1,"STRUCTURE_TYPE":1,"LEGALLOC_CODE":3,"VEHICLE_USE_CODE":2,"GIS_SEG_LENGTH":11948,"L_ADRS_FROM":0,"L_ADRS_TO":0,"R_ADRS_FROM":0,"R_ADRS_TO":0,"ORD_PRE_DIR":null,"ORD_STREET_NAME":"SEWARD PARK","ORD_STREET_TYPE":"TRL","ORD_SUF_DIR":null,"ORD_STNAME_CONCAT":"SEWARD PARK TRL","L_CITY":"SEATTLE","L_STATE":"WA","L_ZIP":"98118","R_CITY":"SEATTLE","R_STATE":"WA","R_ZIP":"98118","SNDSEG_UPDATE":"Fri, 10 Jun 2016 16:27:12 GMT","COMPKEY":0,"COMPTYPE":0,"UNITID":"0","UNITID2":"0"}},{"type":"Feature","id":132324,"geometry":{"type":"LineString","coordinates":[[-122.351493663438,47.5594057325701],[-122.351473667555,47.5580191187338],[-122.351472579035,47.5580132327842],[-122.35144135367,47.5578571251823],[-122.351406042609,47.5578049604073],[-122.351342034047,47.5577660901573],[-122.351270141767,47.5577443502731],[-122.351202851454,47.557736737579],[-122.350709245089,47.5577717015202],[-122.350616816223,47.557764423167],[-122.350536376382,47.5577371221083],[-122.350485187892,47.5577065932716],[-122.35044179963,47.5576560976972],[-122.350366189168,47.5575067213689],[-122.350153111454,47.5572428440724],[-122.349936257687,47.5569932037112],[-122.349780628162,47.5568307085752],[-122.349540205967,47.5566352930093],[-122.349299704093,47.5564370415845],[-122.348763227938,47.5558625158871],[-122.348120978758,47.5555419327598],[-122.348035365469,47.5554806487183],[-122.348008987973,47.5554384385818],[-122.347998777127,47.5553526293862],[-122.348007981881,47.5552596928102],[-122.348073371501,47.5552020721809],[-122.348160088317,47.5551145123756]]},"properties":{"OBJECTID":132324,"SE_ANNO_CAD_DATA":"","F_INTR_ID":15469,"T_INTR_ID":15806,"SND_ID":31879,"SND_FEACODE":77,"CITYCODE":1,"STNAME_ID":3040,"ST_CODE":22,"ARTERIAL_CODE":0,"SEGMENT_TYPE":8,"AGENCY_CODE":1,"ACCESS_CODE":1,"DIVIDED_CODE":1,"STRUCTURE_TYPE":1,"LEGALLOC_CODE":3,"VEHICLE_USE_CODE":2,"GIS_SEG_LENGTH":2002,"L_ADRS_FROM":0,"L_ADRS_TO":0,"R_ADRS_FROM":0,"R_ADRS_TO":0,"ORD_PRE_DIR":null,"ORD_STREET_NAME":"DUWAMISH RIVER","ORD_STREET_TYPE":"TRL","ORD_SUF_DIR":null,"ORD_STNAME_CONCAT":"DUWAMISH RIVER TRL","L_CITY":"SEATTLE","L_STATE":"WA","L_ZIP":"98106","R_CITY":"SEATTLE","R_STATE":"WA","R_ZIP":"98106","SNDSEG_UPDATE":"Wed, 19 Jul 2017 08:46:24 GMT","COMPKEY":286967,"COMPTYPE":68,"UNITID":"06487","UNITID2":"0480"}},{"type":"Feature","id":132325,"geometry":{"type":"LineString","coordinates":[[-122.302410165793,47.5895623966356],[-122.302346230834,47.5897353135598],[-122.302287423236,47.5899560633273],[-122.302280860954,47.5900892952605],[-122.302272566535,47.5902577421507],[-122.302212500622,47.5902961849876],[-122.302141037527,47.5903188135134]]},"properties":{"OBJECTID":132325,"SE_ANNO_CAD_DATA":"","F_INTR_ID":13113,"T_INTR_ID":13044,"SND_ID":45358,"SND_FEACODE":77,"CITYCODE":1,"STNAME_ID":3808,"ST_CODE":22,"ARTERIAL_CODE":0,"SEGMENT_TYPE":8,"AGENCY_CODE":1,"ACCESS_CODE":1,"DIVIDED_CODE":1,"STRUCTURE_TYPE":1,"LEGALLOC_CODE":3,"VEHICLE_USE_CODE":2,"GIS_SEG_LENGTH":297,"L_ADRS_FROM":0,"L_ADRS_TO":0,"R_ADRS_FROM":0,"R_ADRS_TO":0,"ORD_PRE_DIR":null,"ORD_STREET_NAME":"MOUNTAINS TO SOUND","ORD_STREET_TYPE":"TRL","ORD_SUF_DIR":null,"ORD_STNAME_CONCAT":"MOUNTAINS TO SOUND TRL","L_CITY":"SEATTLE","L_STATE":"WA","L_ZIP":"98144","R_CITY":"SEATTLE","R_STATE":"WA","R_ZIP":"98144","SNDSEG_UPDATE":"Thu, 20 Jul 2017 12:10:03 GMT","COMPKEY":287020,"COMPTYPE":68,"UNITID":"08767","UNITID2":"0225"}},{"type":"Feature","id":132326,"geometry":{"type":"LineString","coordinates":[[-122.297476813753,47.5902604492287],[-122.297256484829,47.590246526474],[-122.297040075804,47.5902438914266],[-122.296895273294,47.5902573747707],[-122.296740231884,47.5902908421697],[-122.296596494513,47.5903371208509],[-122.296459833903,47.5903969155883],[-122.296346600757,47.5904575477407],[-122.29624116155,47.5904981236692],[-122.296138094293,47.5905309208869],[-122.296067542212,47.5905521915422],[-122.295977048837,47.5905710603012],[-122.295895823513,47.590576615293],[-122.295812023776,47.5905753458181]]},"properties":{"OBJECTID":132326,"SE_ANNO_CAD_DATA":"","F_INTR_ID":13058,"T_INTR_ID":13020,"SND_ID":45619,"SND_FEACODE":77,"CITYCODE":1,"STNAME_ID":3808,"ST_CODE":22,"ARTERIAL_CODE":0,"SEGMENT_TYPE":8,"AGENCY_CODE":1,"ACCESS_CODE":1,"DIVIDED_CODE":1,"STRUCTURE_TYPE":1,"LEGALLOC_CODE":3,"VEHICLE_USE_CODE":2,"GIS_SEG_LENGTH":441,"L_ADRS_FROM":0,"L_ADRS_TO":0,"R_ADRS_FROM":0,"R_ADRS_TO":0,"ORD_PRE_DIR":null,"ORD_STREET_NAME":"MOUNTAINS TO SOUND","ORD_STREET_TYPE":"TRL","ORD_SUF_DIR":null,"ORD_STNAME_CONCAT":"MOUNTAINS TO SOUND TRL","L_CITY":"SEATTLE","L_STATE":"WA","L_ZIP":"98144","R_CITY":"SEATTLE","R_STATE":"WA","R_ZIP":"98144","SNDSEG_UPDATE":"Thu, 20 Jul 2017 12:09:34 GMT","COMPKEY":287024,"COMPTYPE":68,"UNITID":"08767","UNITID2":"0270"}},{"type":"Feature","id":132327,"geometry":{"type":"LineString","coordinates":[[-122.278912107374,47.5242661126786],[-122.278906306897,47.5242542118226],[-122.278894535252,47.5242424987344],[-122.278876352478,47.5242340354576],[-122.27885188858,47.5242306790871],[-122.278819691969,47.5242280679482]]},"properties":{"OBJECTID":132327,"SE_ANNO_CAD_DATA":"","F_INTR_ID":18166,"T_INTR_ID":46680,"SND_ID":47586,"SND_FEACODE":77,"CITYCODE":1,"STNAME_ID":3800,"ST_CODE":22,"ARTERIAL_CODE":0,"SEGMENT_TYPE":8,"AGENCY_CODE":1,"ACCESS_CODE":1,"DIVIDED_CODE":1,"STRUCTURE_TYPE":1,"LEGALLOC_CODE":3,"VEHICLE_USE_CODE":2,"GIS_SEG_LENGTH":29,"L_ADRS_FROM":0,"L_ADRS_TO":0,"R_ADRS_FROM":0,"R_ADRS_TO":0,"ORD_PRE_DIR":null,"ORD_STREET_NAME":"CHIEF SEALTH","ORD_STREET_TYPE":"TRL","ORD_SUF_DIR":null,"ORD_STNAME_CONCAT":"CHIEF SEALTH TRL","L_CITY":"SEATTLE","L_STATE":"WA","L_ZIP":"98118","R_CITY":"SEATTLE","R_STATE":"WA","R_ZIP":"98118","SNDSEG_UPDATE":"Thu, 20 Jul 2017 12:08:02 GMT","COMPKEY":286934,"COMPTYPE":68,"UNITID":"05919","UNITID2":"0880"}},{"type":"Feature","id":132328,"geometry":{"type":"LineString","coordinates":[[-122.271483151994,47.514261639916],[-122.271527462193,47.5138972359565],[-122.271512876164,47.5138563900711],[-122.271484650208,47.513808878204],[-122.270843914897,47.5130237342305],[-122.270815876951,47.5129830585236],[-122.270784665612,47.5129492618415],[-122.2707264207,47.5129112479825],[-122.270491899339,47.5128253161378],[-122.270437267982,47.5127963746655],[-122.270368807418,47.5127539309375],[-122.270286969413,47.5126739263942],[-122.270244021091,47.5126210212799],[-122.270222271401,47.5125643098094],[-122.270220136022,47.5124868349912],[-122.27005004445,47.5124423085345]]},"properties":{"OBJECTID":132328,"SE_ANNO_CAD_DATA":"","F_INTR_ID":46395,"T_INTR_ID":19000,"SND_ID":47175,"SND_FEACODE":77,"CITYCODE":1,"STNAME_ID":3800,"ST_CODE":22,"ARTERIAL_CODE":0,"SEGMENT_TYPE":8,"AGENCY_CODE":1,"ACCESS_CODE":1,"DIVIDED_CODE":1,"STRUCTURE_TYPE":1,"LEGALLOC_CODE":3,"VEHICLE_USE_CODE":2,"GIS_SEG_LENGTH":804,"L_ADRS_FROM":0,"L_ADRS_TO":0,"R_ADRS_FROM":0,"R_ADRS_TO":0,"ORD_PRE_DIR":null,"ORD_STREET_NAME":"CHIEF SEALTH","ORD_STREET_TYPE":"TRL","ORD_SUF_DIR":null,"ORD_STNAME_CONCAT":"CHIEF SEALTH TRL","L_CITY":"SEATTLE","L_STATE":"WA","L_ZIP":"98118","R_CITY":"SEATTLE","R_STATE":"WA","R_ZIP":"98118","SNDSEG_UPDATE":"Thu, 20 Jul 2017 12:08:33 GMT","COMPKEY":286951,"COMPTYPE":68,"UNITID":"05919","UNITID2":"0970"}},{"type":"Feature","id":132329,"geometry":{"type":"LineString","coordinates":[[-122.279265354832,47.5261140436992],[-122.279382447552,47.5260245340418],[-122.27941794965,47.5259993827685],[-122.279425818859,47.5259823323633],[-122.279423676473,47.5259677277491],[-122.279409719404,47.5259184464841],[-122.279395573417,47.5258623459375],[-122.27937399063,47.525628968524],[-122.279368294792,47.5255520077377],[-122.279348764246,47.5254602284343],[-122.279070426343,47.5248138332495],[-122.279041930372,47.5247049138236],[-122.279042260991,47.5246148004894],[-122.279071749878,47.5244533786679],[-122.279086865742,47.5243860836152],[-122.278912107374,47.5242661126786]]},"properties":{"OBJECTID":132329,"SE_ANNO_CAD_DATA":"","F_INTR_ID":18039,"T_INTR_ID":18166,"SND_ID":47190,"SND_FEACODE":77,"CITYCODE":1,"STNAME_ID":3800,"ST_CODE":22,"ARTERIAL_CODE":0,"SEGMENT_TYPE":8,"AGENCY_CODE":1,"ACCESS_CODE":1,"DIVIDED_CODE":1,"STRUCTURE_TYPE":1,"LEGALLOC_CODE":3,"VEHICLE_USE_CODE":2,"GIS_SEG_LENGTH":719,"L_ADRS_FROM":0,"L_ADRS_TO":0,"R_ADRS_FROM":0,"R_ADRS_TO":0,"ORD_PRE_DIR":null,"ORD_STREET_NAME":"CHIEF SEALTH","ORD_STREET_TYPE":"TRL","ORD_SUF_DIR":null,"ORD_STNAME_CONCAT":"CHIEF SEALTH TRL","L_CITY":"SEATTLE","L_STATE":"WA","L_ZIP":"98118","R_CITY":"SEATTLE","R_STATE":"WA","R_ZIP":"98118","SNDSEG_UPDATE":"Thu, 20 Jul 2017 12:09:23 GMT","COMPKEY":286933,"COMPTYPE":68,"UNITID":"05919","UNITID2":"0860"}},{"type":"Feature","id":132330,"geometry":{"type":"LineString","coordinates":[[-122.277296396495,47.522273948029],[-122.277192694832,47.52219491799],[-122.277149324727,47.5221514356744],[-122.277127161881,47.5221124445717],[-122.277106623614,47.5220686722232],[-122.277097949983,47.5220255236731],[-122.277096791127,47.5219836864862],[-122.277092493214,47.5219255110547],[-122.277103949303,47.5215632493638],[-122.277081812016,47.521021647299]]},"properties":{"OBJECTID":132330,"SE_ANNO_CAD_DATA":"","F_INTR_ID":47222,"T_INTR_ID":47223,"SND_ID":47183,"SND_FEACODE":77,"CITYCODE":1,"STNAME_ID":3800,"ST_CODE":22,"ARTERIAL_CODE":0,"SEGMENT_TYPE":8,"AGENCY_CODE":1,"ACCESS_CODE":1,"DIVIDED_CODE":1,"STRUCTURE_TYPE":1,"LEGALLOC_CODE":3,"VEHICLE_USE_CODE":2,"GIS_SEG_LENGTH":472,"L_ADRS_FROM":0,"L_ADRS_TO":0,"R_ADRS_FROM":0,"R_ADRS_TO":0,"ORD_PRE_DIR":null,"ORD_STREET_NAME":"CHIEF SEALTH","ORD_STREET_TYPE":"TRL","ORD_SUF_DIR":null,"ORD_STNAME_CONCAT":"CHIEF SEALTH TRL","L_CITY":"SEATTLE","L_STATE":"WA","L_ZIP":"98118","R_CITY":"SEATTLE","R_STATE":"WA","R_ZIP":"98118","SNDSEG_UPDATE":"Thu, 20 Jul 2017 12:07:57 GMT","COMPKEY":286938,"COMPTYPE":68,"UNITID":"05919","UNITID2":"0910"}},{"type":"Feature","id":132331,"geometry":{"type":"LineString","coordinates":[[-122.265296474008,47.6829273039979],[-122.265307511813,47.6830126138182],[-122.265495786,47.6845479323369],[-122.265702008157,47.6846520065971]]},"properties":{"OBJECTID":132331,"SE_ANNO_CAD_DATA":"","F_INTR_ID":5605,"T_INTR_ID":5447,"SND_ID":7614,"SND_FEACODE":77,"CITYCODE":1,"STNAME_ID":2994,"ST_CODE":22,"ARTERIAL_CODE":0,"SEGMENT_TYPE":8,"AGENCY_CODE":1,"ACCESS_CODE":1,"DIVIDED_CODE":1,"STRUCTURE_TYPE":1,"LEGALLOC_CODE":3,"VEHICLE_USE_CODE":2,"GIS_SEG_LENGTH":657,"L_ADRS_FROM":0,"L_ADRS_TO":0,"R_ADRS_FROM":0,"R_ADRS_TO":0,"ORD_PRE_DIR":null,"ORD_STREET_NAME":"BURKE GILMAN","ORD_STREET_TYPE":"TRL","ORD_SUF_DIR":null,"ORD_STNAME_CONCAT":"BURKE GILMAN TRL","L_CITY":"SEATTLE","L_STATE":"WA","L_ZIP":"98115","R_CITY":"SEATTLE","R_STATE":"WA","R_ZIP":"98115","SNDSEG_UPDATE":"Thu, 02 May 2019 08:52:29 GMT","COMPKEY":287217,"COMPTYPE":68,"UNITID":"05778","UNITID2":"0760"}},{"type":"Feature","id":132332,"geometry":{"type":"LineString","coordinates":[[-122.337555856551,47.6468844813035],[-122.337496892834,47.6469432192154],[-122.336506504823,47.6469439029455],[-122.336397073443,47.6469278509369],[-122.336368735224,47.6468788554861]]},"properties":{"OBJECTID":132332,"SE_ANNO_CAD_DATA":"","F_INTR_ID":9072,"T_INTR_ID":47785,"SND_ID":49023,"SND_FEACODE":77,"CITYCODE":1,"STNAME_ID":2994,"ST_CODE":22,"ARTERIAL_CODE":0,"SEGMENT_TYPE":8,"AGENCY_CODE":1,"ACCESS_CODE":1,"DIVIDED_CODE":1,"STRUCTURE_TYPE":1,"LEGALLOC_CODE":3,"VEHICLE_USE_CODE":2,"GIS_SEG_LENGTH":317,"L_ADRS_FROM":0,"L_ADRS_TO":0,"R_ADRS_FROM":0,"R_ADRS_TO":0,"ORD_PRE_DIR":null,"ORD_STREET_NAME":"BURKE GILMAN","ORD_STREET_TYPE":"TRL","ORD_SUF_DIR":null,"ORD_STNAME_CONCAT":"BURKE GILMAN TRL","L_CITY":"SEATTLE","L_STATE":"WA","L_ZIP":"98103","R_CITY":"SEATTLE","R_STATE":"WA","R_ZIP":"98103","SNDSEG_UPDATE":"Thu, 02 May 2019 08:52:09 GMT","COMPKEY":287242,"COMPTYPE":68,"UNITID":"05778","UNITID2":"0520"}},{"type":"Feature","id":132333,"geometry":{"type":"LineString","coordinates":[[-122.347159356576,47.6485591318391],[-122.34715941361,47.6487792558397],[-122.347154247874,47.6488467798929],[-122.347123276277,47.6489258904187],[-122.347095935073,47.6489664061418],[-122.347063840257,47.6490069852245],[-122.347024290577,47.6490364206857],[-122.346979757476,47.6490578918184],[-122.34692665351,47.6490642373853],[-122.342775401947,47.6485407278303]]},"properties":{"OBJECTID":132333,"SE_ANNO_CAD_DATA":"","F_INTR_ID":8949,"T_INTR_ID":8954,"SND_ID":45760,"SND_FEACODE":77,"CITYCODE":1,"STNAME_ID":2994,"ST_CODE":22,"ARTERIAL_CODE":0,"SEGMENT_TYPE":8,"AGENCY_CODE":1,"ACCESS_CODE":1,"DIVIDED_CODE":1,"STRUCTURE_TYPE":1,"LEGALLOC_CODE":3,"VEHICLE_USE_CODE":2,"GIS_SEG_LENGTH":1250,"L_ADRS_FROM":0,"L_ADRS_TO":0,"R_ADRS_FROM":0,"R_ADRS_TO":0,"ORD_PRE_DIR":null,"ORD_STREET_NAME":"BURKE GILMAN","ORD_STREET_TYPE":"TRL","ORD_SUF_DIR":null,"ORD_STNAME_CONCAT":"BURKE GILMAN TRL","L_CITY":"SEATTLE","L_STATE":"WA","L_ZIP":"98103","R_CITY":"SEATTLE","R_STATE":"WA","R_ZIP":"98103","SNDSEG_UPDATE":"Thu, 02 May 2019 08:52:41 GMT","COMPKEY":287239,"COMPTYPE":68,"UNITID":"05778","UNITID2":"0490"}},{"type":"Feature","id":132334,"geometry":{"type":"LineString","coordinates":[[-122.265314620219,47.6793721993881],[-122.265176354251,47.6797754809422],[-122.265150576896,47.6798531012405],[-122.265138328586,47.6798933823302],[-122.265128979775,47.6799256692504],[-122.26511234756,47.6799877017276],[-122.265090828664,47.6800769767023],[-122.265074942252,47.6801529812422],[-122.265061633235,47.6802273808692],[-122.26506128872,47.6802301083793],[-122.265060873496,47.6802328348475],[-122.265060455958,47.6802355622221],[-122.265060035539,47.6802382887556],[-122.26505961512,47.680241015289],[-122.265059193166,47.6802437427192],[-122.265058770149,47.6802464692853],[-122.265058344535,47.680249195884],[-122.265057921234,47.6802519215762],[-122.265057496942,47.6802546490358],[-122.265057072626,47.6802573756182],[-122.265056649609,47.6802601021843],[-122.265056226308,47.6802628278765],[-122.26505580459,47.6802655544262],[-122.265055384223,47.6802682828893],[-122.265054965102,47.6802710094065],[-122.265054548839,47.6802737358876],[-122.265054133639,47.6802764632329],[-122.265053722595,47.680279190526],[-122.265053314148,47.6802819177864],[-122.265052908564,47.6802846451863],[-122.265052508218,47.6802873740998],[-122.265052110446,47.6802901021034],[-122.265051715276,47.6802928302499],[-122.265051325605,47.6802955599067],[-122.265050942668,47.6802982887769],[-122.265050562064,47.6803010174423],[-122.265050151343,47.6803037564887],[-122.265049781679,47.6803064860696],[-122.265049414631,47.6803092163195],[-122.265049048886,47.6803119467285],[-122.265048687298,47.6803146770853],[-122.265048328332,47.6803174082865],[-122.265047971934,47.6803201384026],[-122.265047619486,47.6803228703994],[-122.265047268573,47.6803256014995],[-122.265046920281,47.680328333444],[-122.265046575861,47.6803310644624],[-122.265046234063,47.6803337963254],[-122.265045895122,47.6803365281525],[-122.265045558804,47.680339260824],[-122.265045223784,47.6803419934792],[-122.265044894194,47.6803447251887],[-122.265044565952,47.6803474586362],[-122.265044241583,47.6803501911576],[-122.265043918512,47.6803529236626],[-122.265043599597,47.6803556561155],[-122.265043281774,47.6803583904849],[-122.265042969637,47.68036112373],[-122.265042657241,47.6803638569783],[-122.26504234874,47.6803665901777],[-122.26504204442,47.680369324202],[-122.265041741664,47.6803720583821],[-122.265041442515,47.680374791464],[-122.265041144973,47.6803775262805],[-122.265040762269,47.6803802730473],[-122.265040471437,47.6803830062001],[-122.265040182962,47.6803857400253],[-122.265039897394,47.6803884755688],[-122.265039615702,47.6803912103617],[-122.265039335304,47.6803939449628],[-122.265039057793,47.6803966805806],[-122.265038782879,47.6803994161657],[-122.265038511833,47.6804021506493],[-122.265038243413,47.6804048861528],[-122.265037976572,47.6804076223384],[-122.265037714906,47.6804103577571],[-122.265037454563,47.6804130940365],[-122.265037196813,47.6804158301079],[-122.265036943224,47.6804185663025],[-122.265036690934,47.6804213024807],[-122.265036442564,47.6804240394872],[-122.265036195724,47.6804267754215],[-122.265035954084,47.6804295114659],[-122.265035712492,47.6804322492646],[-122.265035476072,47.6804349861209],[-122.265035239911,47.6804377229739],[-122.265035008681,47.6804404595895],[-122.265034779298,47.6804431972347],[-122.265034552253,47.6804459348506],[-122.26503432934,47.6804486715372],[-122.265034110347,47.6804514090519],[-122.265033892654,47.6804541465503],[-122.265033944679,47.6804568553897],[-122.265033732157,47.6804595919457],[-122.265033522569,47.6804623312726],[-122.265033317079,47.6804650684421],[-122.265033113962,47.6804678068103],[-122.265032912398,47.6804705449835],[-122.26503271473,47.6804732831076],[-122.26503251992,47.6804760211959],[-122.26503232877,47.6804787601156],[-122.265032139155,47.6804814981386],[-122.265031952138,47.6804842361289],[-122.265031768031,47.6804869760131],[-122.265031587532,47.680489714799],[-122.26503140989,47.6804924535489],[-122.265031235106,47.680495192263],[-122.265031061389,47.6804979320166],[-122.2650308918,47.6805006706654],[-122.265030724833,47.6805034101586],[-122.265030561762,47.6805061496029],[-122.265030400255,47.6805088892031],[-122.26503024134,47.6805116285952],[-122.265030086322,47.6805143679383],[-122.265029933906,47.6805171074242],[-122.265029784343,47.6805198466988],[-122.265029637406,47.6805225869933],[-122.265029493039,47.6805253262026],[-122.265029351293,47.6805280662564],[-122.265029212433,47.6805308073268],[-122.265028684927,47.6805335613529],[-122.265028553832,47.6805363012729],[-122.265028423025,47.6805390422422],[-122.265028294526,47.6805417821295],[-122.265028171464,47.6805445212465],[-122.265028048705,47.6805472619392],[-122.265027932185,47.6805500027289],[-122.26502781592,47.68055274334],[-122.265027702233,47.6805554832167],[-122.265027592722,47.6805582237428],[-122.265027484254,47.6805609644314],[-122.265027379943,47.6805637050677],[-122.265027278249,47.6805664463731],[-122.265027179393,47.6805691869408],[-122.265027083159,47.6805719283531],[-122.265026990792,47.6805746686638],[-122.265026899729,47.6805774091337],[-122.265026812581,47.6805801502563],[-122.265026728296,47.6805828915184],[-122.26502664531,47.6805856327642],[-122.265026567779,47.6805883739414],[-122.265026489959,47.6805911140694],[-122.265026417647,47.6805938560585],[-122.26502634661,47.6805965971542],[-122.2650262797,47.680599337145],[-122.265026213882,47.6806020790525],[-122.265026152196,47.6806048200307],[-122.265026093368,47.6806075609729],[-122.265025994001,47.6806102924219],[-122.265025940368,47.6806130332988],[-122.265025890627,47.6806157739514],[-122.265025842213,47.6806185156402],[-122.265025796633,47.680621256416],[-122.265025754974,47.6806239980199],[-122.265025714613,47.6806267396076],[-122.265025679443,47.6806294809545],[-122.265025644513,47.6806322215964],[-122.265025614827,47.6806349639273],[-122.265025586439,47.6806377062419],[-122.265025561924,47.6806404476305],[-122.265025538968,47.6806431889994],[-122.26502551858,47.6806459292831],[-122.265025502142,47.6806486714476],[-122.26502548986,47.6806514135598],[-122.265025477554,47.680654154795],[-122.265025470443,47.6806568959648],[-122.265025464655,47.6806596379954],[-122.265025461725,47.6806623799901],[-122.265025462407,47.6806651210621],[-122.26502546623,47.6806678629719],[-122.265025471093,47.6806706048687],[-122.265025480088,47.6806733458362],[-122.26502549168,47.680676086771],[-122.265025507188,47.6806788283586],[-122.265025524,47.6806815701052],[-122.265025848538,47.6806843044757],[-122.265025870805,47.6806870461538],[-122.265025895645,47.6806897869221],[-122.265025925965,47.6806925284991],[-122.26502595626,47.6806952691989],[-122.265025990476,47.6806980107269],[-122.265026027285,47.6807007520468],[-122.265026068284,47.6807034945424],[-122.265026111852,47.6807062359529],[-122.26502615669,47.6807089762946],[-122.265026205453,47.6807117176398],[-122.265026258396,47.6807144598099],[-122.265026310017,47.6807172011191],[-122.265026366808,47.680719941486],[-122.265026427805,47.6807226835549],[-122.265026489816,47.6807254247337],[-122.265026555983,47.6807281658602],[-122.265026623709,47.6807309069671],[-122.265026693773,47.6807336480447],[-122.265026769316,47.6807363899308],[-122.265026844811,47.6807391300627],[-122.265026925809,47.6807418718802],[-122.265027009121,47.6807446127913],[-122.265027093992,47.6807473536828],[-122.265027181696,47.6807500936613],[-122.265027273085,47.6807528353484],[-122.265027367331,47.6807555769995],[-122.265027462828,47.68075831688],[-122.265027704303,47.6807610450992],[-122.265027806573,47.6807637855966],[-122.265027911421,47.6807665253597],[-122.265028018916,47.6807692668443],[-122.265028128984,47.6807720074192],[-122.265028244507,47.6807747479255],[-122.265028360006,47.6807774875548],[-122.265028479425,47.6807802280122],[-122.265028601443,47.6807829684369],[-122.265028727616,47.6807857088095],[-122.265028855089,47.6807884491657],[-122.265028985135,47.6807911886121],[-122.265029119361,47.6807939288834],[-122.265029254627,47.6807966691417],[-122.265029394048,47.6807994093478],[-122.265029536327,47.6808021495179],[-122.26502968092,47.6808048887816],[-122.265029828395,47.6808076288865],[-122.265029979766,47.6808103689424],[-122.265030132667,47.6808131079262],[-122.265030287934,47.6808158479332],[-122.265030447334,47.6808185870108],[-122.26503060938,47.68082132781],[-122.265030772911,47.6808240659582],[-122.265030942962,47.6808268049021],[-122.265031111737,47.6808295447393],[-122.265031284385,47.6808322836504],[-122.265031459601,47.6808350214763],[-122.265031619349,47.6808377731845],[-122.265031801324,47.6808405111011],[-122.265031986181,47.6808432498588],[-122.265032172073,47.6808459884281],[-122.265032363424,47.6808487271042],[-122.265032556074,47.680851465764],[-122.265032751581,47.6808542043879],[-122.265032950701,47.680856942089],[-122.265033151404,47.6808596806476],[-122.265033356234,47.6808624181015],[-122.265033563407,47.6808651557014],[-122.265033773462,47.6808678941425],[-122.265033986114,47.680870632551],[-122.265034201335,47.6808733698743],[-122.265034417859,47.6808761073568],[-122.265034641138,47.6808788447543],[-122.26503486444,47.6808815830289],[-122.265035091846,47.6808843193217],[-122.265035321879,47.6808870566343],[-122.265035554249,47.6808897939177],[-122.265035789732,47.6808925309864],[-122.265036027557,47.6808952682011],[-122.265036268192,47.6808980036257],[-122.265036512791,47.6809007414573],[-122.265036758645,47.6809034776937],[-122.265037008396,47.6809062138812],[-122.265037261,47.6809089498573],[-122.265037516205,47.6809116859763],[-122.265037686749,47.6809144428134],[-122.26503794741,47.6809171788638],[-122.265038210664,47.6809199147061],[-122.265038477795,47.6809226497977],[-122.265038746221,47.6809253846977],[-122.265039018855,47.680928121475],[-122.265039292736,47.6809308563064],[-122.265039570517,47.6809335912642],[-122.265039850892,47.680936326014],[-122.26504013283,47.6809390609196],[-122.26504041866,47.6809417956008],[-122.265040707092,47.6809445304249],[-122.265040998117,47.6809472650408],[-122.265041293304,47.6809499997799],[-122.265041589784,47.6809527343273],[-122.265041890396,47.6809554679454],[-122.265042193351,47.6809582017095],[-122.265042499159,47.6809609352623],[-122.265042808864,47.6809636687661],[-122.265043120132,47.6809664024258],[-122.265043435031,47.6809691358643],[-122.265043752789,47.6809718692669],[-122.265044073384,47.6809746019319],[-122.265044396313,47.6809773343921],[-122.265044723422,47.6809800676773],[-122.26504505308,47.6809827991755],[-122.265045385389,47.6809855325707],[-122.265045721802,47.6809882639841],[-122.265045921515,47.6809909665806],[-122.265046260525,47.6809936979613],[-122.265046599559,47.6809964302192],[-122.265046939868,47.6809991615836],[-122.265047281476,47.6810018929317],[-122.265047623368,47.6810046251536],[-122.265047967574,47.681007356469],[-122.265048310764,47.6810100886746],[-122.265048654975,47.6810128201655],[-122.265048999416,47.6810155506005],[-122.265049344945,47.6810182827768],[-122.265049692008,47.6810210140562],[-122.265050037773,47.6810237453521],[-122.265050386111,47.6810264757382],[-122.265050734521,47.6810292087556],[-122.265051082624,47.6810319400221],[-122.265051430986,47.6810346712853],[-122.265051780647,47.6810374025321],[-122.265052131612,47.6810401339381],[-122.265052482832,47.6810428651654],[-122.265052833768,47.6810455955188],[-122.265053186027,47.6810483267331],[-122.26505353831,47.6810510588244],[-122.265053890805,47.6810537891582],[-122.265054244363,47.6810565203561],[-122.265054596622,47.6810592515704],[-122.265054950439,47.681061982765],[-122.265055305296,47.6810647139466],[-122.265055660389,47.6810674442477],[-122.265056015246,47.6810701754293],[-122.265056371661,47.6810729065913],[-122.265056726518,47.6810756377729],[-122.265057081635,47.6810783689512],[-122.265057439326,47.6810810992197],[-122.265057795457,47.6810838295078],[-122.265058153172,47.6810865606536],[-122.265058508294,47.6810892920073],[-122.265058867307,47.6810920231366],[-122.265059223439,47.6810947534247],[-122.265059581154,47.6810974845704],[-122.265059938845,47.6811002148389],[-122.2650602963,47.6811029459878],[-122.265060654015,47.6811056771335],[-122.265061013028,47.6811084082628],[-122.265061372018,47.681111138515],[-122.265061729709,47.6811138687835],[-122.265062088699,47.6811165990357],[-122.265062446438,47.6811193310585],[-122.265062803893,47.6811220622074],[-122.265063162883,47.6811247924596],[-122.265063521897,47.6811275235889],[-122.265063880887,47.6811302538411],[-122.265064238602,47.6811329849867],[-122.265064597592,47.6811357152389],[-122.265064955048,47.6811384463878],[-122.265065312763,47.6811411775335],[-122.265065671777,47.6811439086628],[-122.265066029469,47.6811466389313],[-122.26506638716,47.6811493691998],[-122.265066744616,47.6811521003487],[-122.265067102331,47.6811548314943],[-122.265067460052,47.6811575628153],[-122.265067816468,47.6811602939773],[-122.26506817543,47.6811630231769],[-122.265068530293,47.6811657545338],[-122.26506888671,47.6811684856958],[-122.265069242867,47.681171216861],[-122.265069597985,47.6811739480393],[-122.265069954378,47.6811766783241],[-122.265070309236,47.6811794095056],[-122.265070664379,47.681182141561],[-122.265071019213,47.6811848718653],[-122.265071374331,47.6811876030436],[-122.265071942648,47.681191847385],[-122.265296474008,47.6829273039979]]},"properties":{"OBJECTID":132334,"SE_ANNO_CAD_DATA":"","F_INTR_ID":5947,"T_INTR_ID":5605,"SND_ID":12324,"SND_FEACODE":77,"CITYCODE":1,"STNAME_ID":2994,"ST_CODE":22,"ARTERIAL_CODE":0,"SEGMENT_TYPE":8,"AGENCY_CODE":1,"ACCESS_CODE":1,"DIVIDED_CODE":1,"STRUCTURE_TYPE":1,"LEGALLOC_CODE":3,"VEHICLE_USE_CODE":2,"GIS_SEG_LENGTH":1306,"L_ADRS_FROM":0,"L_ADRS_TO":0,"R_ADRS_FROM":0,"R_ADRS_TO":0,"ORD_PRE_DIR":null,"ORD_STREET_NAME":"BURKE GILMAN","ORD_STREET_TYPE":"TRL","ORD_SUF_DIR":null,"ORD_STNAME_CONCAT":"BURKE GILMAN TRL","L_CITY":"SEATTLE","L_STATE":"WA","L_ZIP":"98115","R_CITY":"SEATTLE","R_STATE":"WA","R_ZIP":"98115","SNDSEG_UPDATE":"Thu, 02 May 2019 08:52:52 GMT","COMPKEY":287216,"COMPTYPE":68,"UNITID":"05778","UNITID2":"0750"}},{"type":"Feature","id":132335,"geometry":{"type":"LineString","coordinates":[[-122.277880220077,47.6961197062461],[-122.277800048385,47.696217353886],[-122.277708409185,47.6962971756461],[-122.277562375648,47.6963995366614],[-122.277390398282,47.696500041212],[-122.277243392173,47.6965674542144],[-122.276785297318,47.6967402607135],[-122.275495575013,47.6971422563401],[-122.275201598362,47.6972415105061],[-122.274833462697,47.6974023361224],[-122.274826925744,47.6974055684106],[-122.274820395765,47.697408808507],[-122.274813875104,47.6974120565575],[-122.274807366884,47.697415312698],[-122.274800866731,47.6974185785634],[-122.274794374857,47.6974218523961],[-122.27478789256,47.6974251341796],[-122.274781419895,47.6974284258436],[-122.274774956782,47.6974317245813],[-122.274768503012,47.6974350321502],[-122.27476205778,47.6974383476831],[-122.27475562319,47.6974416720309],[-122.274749198177,47.6974450043294],[-122.274742781472,47.6974483456478],[-122.274736374344,47.6974516949171],[-122.274729978118,47.6974550529979],[-122.27472359017,47.6974584190459],[-122.274717213104,47.6974617932038],[-122.27471084535,47.6974651751404],[-122.274704487464,47.6974685660771],[-122.27469813762,47.6974719658615],[-122.274691798653,47.6974753735804],[-122.274685470544,47.697478788532],[-122.274679150732,47.6974822121525],[-122.274672841827,47.69748564476],[-122.274666541199,47.6974890853349],[-122.274660250121,47.697492532808],[-122.274653970992,47.6974959894304],[-122.274647700422,47.6974994547185],[-122.274641440444,47.6975029270672],[-122.274635189033,47.6975064084325],[-122.274628949539,47.697509897719],[-122.274622719647,47.6975133958336],[-122.274616498268,47.6975169010351],[-122.274610287507,47.6975204141742],[-122.274604087627,47.6975239354234],[-122.274597897345,47.697527465325],[-122.274591717944,47.6975310033365],[-122.274585546561,47.6975345493186],[-122.274579387615,47.6975381032155],[-122.274573238222,47.6975416641861],[-122.274567097132,47.6975452340012],[-122.274560967987,47.6975488127901],[-122.27455484865,47.6975523984741],[-122.274548739935,47.6975559922713],[-122.274542641058,47.697559594016],[-122.274536552773,47.6975632028214],[-122.27453047435,47.6975668204516],[-122.274524406545,47.6975704460195],[-122.27451834962,47.6975740796972],[-122.274512302505,47.6975777202701],[-122.274506266011,47.6975813689562],[-122.274500239114,47.6975850262948],[-122.274494223098,47.6975886917434],[-122.274488219211,47.6975923633557],[-122.27448222365,47.6975960446897],[-122.274476238922,47.6975997323793],[-122.274470265351,47.6976034287018],[-122.274464303671,47.6976071320686],[-122.274458350275,47.697610843578],[-122.274452409025,47.6976145619531],[-122.274446477383,47.6976182893315],[-122.274440555293,47.6976220237839],[-122.274434646679,47.6976257661378],[-122.274428746319,47.6976295155819],[-122.27442285816,47.6976332738213],[-122.274416980853,47.697637039118],[-122.274411113128,47.6976408125411],[-122.27440525755,47.6976445928298],[-122.27439941155,47.6976483810693],[-122.274393577731,47.6976521774024],[-122.274387753441,47.6976559799322],[-122.274381940047,47.6976597910981],[-122.27437613881,47.6976636094805],[-122.27437034715,47.6976674358138],[-122.274364567642,47.697671269188],[-122.274358797712,47.6976751105133],[-122.274353039934,47.6976789588795],[-122.274347293032,47.6976828151802],[-122.274341555688,47.6976866787301],[-122.274335830492,47.6976905491456],[-122.274330116196,47.6976944283728],[-122.274324414293,47.6976983139359],[-122.274318721703,47.6977022072779],[-122.274313041293,47.6977061087134],[-122.274307371972,47.6977100163259],[-122.274301711963,47.6977139317173],[-122.27429606541,47.6977178543086],[-122.274290429994,47.6977217848312],[-122.274284803872,47.6977257224309],[-122.274279191455,47.6977296668765],[-122.274273588621,47.6977336194484],[-122.274267997679,47.6977375790647],[-122.274262417825,47.6977415448579],[-122.274256848848,47.6977455185857],[-122.274251293351,47.6977495003907],[-122.274245747142,47.6977534890973],[-122.274240212022,47.697757483981],[-122.274234690377,47.6977614867663],[-122.274229178309,47.6977654975027],[-122.274223678634,47.6977695145751],[-122.274218190846,47.6977735385164],[-122.27421271391,47.6977775695151],[-122.274207247851,47.6977816084484],[-122.274201792909,47.6977856546112],[-122.274196351129,47.6977897067494],[-122.274190920486,47.6977937668189],[-122.274185500417,47.6977978332474],[-122.274180094077,47.6978019073989],[-122.274174698566,47.6978059877308],[-122.274169313936,47.6978100761726],[-122.274163941454,47.6978141714801],[-122.274158581104,47.6978182731269],[-122.274153231601,47.6978223816557],[-122.274147894534,47.6978264980995],[-122.274142569316,47.6978306200086],[-122.274137255253,47.6978347505508],[-122.274131953039,47.6978388865586],[-122.274126661957,47.6978430303221],[-122.274121384325,47.6978471811104],[-122.274116117238,47.6978513372051],[-122.274110862876,47.6978555022639],[-122.274105620376,47.6978596733146],[-122.274100390004,47.6978638505292],[-122.274095170514,47.6978680358538],[-122.274089963406,47.6978722271636],[-122.274084769465,47.6978764246243],[-122.274079585361,47.6978806300326],[-122.274074415983,47.6978848415721],[-122.274069256135,47.6978890593083],[-122.274064109766,47.6978932851218],[-122.274058975496,47.6978975160466],[-122.274053852103,47.697901754906],[-122.274048742391,47.6979059997343],[-122.274043643253,47.6979102509216],[-122.274038557825,47.6979145091303],[-122.27403348325,47.6979187743965],[-122.274028420803,47.6979230458267],[-122.274023371802,47.697927324106],[-122.274018333634,47.6979316087412],[-122.274013307877,47.6979359004142],[-122.274008295283,47.6979401980626],[-122.27400329508,47.6979445020471],[-122.273998307025,47.6979488128972],[-122.273993331097,47.6979531299113],[-122.273988365997,47.6979574531058],[-122.273983414354,47.6979617835003],[-122.273978476416,47.6979661207409],[-122.273973549023,47.697970463288],[-122.27396863534,47.6979748128564],[-122.27396373378,47.6979791684134],[-122.273958844376,47.697983531187],[-122.273953967076,47.6979878992474],[-122.273949103487,47.6979922743292],[-122.273944250461,47.6979966554193],[-122.273939412421,47.6980010426372],[-122.273934585214,47.6980054362109],[-122.273929771454,47.6980098366339],[-122.273924968757,47.6980142423569],[-122.273920180575,47.6980186559686],[-122.273915403433,47.6980230740032],[-122.273910639741,47.6980274990624],[-122.273905888177,47.6980319302857],[-122.273901150035,47.6980363674811],[-122.273896424025,47.6980408110159],[-122.273891711722,47.6980452613967],[-122.273887010222,47.6980497170808],[-122.273882322149,47.6980541789126],[-122.273877647503,47.6980586468918],[-122.273872984985,47.6980631210351],[-122.273868336128,47.6980676004456],[-122.273863699164,47.6980720869004],[-122.273859075857,47.6980765784471],[-122.273854464702,47.6980810770348],[-122.273849865939,47.6980855819587],[-122.27384528029,47.6980900911038],[-122.273840708376,47.6980946081475],[-122.27383614984,47.6980991295845],[-122.273831602128,47.6981036570266],[-122.273827067871,47.6981081916688],[-122.273822547272,47.6981127314027],[-122.2738180401,47.6981172772843],[-122.27381354633,47.6981218284363],[-122.273809064688,47.6981263857524],[-122.273804595433,47.6981309492292],[-122.273800139321,47.6981355179798],[-122.273795696891,47.6981400926993],[-122.273791266588,47.6981446735828],[-122.273786851246,47.6981492597171],[-122.273782447773,47.6981538520187],[-122.273778056662,47.698158449604],[-122.273773680249,47.6981630522679],[-122.273769315992,47.6981676621484],[-122.273764966692,47.6981722771043],[-122.273760628196,47.6981768973635],[-122.273756304402,47.6981815228767],[-122.273751992759,47.6981861554312],[-122.273747695789,47.6981907921872],[-122.273743409907,47.6981954351204],[-122.273739140027,47.6982000832912],[-122.273734880974,47.6982047376426],[-122.273730635325,47.6982093972644],[-122.273726404632,47.6982140619616],[-122.273722186071,47.6982187329983],[-122.273717980908,47.6982234091301],[-122.273713789403,47.6982280903537],[-122.273709612368,47.6982327778873],[-122.273705446369,47.6982374696683],[-122.2737012951,47.698242167756],[-122.273697157489,47.6982468709355],[-122.273693032991,47.6982515783363],[-122.273688922234,47.6982562938111],[-122.273684825085,47.6982610126236],[-122.273680741104,47.6982657375869],[-122.27367667076,47.6982704669404],[-122.27367261252,47.6982752015808],[-122.273668570325,47.6982799430377],[-122.273664540469,47.6982846889012],[-122.273660522691,47.6982894391745],[-122.273656520939,47.6982941955626],[-122.273652531285,47.6982989570623],[-122.273648555299,47.6983037240046],[-122.27364459401,47.6983084960257],[-122.273640644794,47.6983132722812],[-122.273636710281,47.6983180537908],[-122.273632789459,47.6983228416202],[-122.273628882011,47.6983276336676],[-122.27362498822,47.6983324308069],[-122.273621108876,47.6983372333789],[-122.273617241866,47.6983420401822],[-122.273613389582,47.6983468531167],[-122.273609550932,47.6983516702659],[-122.273605725684,47.6983564926856],[-122.273601913814,47.6983613194989],[-122.27359811797,47.6983661524269],[-122.27359433316,47.6983709896026],[-122.273590563058,47.6983758322077],[-122.273586807623,47.6983806788391],[-122.273583065855,47.6983855309132],[-122.273579337201,47.6983903872086],[-122.273575622469,47.698395248768],[-122.27357192218,47.6984001155848],[-122.273568235523,47.6984049866163],[-122.273564563569,47.6984098629021],[-122.273560903693,47.6984147435977],[-122.273557258755,47.698419628667],[-122.27355362724,47.6984245197086],[-122.273550010401,47.6984294151273],[-122.273546408471,47.6984343138671],[-122.273542818669,47.6984392187711],[-122.273539244843,47.6984441280357],[-122.273535683332,47.6984490408298],[-122.273532136567,47.6984539604569],[-122.273528603132,47.6984588827232],[-122.273525085697,47.6984638102272],[-122.273521580597,47.6984687419624],[-122.273518090199,47.6984736789518],[-122.273514614733,47.6984786201396],[-122.273511151351,47.6984835659126],[-122.273507702637,47.6984885157118],[-122.27350426863,47.6984934709407],[-122.273500849556,47.6984984303679],[-122.273497443836,47.6985033933115],[-122.273494050474,47.6985083613634],[-122.273490674393,47.6985133339349],[-122.273487310381,47.6985183105654],[-122.273483962351,47.6985232917321],[-122.273480627979,47.6985282779906],[-122.273477306961,47.6985332677655],[-122.273473999601,47.6985382626323],[-122.273470708145,47.6985432592284],[-122.273467431434,47.6985482626575],[-122.273464166783,47.6985532697948],[-122.273460918359,47.6985582809386],[-122.273457683294,47.6985632957743],[-122.273454463186,47.6985683156854],[-122.273451256452,47.6985733398145],[-122.273448065675,47.6985783676027],[-122.273444887232,47.6985833996221],[-122.273441723462,47.6985884358431],[-122.273438575669,47.6985934764247],[-122.273435441515,47.6985985213966],[-122.273432321984,47.6986035688159],[-122.273429217156,47.6986086214894],[-122.273426124661,47.6986136783942],[-122.273423048149,47.698618739835],[-122.273419987815,47.6986238035281],[-122.273416939325,47.6986288725115],[-122.273413905983,47.6986339441113],[-122.273410887079,47.6986390207931],[-122.273407883112,47.6986441018487],[-122.273404893775,47.6986491855272],[-122.273401918095,47.6986542742975],[-122.273398958368,47.6986593665515],[-122.27339601199,47.6986644621464],[-122.273393079226,47.6986695612545],[-122.273390163758,47.6986746654085],[-122.27338726188,47.6986797721985],[-122.273384373375,47.6986848832065],[-122.273381499553,47.6986899987672],[-122.273378641674,47.6986951174605],[-122.273375797409,47.6987002396669],[-122.273372968033,47.6987053644929],[-122.273370153095,47.6987104944011],[-122.273367353329,47.6987156278026],[-122.273364567952,47.698720764532],[-122.273361797489,47.6987259047581],[-122.273359041699,47.6987310491859],[-122.273356299522,47.6987361971268],[-122.273353574622,47.698741349412],[-122.273350861719,47.6987465031249],[-122.273348165057,47.6987516613707],[-122.273345481745,47.6987568229575],[-122.27334281464,47.6987619878491],[-122.273340162213,47.6987671571179],[-122.273337524416,47.6987723290095],[-122.273334900252,47.698777505116],[-122.273332292011,47.6987826836535],[-122.273329697409,47.6987878665813],[-122.273327118736,47.6987930521155],[-122.273324554711,47.6987982409743],[-122.273322005619,47.6988034340316],[-122.273319471156,47.6988086297117],[-122.273316951323,47.6988138280147],[-122.273314446422,47.6988190305162],[-122.27331195643,47.6988242363389],[-122.273309482131,47.6988294456485],[-122.273307021652,47.6988346565383],[-122.273304575616,47.6988398726856],[-122.273302144444,47.6988450905755],[-122.27329972924,47.6988503124752],[-122.27329732893,47.69885553717],[-122.273294943239,47.6988607641368],[-122.273292572491,47.6988659956528],[-122.273290217662,47.6988712294246],[-122.273287876187,47.6988764667127],[-122.273285549602,47.6988817066205],[-122.273283238964,47.6988869498364],[-122.273280943215,47.698892195672],[-122.27327866211,47.6988974446568],[-122.273276396939,47.6989026964234],[-122.273274146677,47.6989079515114],[-122.27327190844,47.6989132090797],[-122.27326968771,47.6989184699364],[-122.273267481639,47.6989237344687],[-122.273265291462,47.6989290003794],[-122.273263116199,47.6989342697869],[-122.273260954521,47.6989395416551],[-122.273258810095,47.6989448169904],[-122.27325667897,47.6989500939125],[-122.273254563823,47.6989553751953],[-122.273252462236,47.6989606580617],[-122.273250376861,47.6989659444083],[-122.273248306107,47.6989712330271],[-122.273246251286,47.6989765244278],[-122.273244211344,47.6989818180972],[-122.273242187331,47.6989871143732],[-122.273240176673,47.6989924141656],[-122.273238182173,47.6989977155087],[-122.273236201283,47.6990030201895],[-122.273234237617,47.6990083272851],[-122.273232288584,47.6990136371789],[-122.273230354407,47.6990189484644],[-122.273228434883,47.69902426325],[-122.273226531283,47.6990295804666],[-122.273224644127,47.6990349001079],[-122.273222770041,47.6990402223916],[-122.27322091084,47.6990455471196],[-122.273219068842,47.6990508735606],[-122.273217240453,47.6990562033394],[-122.273215427994,47.6990615357247],[-122.273213631664,47.6990668686081],[-122.273211848665,47.6990722041308],[-122.273210081613,47.6990775429618],[-122.273208330726,47.6990828835189],[-122.273206594748,47.6990882273973],[-122.273204873375,47.6990935730215],[-122.273203166602,47.6990989202161],[-122.273201477337,47.6991042706993],[-122.273199801348,47.6991096218921],[-122.273198142611,47.6991149765522],[-122.273196496137,47.6991203328122],[-122.27319486715,47.699125691659],[-122.273193252734,47.6991310510236],[-122.27319165557,47.6991364138555],[-122.273190071997,47.6991417793235],[-122.273188503019,47.6991471461864],[-122.273186950205,47.6991525147755],[-122.273185412021,47.6991578859875],[-122.273183889992,47.6991632585747],[-122.273182385166,47.6991686328751],[-122.273180892371,47.6991740098311],[-122.273179415755,47.6991793890395],[-122.273177955279,47.6991847690969],[-122.273176509168,47.6991901516052],[-122.273175080781,47.6991955358199],[-122.273173665714,47.6992009223231],[-122.273152483315,47.6992936293429]]},"properties":{"OBJECTID":132335,"SE_ANNO_CAD_DATA":"","F_INTR_ID":4478,"T_INTR_ID":4236,"SND_ID":7161,"SND_FEACODE":77,"CITYCODE":1,"STNAME_ID":2994,"ST_CODE":22,"ARTERIAL_CODE":0,"SEGMENT_TYPE":8,"AGENCY_CODE":1,"ACCESS_CODE":1,"DIVIDED_CODE":1,"STRUCTURE_TYPE":1,"LEGALLOC_CODE":3,"VEHICLE_USE_CODE":2,"GIS_SEG_LENGTH":1724,"L_ADRS_FROM":0,"L_ADRS_TO":0,"R_ADRS_FROM":0,"R_ADRS_TO":0,"ORD_PRE_DIR":null,"ORD_STREET_NAME":"BURKE GILMAN","ORD_STREET_TYPE":"TRL","ORD_SUF_DIR":null,"ORD_STNAME_CONCAT":"BURKE GILMAN TRL","L_CITY":"SEATTLE","L_STATE":"WA","L_ZIP":"98115","R_CITY":"SEATTLE","R_STATE":"WA","R_ZIP":"98115","SNDSEG_UPDATE":"Thu, 02 May 2019 08:52:57 GMT","COMPKEY":287220,"COMPTYPE":68,"UNITID":"05778","UNITID2":"0940"}},{"type":"Feature","id":132336,"geometry":{"type":"LineString","coordinates":[[-122.313334575186,47.6533994401984],[-122.312939655575,47.6533695647167],[-122.312594009422,47.6531994522451],[-122.312464144474,47.6529759641394]]},"properties":{"OBJECTID":132336,"SE_ANNO_CAD_DATA":"","F_INTR_ID":8602,"T_INTR_ID":8665,"SND_ID":14113,"SND_FEACODE":77,"CITYCODE":1,"STNAME_ID":2994,"ST_CODE":22,"ARTERIAL_CODE":0,"SEGMENT_TYPE":8,"AGENCY_CODE":1,"ACCESS_CODE":1,"DIVIDED_CODE":1,"STRUCTURE_TYPE":1,"LEGALLOC_CODE":3,"VEHICLE_USE_CODE":2,"GIS_SEG_LENGTH":291,"L_ADRS_FROM":0,"L_ADRS_TO":0,"R_ADRS_FROM":0,"R_ADRS_TO":0,"ORD_PRE_DIR":null,"ORD_STREET_NAME":"BURKE GILMAN","ORD_STREET_TYPE":"TRL","ORD_SUF_DIR":null,"ORD_STNAME_CONCAT":"BURKE GILMAN TRL","L_CITY":"SEATTLE","L_STATE":"WA","L_ZIP":"98105","R_CITY":"SEATTLE","R_STATE":"WA","R_ZIP":"98105","SNDSEG_UPDATE":"Thu, 02 May 2019 08:53:13 GMT","COMPKEY":287257,"COMPTYPE":68,"UNITID":"05778","UNITID2":"0620"}},{"type":"Feature","id":132337,"geometry":{"type":"LineString","coordinates":[[-122.338062530863,47.646889481595],[-122.338028697362,47.6469204021299],[-122.337883475138,47.6469208924159],[-122.337638108034,47.6469203226158],[-122.337555856551,47.6468844813035]]},"properties":{"OBJECTID":132337,"SE_ANNO_CAD_DATA":"","F_INTR_ID":9071,"T_INTR_ID":9072,"SND_ID":11541,"SND_FEACODE":77,"CITYCODE":1,"STNAME_ID":2994,"ST_CODE":22,"ARTERIAL_CODE":0,"SEGMENT_TYPE":8,"AGENCY_CODE":1,"ACCESS_CODE":1,"DIVIDED_CODE":1,"STRUCTURE_TYPE":1,"LEGALLOC_CODE":3,"VEHICLE_USE_CODE":2,"GIS_SEG_LENGTH":134,"L_ADRS_FROM":0,"L_ADRS_TO":0,"R_ADRS_FROM":0,"R_ADRS_TO":0,"ORD_PRE_DIR":null,"ORD_STREET_NAME":"BURKE GILMAN","ORD_STREET_TYPE":"TRL","ORD_SUF_DIR":null,"ORD_STNAME_CONCAT":"BURKE GILMAN TRL","L_CITY":"SEATTLE","L_STATE":"WA","L_ZIP":"98103","R_CITY":"SEATTLE","R_STATE":"WA","R_ZIP":"98103","SNDSEG_UPDATE":"Thu, 02 May 2019 08:52:02 GMT","COMPKEY":287241,"COMPTYPE":68,"UNITID":"05778","UNITID2":"0510"}},{"type":"Feature","id":132338,"geometry":{"type":"LineString","coordinates":[[-122.289219361141,47.6614158548199],[-122.289143456426,47.6614193699232],[-122.289061713422,47.6614247625415],[-122.288980248624,47.6614318255109],[-122.288906496458,47.6614396895785],[-122.288825772936,47.6614499240068],[-122.288745545663,47.6614618054698],[-122.288673103288,47.6614740264732],[-122.288594027106,47.6614890220441],[-122.288522752231,47.6615040526641],[-122.288445091959,47.6615221119337],[-122.288368276203,47.6615417518479],[-122.288292377726,47.6615629551585],[-122.288217462492,47.6615857029496],[-122.28814360598,47.6616099728496],[-122.28807086969,47.6616357442451],[-122.288005775447,47.6616604545733],[-122.28794807362,47.6616837227203],[-122.287891241498,47.6617079496444],[-122.287835317407,47.6617331218713],[-122.287786394315,47.6617562771285],[-122.2877322753,47.6617831886637],[-122.287679161244,47.6618110005718],[-122.287627082719,47.6618396914057],[-122.28758168757,47.6618659213248],[-122.287531655375,47.6618962287149],[-122.287488126905,47.6619238649773],[-122.287440249822,47.6619557219082],[-122.287393557529,47.6619883705797],[-122.287348075727,47.662021791888],[-122.287308689251,47.6620521306916],[-122.287265572973,47.6620869530361],[-122.28722374963,47.6621224864265],[-122.287187677811,47.6621546532104],[-122.287148361938,47.6621914708893],[-122.287114559301,47.6622247419766],[-122.28707783747,47.6622627626469],[-122.287050248528,47.6622927528341],[-122.28701977272,47.6623274595533],[-122.286972344925,47.6623833116404],[-122.286957754271,47.6624010770196]]},"properties":{"OBJECTID":132338,"SE_ANNO_CAD_DATA":"","F_INTR_ID":7796,"T_INTR_ID":48546,"SND_ID":49999,"SND_FEACODE":77,"CITYCODE":1,"STNAME_ID":2994,"ST_CODE":22,"ARTERIAL_CODE":0,"SEGMENT_TYPE":8,"AGENCY_CODE":1,"ACCESS_CODE":1,"DIVIDED_CODE":1,"STRUCTURE_TYPE":1,"LEGALLOC_CODE":3,"VEHICLE_USE_CODE":2,"GIS_SEG_LENGTH":693.63307,"L_ADRS_FROM":0,"L_ADRS_TO":0,"R_ADRS_FROM":0,"R_ADRS_TO":0,"ORD_PRE_DIR":null,"ORD_STREET_NAME":"BURKE GILMAN","ORD_STREET_TYPE":"TRL","ORD_SUF_DIR":null,"ORD_STNAME_CONCAT":"BURKE GILMAN TRL","L_CITY":"SEATTLE","L_STATE":"WA","L_ZIP":"98105","R_CITY":"SEATTLE","R_STATE":"WA","R_ZIP":"98105","SNDSEG_UPDATE":"Fri, 29 Jul 2022 15:23:56 GMT","COMPKEY":287210,"COMPTYPE":68,"UNITID":"05778","UNITID2":"0690"}},{"type":"Feature","id":132339,"geometry":{"type":"LineString","coordinates":[[-122.348158468906,47.7141421117817],[-122.348140609606,47.7142852814114],[-122.348140583329,47.7144307960729],[-122.348524312212,47.7175560931218],[-122.348554026823,47.717771195846]]},"properties":{"OBJECTID":132339,"SE_ANNO_CAD_DATA":"","F_INTR_ID":3290,"T_INTR_ID":48535,"SND_ID":48071,"SND_FEACODE":77,"CITYCODE":1,"STNAME_ID":4022,"ST_CODE":22,"ARTERIAL_CODE":0,"SEGMENT_TYPE":8,"AGENCY_CODE":1,"ACCESS_CODE":1,"DIVIDED_CODE":1,"STRUCTURE_TYPE":1,"LEGALLOC_CODE":3,"VEHICLE_USE_CODE":2,"GIS_SEG_LENGTH":1996,"L_ADRS_FROM":0,"L_ADRS_TO":0,"R_ADRS_FROM":0,"R_ADRS_TO":0,"ORD_PRE_DIR":null,"ORD_STREET_NAME":"INTERURBAN","ORD_STREET_TYPE":"TRL","ORD_SUF_DIR":null,"ORD_STNAME_CONCAT":"INTERURBAN TRL","L_CITY":"SEATTLE","L_STATE":"WA","L_ZIP":"98133","R_CITY":"SEATTLE","R_STATE":"WA","R_ZIP":"98133","SNDSEG_UPDATE":"Fri, 01 Jul 2022 09:12:08 GMT","COMPKEY":519939,"COMPTYPE":68,"UNITID":"07857","UNITID2":"1170"}},{"type":"Feature","id":132340,"geometry":{"type":"LineString","coordinates":[[-122.370540974117,47.5718278975281],[-122.370582256474,47.5718680416046],[-122.370824475694,47.5741644255675],[-122.370817363467,47.5747746231041],[-122.371293941027,47.5768580997778],[-122.372506509058,47.5789000091148],[-122.372514803324,47.5791805757046],[-122.372362309739,47.5802585776158],[-122.372736429622,47.5812202968716],[-122.372870170008,47.5812980261084]]},"properties":{"OBJECTID":132340,"SE_ANNO_CAD_DATA":"","F_INTR_ID":46403,"T_INTR_ID":13629,"SND_ID":47197,"SND_FEACODE":77,"CITYCODE":1,"STNAME_ID":2957,"ST_CODE":22,"ARTERIAL_CODE":0,"SEGMENT_TYPE":8,"AGENCY_CODE":1,"ACCESS_CODE":1,"DIVIDED_CODE":1,"STRUCTURE_TYPE":1,"LEGALLOC_CODE":3,"VEHICLE_USE_CODE":2,"GIS_SEG_LENGTH":3555.564414,"L_ADRS_FROM":0,"L_ADRS_TO":0,"R_ADRS_FROM":0,"R_ADRS_TO":0,"ORD_PRE_DIR":null,"ORD_STREET_NAME":"ALKI","ORD_STREET_TYPE":"TRL","ORD_SUF_DIR":null,"ORD_STNAME_CONCAT":"ALKI TRL","L_CITY":"SEATTLE","L_STATE":"WA","L_ZIP":"98126","R_CITY":"SEATTLE","R_STATE":"WA","R_ZIP":"98126","SNDSEG_UPDATE":"Thu, 10 Nov 2022 12:56:24 GMT","COMPKEY":287002,"COMPTYPE":68,"UNITID":"05096","UNITID2":"0290"}},{"type":"Feature","id":132341,"geometry":{"type":"LineString","coordinates":[[-122.302141037527,47.5903188135134],[-122.301203996265,47.5903188012845]]},"properties":{"OBJECTID":132341,"SE_ANNO_CAD_DATA":"","F_INTR_ID":13044,"T_INTR_ID":13045,"SND_ID":44674,"SND_FEACODE":77,"CITYCODE":1,"STNAME_ID":3808,"ST_CODE":22,"ARTERIAL_CODE":0,"SEGMENT_TYPE":8,"AGENCY_CODE":1,"ACCESS_CODE":1,"DIVIDED_CODE":1,"STRUCTURE_TYPE":1,"LEGALLOC_CODE":3,"VEHICLE_USE_CODE":2,"GIS_SEG_LENGTH":231.225852,"L_ADRS_FROM":0,"L_ADRS_TO":0,"R_ADRS_FROM":0,"R_ADRS_TO":0,"ORD_PRE_DIR":null,"ORD_STREET_NAME":"MOUNTAINS TO SOUND","ORD_STREET_TYPE":"TRL","ORD_SUF_DIR":null,"ORD_STNAME_CONCAT":"MOUNTAINS TO SOUND TRL","L_CITY":"SEATTLE","L_STATE":"WA","L_ZIP":"98144","R_CITY":"SEATTLE","R_STATE":"WA","R_ZIP":"98144","SNDSEG_UPDATE":"Wed, 01 Feb 2023 17:09:24 GMT","COMPKEY":287021,"COMPTYPE":68,"UNITID":"08767","UNITID2":"0230"}},{"type":"Feature","id":132342,"geometry":{"type":"LineString","coordinates":[[-122.307287000925,47.6507605196722],[-122.307248568072,47.650824975932],[-122.307233092726,47.6508382672332],[-122.307205159636,47.6508469591498],[-122.307157840367,47.6508487275145],[-122.307090685519,47.6508472514199],[-122.306689128806,47.6508476869201],[-122.306566256429,47.650862367424],[-122.306492781947,47.6508799795875],[-122.306135427258,47.6510107520066],[-122.305887472951,47.6510865545196],[-122.305877752147,47.6510895401356]]},"properties":{"OBJECTID":132342,"SE_ANNO_CAD_DATA":"","F_INTR_ID":48940,"T_INTR_ID":48941,"SND_ID":42040,"SND_FEACODE":77,"CITYCODE":1,"STNAME_ID":3370,"ST_CODE":22,"ARTERIAL_CODE":0,"SEGMENT_TYPE":8,"AGENCY_CODE":6,"ACCESS_CODE":1,"DIVIDED_CODE":1,"STRUCTURE_TYPE":1,"LEGALLOC_CODE":3,"VEHICLE_USE_CODE":2,"GIS_SEG_LENGTH":386.158173,"L_ADRS_FROM":0,"L_ADRS_TO":0,"R_ADRS_FROM":0,"R_ADRS_TO":0,"ORD_PRE_DIR":null,"ORD_STREET_NAME":"UW BIKE","ORD_STREET_TYPE":"TRL","ORD_SUF_DIR":null,"ORD_STNAME_CONCAT":"UW BIKE TRL","L_CITY":"SEATTLE","L_STATE":"WA","L_ZIP":"98195","R_CITY":"SEATTLE","R_STATE":"WA","R_ZIP":"98195","SNDSEG_UPDATE":"Wed, 04 Feb 2026 09:39:56 GMT","COMPKEY":0,"COMPTYPE":0,"UNITID":"0","UNITID2":"0"}},{"type":"Feature","id":132343,"geometry":{"type":"LineString","coordinates":[[-122.307287000925,47.6507605196722],[-122.307131457094,47.6507260476218],[-122.306977366515,47.6506956705045],[-122.306872311143,47.6506802496789],[-122.306799676865,47.6506715494865],[-122.306721242094,47.6506632822921],[-122.306583580077,47.6506532813078],[-122.306374147238,47.6506463503915],[-122.306214695701,47.6506505548565],[-122.306057021156,47.6506615199283],[-122.305863892778,47.6506830593779],[-122.305770565385,47.6506961668219],[-122.305530979102,47.6507440124759],[-122.305393931287,47.6507805348378],[-122.305262582965,47.6508193636716],[-122.305160027904,47.6508549639792],[-122.305015254902,47.6509172926723],[-122.304862951131,47.6509873335828]]},"properties":{"OBJECTID":132343,"SE_ANNO_CAD_DATA":"","F_INTR_ID":48940,"T_INTR_ID":8831,"SND_ID":50530,"SND_FEACODE":77,"CITYCODE":1,"STNAME_ID":2994,"ST_CODE":22,"ARTERIAL_CODE":0,"SEGMENT_TYPE":8,"AGENCY_CODE":1,"ACCESS_CODE":1,"DIVIDED_CODE":1,"STRUCTURE_TYPE":1,"LEGALLOC_CODE":3,"VEHICLE_USE_CODE":2,"GIS_SEG_LENGTH":629,"L_ADRS_FROM":0,"L_ADRS_TO":0,"R_ADRS_FROM":0,"R_ADRS_TO":0,"ORD_PRE_DIR":null,"ORD_STREET_NAME":"BURKE GILMAN","ORD_STREET_TYPE":"TRL","ORD_SUF_DIR":null,"ORD_STNAME_CONCAT":"BURKE GILMAN TRL","L_CITY":"SEATTLE","L_STATE":"WA","L_ZIP":"98195","R_CITY":"SEATTLE","R_STATE":"WA","R_ZIP":"98195","SNDSEG_UPDATE":"Mon, 09 Feb 2026 10:22:40 GMT","COMPKEY":287258,"COMPTYPE":68,"UNITID":"05778","UNITID2":"0630"}},{"type":"Feature","id":132344,"geometry":{"type":"LineString","coordinates":[[-122.305355263665,47.6503162532042],[-122.304753132531,47.6504568341909],[-122.304579149139,47.6505076380514],[-122.304488664705,47.6505216606102],[-122.304393794733,47.650530026237],[-122.304274956726,47.650512995492],[-122.304187203655,47.6504741417555],[-122.30412667433,47.6504263674765],[-122.304069845357,47.6503599805859],[-122.304050803384,47.6502845359092],[-122.304061622145,47.6502187029043],[-122.30416747057,47.6499259993246],[-122.304234791095,47.6496909187675],[-122.304264799122,47.6495562873037],[-122.304284887985,47.6494446348506],[-122.304301572213,47.6492873266959],[-122.304591259119,47.6489974042749]]},"properties":{"OBJECTID":132344,"SE_ANNO_CAD_DATA":"","F_INTR_ID":46212,"T_INTR_ID":8956,"SND_ID":14189,"SND_FEACODE":77,"CITYCODE":1,"STNAME_ID":3807,"ST_CODE":22,"ARTERIAL_CODE":0,"SEGMENT_TYPE":8,"AGENCY_CODE":1,"ACCESS_CODE":1,"DIVIDED_CODE":1,"STRUCTURE_TYPE":1,"LEGALLOC_CODE":3,"VEHICLE_USE_CODE":2,"GIS_SEG_LENGTH":882.06249,"L_ADRS_FROM":0,"L_ADRS_TO":0,"R_ADRS_FROM":0,"R_ADRS_TO":0,"ORD_PRE_DIR":null,"ORD_STREET_NAME":"MONTLAKE CUT CONNCTR","ORD_STREET_TYPE":"TRL","ORD_SUF_DIR":null,"ORD_STNAME_CONCAT":"MONTLAKE CUT CONNCTR TRL","L_CITY":"SEATTLE","L_STATE":"WA","L_ZIP":"98195","R_CITY":"SEATTLE","R_STATE":"WA","R_ZIP":"98195","SNDSEG_UPDATE":"Fri, 20 Feb 2026 15:08:30 GMT","COMPKEY":287138,"COMPTYPE":68,"UNITID":"08702","UNITID2":"0300"}},{"type":"Feature","id":132345,"geometry":{"type":"LineString","coordinates":[[-122.313419063217,47.5605599506878],[-122.313330607917,47.5604976209816],[-122.312445847813,47.560476492429],[-122.312439924866,47.5604566207346],[-122.31242910972,47.5603588297425],[-122.312400010921,47.5602775980649],[-122.31230666251,47.5601519853919],[-122.312207178838,47.5600914975678],[-122.312079806914,47.5600405620371],[-122.311939611274,47.5600097415721],[-122.311822222553,47.5599959347848],[-122.311692439572,47.5599857523158],[-122.311565430136,47.5599475066457],[-122.311485856335,47.5598814399149],[-122.311437393765,47.5597786973782],[-122.311412571733,47.5596593253179],[-122.311378529928,47.5595926664826],[-122.311283042629,47.5595322473535],[-122.311236792457,47.5595074590801],[-122.311161235527,47.5594884926128],[-122.311091396522,47.5594821462026],[-122.311016714003,47.5594939976216],[-122.310617088259,47.5595735475916],[-122.310526181355,47.5595801697569],[-122.310445371889,47.5595648982278],[-122.310375121577,47.5595440479184],[-122.310277967655,47.5594753686989],[-122.310199961519,47.5594139344909],[-122.310147055969,47.5593822450264],[-122.310099376391,47.5593626485995],[-122.309977828937,47.5593279563378],[-122.309812534204,47.5592910391034],[-122.309636255563,47.559218966497],[-122.3095564157,47.5591736259675],[-122.309547889125,47.5591645418391],[-122.309538817369,47.5591523026762],[-122.309537498451,47.5591266317315],[-122.309544899794,47.5590833087721],[-122.309428952504,47.5590283561548]]},"properties":{"OBJECTID":132345,"SE_ANNO_CAD_DATA":"","F_INTR_ID":15395,"T_INTR_ID":47244,"SND_ID":48290,"SND_FEACODE":77,"CITYCODE":1,"STNAME_ID":3800,"ST_CODE":22,"ARTERIAL_CODE":0,"SEGMENT_TYPE":8,"AGENCY_CODE":1,"ACCESS_CODE":1,"DIVIDED_CODE":1,"STRUCTURE_TYPE":1,"LEGALLOC_CODE":3,"VEHICLE_USE_CODE":2,"GIS_SEG_LENGTH":1302,"L_ADRS_FROM":0,"L_ADRS_TO":0,"R_ADRS_FROM":0,"R_ADRS_TO":0,"ORD_PRE_DIR":null,"ORD_STREET_NAME":"CHIEF SEALTH","ORD_STREET_TYPE":"TRL","ORD_SUF_DIR":null,"ORD_STNAME_CONCAT":"CHIEF SEALTH TRL","L_CITY":"SEATTLE","L_STATE":"WA","L_ZIP":"98108","R_CITY":"SEATTLE","R_STATE":"WA","R_ZIP":"98108","SNDSEG_UPDATE":"Thu, 20 Jul 2017 12:09:05 GMT","COMPKEY":603098,"COMPTYPE":68,"UNITID":"05919","UNITID2":"0480"}},{"type":"Feature","id":132346,"geometry":{"type":"LineString","coordinates":[[-122.309542722996,47.589632301603],[-122.309473229191,47.5893951839409]]},"properties":{"OBJECTID":132346,"SE_ANNO_CAD_DATA":"","F_INTR_ID":13101,"T_INTR_ID":13116,"SND_ID":42032,"SND_FEACODE":77,"CITYCODE":1,"STNAME_ID":93,"ST_CODE":22,"ARTERIAL_CODE":0,"SEGMENT_TYPE":8,"AGENCY_CODE":1,"ACCESS_CODE":1,"DIVIDED_CODE":1,"STRUCTURE_TYPE":1,"LEGALLOC_CODE":1,"VEHICLE_USE_CODE":2,"GIS_SEG_LENGTH":88,"L_ADRS_FROM":1500,"L_ADRS_TO":1502,"R_ADRS_FROM":1501,"R_ADRS_TO":1503,"ORD_PRE_DIR":null,"ORD_STREET_NAME":"18TH","ORD_STREET_TYPE":"AVE","ORD_SUF_DIR":"S","ORD_STNAME_CONCAT":"18TH AVE S","L_CITY":"SEATTLE","L_STATE":"WA","L_ZIP":"98144","R_CITY":"SEATTLE","R_STATE":"WA","R_ZIP":"98144","SNDSEG_UPDATE":"Thu, 10 Apr 2025 15:16:21 GMT","COMPKEY":0,"COMPTYPE":0,"UNITID":"0","UNITID2":"0"}},{"type":"Feature","id":132347,"geometry":{"type":"LineString","coordinates":[[-122.357604473058,47.6168243771302],[-122.358629539127,47.6176407159225],[-122.359870805778,47.6185931403226],[-122.360982728194,47.6194504318589]]},"properties":{"OBJECTID":132347,"SE_ANNO_CAD_DATA":"","F_INTR_ID":11489,"T_INTR_ID":47374,"SND_ID":48452,"SND_FEACODE":77,"CITYCODE":1,"STNAME_ID":3053,"ST_CODE":22,"ARTERIAL_CODE":0,"SEGMENT_TYPE":8,"AGENCY_CODE":1,"ACCESS_CODE":1,"DIVIDED_CODE":1,"STRUCTURE_TYPE":1,"LEGALLOC_CODE":3,"VEHICLE_USE_CODE":2,"GIS_SEG_LENGTH":1270,"L_ADRS_FROM":0,"L_ADRS_TO":0,"R_ADRS_FROM":0,"R_ADRS_TO":0,"ORD_PRE_DIR":null,"ORD_STREET_NAME":"ELLIOTT BAY","ORD_STREET_TYPE":"TRL","ORD_SUF_DIR":null,"ORD_STNAME_CONCAT":"ELLIOTT BAY TRL","L_CITY":"SEATTLE","L_STATE":"WA","L_ZIP":"98119","R_CITY":"SEATTLE","R_STATE":"WA","R_ZIP":"98119","SNDSEG_UPDATE":"Thu, 20 Jul 2017 12:08:08 GMT","COMPKEY":287055,"COMPTYPE":68,"UNITID":"06561","UNITID2":"0020"}},{"type":"Feature","id":132348,"geometry":{"type":"LineString","coordinates":[[-122.360869127747,47.6517365296636],[-122.364064199318,47.6524523836378]]},"properties":{"OBJECTID":132348,"SE_ANNO_CAD_DATA":"","F_INTR_ID":8696,"T_INTR_ID":8635,"SND_ID":16031,"SND_FEACODE":77,"CITYCODE":1,"STNAME_ID":3297,"ST_CODE":22,"ARTERIAL_CODE":0,"SEGMENT_TYPE":8,"AGENCY_CODE":1,"ACCESS_CODE":1,"DIVIDED_CODE":1,"STRUCTURE_TYPE":1,"LEGALLOC_CODE":3,"VEHICLE_USE_CODE":2,"GIS_SEG_LENGTH":830,"L_ADRS_FROM":0,"L_ADRS_TO":0,"R_ADRS_FROM":0,"R_ADRS_TO":0,"ORD_PRE_DIR":null,"ORD_STREET_NAME":"SHIP CANAL","ORD_STREET_TYPE":"TRL","ORD_SUF_DIR":null,"ORD_STNAME_CONCAT":"SHIP CANAL TRL","L_CITY":"SEATTLE","L_STATE":"WA","L_ZIP":"98119","R_CITY":"SEATTLE","R_STATE":"WA","R_ZIP":"98119","SNDSEG_UPDATE":"Thu, 20 Jul 2017 12:07:37 GMT","COMPKEY":287076,"COMPTYPE":68,"UNITID":"09667","UNITID2":"0030"}},{"type":"Feature","id":132349,"geometry":{"type":"LineString","coordinates":[[-122.376687708629,47.6547882838835],[-122.376729673585,47.6547873329487],[-122.376756590924,47.6547803028507],[-122.376780598614,47.6547583174021],[-122.376799658396,47.6547358430536],[-122.37721838261,47.6542208753053],[-122.377261071336,47.6541636466825],[-122.377294146451,47.6541148797877],[-122.37732505338,47.6540761389157],[-122.377378885884,47.6540620795016],[-122.37748756079,47.6540565711311],[-122.37818714655,47.6540435801829]]},"properties":{"OBJECTID":132349,"SE_ANNO_CAD_DATA":"","F_INTR_ID":47267,"T_INTR_ID":8460,"SND_ID":48316,"SND_FEACODE":77,"CITYCODE":1,"STNAME_ID":3297,"ST_CODE":22,"ARTERIAL_CODE":0,"SEGMENT_TYPE":8,"AGENCY_CODE":1,"ACCESS_CODE":1,"DIVIDED_CODE":1,"STRUCTURE_TYPE":1,"LEGALLOC_CODE":3,"VEHICLE_USE_CODE":2,"GIS_SEG_LENGTH":524,"L_ADRS_FROM":0,"L_ADRS_TO":0,"R_ADRS_FROM":0,"R_ADRS_TO":0,"ORD_PRE_DIR":null,"ORD_STREET_NAME":"SHIP CANAL","ORD_STREET_TYPE":"TRL","ORD_SUF_DIR":null,"ORD_STNAME_CONCAT":"SHIP CANAL TRL","L_CITY":"SEATTLE","L_STATE":"WA","L_ZIP":"98119","R_CITY":"SEATTLE","R_STATE":"WA","R_ZIP":"98119","SNDSEG_UPDATE":"Thu, 20 Jul 2017 12:11:22 GMT","COMPKEY":287090,"COMPTYPE":68,"UNITID":"09667","UNITID2":"0160"}},{"type":"Feature","id":132350,"geometry":{"type":"LineString","coordinates":[[-122.301656247986,47.6455847775089],[-122.301566535013,47.6454716760949],[-122.301565184665,47.6454238518604],[-122.301572019176,47.6452916628274],[-122.301585064477,47.6452672163218],[-122.301611618243,47.6452493595993],[-122.301704700867,47.6452006945615],[-122.301863840635,47.6451486576921],[-122.302076688796,47.6450902164151],[-122.302297013381,47.6450699669427],[-122.302549393918,47.645052251429],[-122.302860108498,47.6450337814571],[-122.30321543689,47.645010790995],[-122.303603487948,47.6449755464229],[-122.30382300769,47.6448964668494],[-122.304587462545,47.6446941222473]]},"properties":{"OBJECTID":132350,"SE_ANNO_CAD_DATA":"","F_INTR_ID":9203,"T_INTR_ID":47802,"SND_ID":49696,"SND_FEACODE":77,"CITYCODE":1,"STNAME_ID":4286,"ST_CODE":22,"ARTERIAL_CODE":0,"SEGMENT_TYPE":8,"AGENCY_CODE":4,"ACCESS_CODE":2,"DIVIDED_CODE":1,"STRUCTURE_TYPE":1,"LEGALLOC_CODE":3,"VEHICLE_USE_CODE":2,"GIS_SEG_LENGTH":902.89004,"L_ADRS_FROM":0,"L_ADRS_TO":0,"R_ADRS_FROM":0,"R_ADRS_TO":0,"ORD_PRE_DIR":null,"ORD_STREET_NAME":"SR520","ORD_STREET_TYPE":"TRL","ORD_SUF_DIR":null,"ORD_STNAME_CONCAT":"SR520 TRL","L_CITY":"SEATTLE","L_STATE":"WA","L_ZIP":"98112","R_CITY":"SEATTLE","R_STATE":"WA","R_ZIP":"98112","SNDSEG_UPDATE":"Tue, 23 Apr 2024 15:19:43 GMT","COMPKEY":0,"COMPTYPE":0,"UNITID":"0","UNITID2":"0"}},{"type":"Feature","id":132351,"geometry":{"type":"LineString","coordinates":[[-122.307745136742,47.5915251192017],[-122.307466511945,47.5914884911567],[-122.30722359223,47.5914290456501],[-122.306981038207,47.5913421426709],[-122.306643995705,47.5912666564686],[-122.30648396875,47.5912431211036],[-122.306300611488,47.5912374342849],[-122.305841803614,47.5912770099101],[-122.305149277565,47.5914036994304],[-122.304907377819,47.5914121071832],[-122.304627336297,47.591398891099],[-122.304108796729,47.5912728419488],[-122.303533680532,47.5911558458219]]},"properties":{"OBJECTID":132351,"SE_ANNO_CAD_DATA":"","F_INTR_ID":47049,"T_INTR_ID":12995,"SND_ID":22008,"SND_FEACODE":77,"CITYCODE":1,"STNAME_ID":3814,"ST_CODE":22,"ARTERIAL_CODE":0,"SEGMENT_TYPE":8,"AGENCY_CODE":1,"ACCESS_CODE":1,"DIVIDED_CODE":1,"STRUCTURE_TYPE":1,"LEGALLOC_CODE":3,"VEHICLE_USE_CODE":2,"GIS_SEG_LENGTH":1079,"L_ADRS_FROM":0,"L_ADRS_TO":0,"R_ADRS_FROM":0,"R_ADRS_TO":0,"ORD_PRE_DIR":null,"ORD_STREET_NAME":"MTS DEARBORN CONNCTR","ORD_STREET_TYPE":"TRL","ORD_SUF_DIR":null,"ORD_STNAME_CONCAT":"MTS DEARBORN CONNCTR TRL","L_CITY":"SEATTLE","L_STATE":"WA","L_ZIP":"98144","R_CITY":"SEATTLE","R_STATE":"WA","R_ZIP":"98144","SNDSEG_UPDATE":"Thu, 20 Jul 2017 12:09:59 GMT","COMPKEY":287036,"COMPTYPE":68,"UNITID":"08768","UNITID2":"0184"}},{"type":"Feature","id":132352,"geometry":{"type":"LineString","coordinates":[[-122.295812023776,47.5905753458181],[-122.295659287527,47.5905626926825],[-122.295495922036,47.5905221922839],[-122.295421571579,47.590498480151],[-122.295322518416,47.5904793882508],[-122.295097734554,47.5904656166682],[-122.294793928909,47.590463966391],[-122.294468322329,47.5904658690647]]},"properties":{"OBJECTID":132352,"SE_ANNO_CAD_DATA":"","F_INTR_ID":13020,"T_INTR_ID":13035,"SND_ID":22020,"SND_FEACODE":77,"CITYCODE":1,"STNAME_ID":3808,"ST_CODE":22,"ARTERIAL_CODE":0,"SEGMENT_TYPE":8,"AGENCY_CODE":1,"ACCESS_CODE":1,"DIVIDED_CODE":1,"STRUCTURE_TYPE":1,"LEGALLOC_CODE":3,"VEHICLE_USE_CODE":2,"GIS_SEG_LENGTH":338,"L_ADRS_FROM":0,"L_ADRS_TO":0,"R_ADRS_FROM":0,"R_ADRS_TO":0,"ORD_PRE_DIR":null,"ORD_STREET_NAME":"MOUNTAINS TO SOUND","ORD_STREET_TYPE":"TRL","ORD_SUF_DIR":null,"ORD_STNAME_CONCAT":"MOUNTAINS TO SOUND TRL","L_CITY":"SEATTLE","L_STATE":"WA","L_ZIP":"98144","R_CITY":"SEATTLE","R_STATE":"WA","R_ZIP":"98144","SNDSEG_UPDATE":"Thu, 20 Jul 2017 12:08:03 GMT","COMPKEY":287025,"COMPTYPE":68,"UNITID":"08767","UNITID2":"0280"}},{"type":"Feature","id":132353,"geometry":{"type":"LineString","coordinates":[[-122.378853302399,47.6332548755926],[-122.378993366726,47.633189299057],[-122.378914714266,47.6331239786843],[-122.378796922668,47.6330591276793],[-122.37870047203,47.6330034786078],[-122.378585625583,47.632919601782],[-122.378113396061,47.6324541013745],[-122.378069035773,47.6323832960527],[-122.378047073934,47.632311756998],[-122.378042540199,47.6322736880993],[-122.378044573863,47.6322321494315],[-122.378058155319,47.6321592239305],[-122.378056960739,47.632047845029],[-122.378044026273,47.6319680443953],[-122.378014494214,47.6318984658066],[-122.377890799773,47.6317173418233],[-122.377836356816,47.6315558893162]]},"properties":{"OBJECTID":132353,"SE_ANNO_CAD_DATA":"","F_INTR_ID":10230,"T_INTR_ID":10366,"SND_ID":45002,"SND_FEACODE":77,"CITYCODE":1,"STNAME_ID":3053,"ST_CODE":22,"ARTERIAL_CODE":0,"SEGMENT_TYPE":8,"AGENCY_CODE":1,"ACCESS_CODE":1,"DIVIDED_CODE":1,"STRUCTURE_TYPE":1,"LEGALLOC_CODE":3,"VEHICLE_USE_CODE":2,"GIS_SEG_LENGTH":720,"L_ADRS_FROM":0,"L_ADRS_TO":0,"R_ADRS_FROM":0,"R_ADRS_TO":0,"ORD_PRE_DIR":null,"ORD_STREET_NAME":"ELLIOTT BAY","ORD_STREET_TYPE":"TRL","ORD_SUF_DIR":null,"ORD_STNAME_CONCAT":"ELLIOTT BAY TRL","L_CITY":"SEATTLE","L_STATE":"WA","L_ZIP":"98119","R_CITY":"SEATTLE","R_STATE":"WA","R_ZIP":"98119","SNDSEG_UPDATE":"Thu, 20 Jul 2017 12:09:37 GMT","COMPKEY":287056,"COMPTYPE":68,"UNITID":"06561","UNITID2":"0150"}},{"type":"Feature","id":132354,"geometry":{"type":"LineString","coordinates":[[-122.307745136742,47.5915251192017],[-122.307662879838,47.5914211171166],[-122.307592180424,47.5913750877271],[-122.307522049433,47.5913491705814],[-122.307395066015,47.5912994003225],[-122.307314771798,47.5912646727886],[-122.307237529309,47.5912209633347],[-122.307213393164,47.5911855089071],[-122.307199229264,47.5911521588655],[-122.307194344012,47.5910963351616],[-122.30721931584,47.5910445947766],[-122.307322176535,47.5909426648553],[-122.30738723157,47.5909060535778],[-122.307651116979,47.5908001624413]]},"properties":{"OBJECTID":132354,"SE_ANNO_CAD_DATA":"","F_INTR_ID":47049,"T_INTR_ID":47048,"SND_ID":48064,"SND_FEACODE":77,"CITYCODE":1,"STNAME_ID":4021,"ST_CODE":22,"ARTERIAL_CODE":0,"SEGMENT_TYPE":8,"AGENCY_CODE":1,"ACCESS_CODE":1,"DIVIDED_CODE":1,"STRUCTURE_TYPE":1,"LEGALLOC_CODE":3,"VEHICLE_USE_CODE":2,"GIS_SEG_LENGTH":380,"L_ADRS_FROM":0,"L_ADRS_TO":0,"R_ADRS_FROM":0,"R_ADRS_TO":0,"ORD_PRE_DIR":null,"ORD_STREET_NAME":"MTS N RAINIER CONNCT","ORD_STREET_TYPE":"TRL","ORD_SUF_DIR":null,"ORD_STNAME_CONCAT":"MTS N RAINIER CONNCT TRL","L_CITY":"SEATTLE","L_STATE":"WA","L_ZIP":"98144","R_CITY":"SEATTLE","R_STATE":"WA","R_ZIP":"98144","SNDSEG_UPDATE":"Wed, 19 Jul 2017 08:46:08 GMT","COMPKEY":519922,"COMPTYPE":68,"UNITID":"08769","UNITID2":"0130"}},{"type":"Feature","id":132355,"geometry":{"type":"LineString","coordinates":[[-122.350668044783,47.5715043922259],[-122.350806306103,47.5714980940207],[-122.351010158451,47.5714941839223],[-122.351157095447,47.5714981716326],[-122.351408651776,47.5715129819084]]},"properties":{"OBJECTID":132355,"SE_ANNO_CAD_DATA":"","F_INTR_ID":46805,"T_INTR_ID":46589,"SND_ID":47766,"SND_FEACODE":77,"CITYCODE":1,"STNAME_ID":3952,"ST_CODE":22,"ARTERIAL_CODE":0,"SEGMENT_TYPE":8,"AGENCY_CODE":1,"ACCESS_CODE":1,"DIVIDED_CODE":1,"STRUCTURE_TYPE":1,"LEGALLOC_CODE":3,"VEHICLE_USE_CODE":2,"GIS_SEG_LENGTH":183,"L_ADRS_FROM":0,"L_ADRS_TO":0,"R_ADRS_FROM":0,"R_ADRS_TO":0,"ORD_PRE_DIR":null,"ORD_STREET_NAME":"WEST SEATTLE BR NR","ORD_STREET_TYPE":"TRL","ORD_SUF_DIR":null,"ORD_STNAME_CONCAT":"WEST SEATTLE BR NR TRL","L_CITY":"SEATTLE","L_STATE":"WA","L_ZIP":"98134","R_CITY":"SEATTLE","R_STATE":"WA","R_ZIP":"98134","SNDSEG_UPDATE":"Tue, 18 Jul 2017 16:22:20 GMT","COMPKEY":493251,"COMPTYPE":68,"UNITID":"10419","UNITID2":"0120"}},{"type":"Feature","id":132356,"geometry":{"type":"LineString","coordinates":[[-122.346808986485,47.5716438188729],[-122.347447212144,47.5717167537597],[-122.347470381615,47.5717178684416],[-122.347489811007,47.5717168980961],[-122.347502836648,47.5717128094665],[-122.347510979033,47.5717034485308],[-122.347515409787,47.5716930702223],[-122.34753989908,47.571594882422],[-122.347576157481,47.5715940433092],[-122.347986105444,47.5716172950469],[-122.348006986427,47.5715586527839]]},"properties":{"OBJECTID":132356,"SE_ANNO_CAD_DATA":"","F_INTR_ID":46392,"T_INTR_ID":46585,"SND_ID":47169,"SND_FEACODE":77,"CITYCODE":1,"STNAME_ID":3802,"ST_CODE":22,"ARTERIAL_CODE":0,"SEGMENT_TYPE":8,"AGENCY_CODE":1,"ACCESS_CODE":1,"DIVIDED_CODE":1,"STRUCTURE_TYPE":1,"LEGALLOC_CODE":3,"VEHICLE_USE_CODE":2,"GIS_SEG_LENGTH":351,"L_ADRS_FROM":0,"L_ADRS_TO":0,"R_ADRS_FROM":0,"R_ADRS_TO":0,"ORD_PRE_DIR":null,"ORD_STREET_NAME":"WEST SEATTLE BRIDGE","ORD_STREET_TYPE":"TRL","ORD_SUF_DIR":null,"ORD_STNAME_CONCAT":"WEST SEATTLE BRIDGE TRL","L_CITY":"SEATTLE","L_STATE":"WA","L_ZIP":"98134","R_CITY":"SEATTLE","R_STATE":"WA","R_ZIP":"98134","SNDSEG_UPDATE":"Thu, 20 Jul 2017 12:09:03 GMT","COMPKEY":286989,"COMPTYPE":68,"UNITID":"10418","UNITID2":"0010"}},{"type":"Feature","id":132357,"geometry":{"type":"LineString","coordinates":[[-122.278819691969,47.5242280679482],[-122.27877930674,47.5242277271966],[-122.278743617251,47.5242320567449],[-122.27872906968,47.5242370582425],[-122.278718259549,47.5242452176202],[-122.278701892995,47.5242637936704]]},"properties":{"OBJECTID":132357,"SE_ANNO_CAD_DATA":"","F_INTR_ID":46680,"T_INTR_ID":46679,"SND_ID":47587,"SND_FEACODE":77,"CITYCODE":1,"STNAME_ID":3800,"ST_CODE":22,"ARTERIAL_CODE":0,"SEGMENT_TYPE":8,"AGENCY_CODE":1,"ACCESS_CODE":1,"DIVIDED_CODE":1,"STRUCTURE_TYPE":1,"LEGALLOC_CODE":3,"VEHICLE_USE_CODE":2,"GIS_SEG_LENGTH":35,"L_ADRS_FROM":0,"L_ADRS_TO":0,"R_ADRS_FROM":0,"R_ADRS_TO":0,"ORD_PRE_DIR":null,"ORD_STREET_NAME":"CHIEF SEALTH","ORD_STREET_TYPE":"TRL","ORD_SUF_DIR":null,"ORD_STNAME_CONCAT":"CHIEF SEALTH TRL","L_CITY":"SEATTLE","L_STATE":"WA","L_ZIP":"98118","R_CITY":"SEATTLE","R_STATE":"WA","R_ZIP":"98118","SNDSEG_UPDATE":"Thu, 20 Jul 2017 12:08:46 GMT","COMPKEY":286934,"COMPTYPE":68,"UNITID":"05919","UNITID2":"0880"}},{"type":"Feature","id":132358,"geometry":{"type":"LineString","coordinates":[[-122.293660940022,47.5456264713887],[-122.29360727445,47.5455851462008],[-122.293567955671,47.5455447132618],[-122.293541691608,47.5455159639181],[-122.293523410768,47.5454881889604],[-122.293498013711,47.5454335730812],[-122.293474296727,47.5453821661525],[-122.293390897232,47.5451882457317],[-122.293283430577,47.5449870923576],[-122.293265210411,47.5449614710376],[-122.293242309973,47.5449391421346],[-122.293201074964,47.5449101378963],[-122.293154762436,47.5448810146053],[-122.292706081732,47.5446540794921],[-122.29265926264,47.5446299022951],[-122.292589645675,47.5446053536002]]},"properties":{"OBJECTID":132358,"SE_ANNO_CAD_DATA":"","F_INTR_ID":16614,"T_INTR_ID":47217,"SND_ID":47155,"SND_FEACODE":77,"CITYCODE":1,"STNAME_ID":3800,"ST_CODE":22,"ARTERIAL_CODE":0,"SEGMENT_TYPE":8,"AGENCY_CODE":1,"ACCESS_CODE":1,"DIVIDED_CODE":1,"STRUCTURE_TYPE":1,"LEGALLOC_CODE":3,"VEHICLE_USE_CODE":2,"GIS_SEG_LENGTH":476,"L_ADRS_FROM":0,"L_ADRS_TO":0,"R_ADRS_FROM":0,"R_ADRS_TO":0,"ORD_PRE_DIR":null,"ORD_STREET_NAME":"CHIEF SEALTH","ORD_STREET_TYPE":"TRL","ORD_SUF_DIR":null,"ORD_STNAME_CONCAT":"CHIEF SEALTH TRL","L_CITY":"SEATTLE","L_STATE":"WA","L_ZIP":"98108","R_CITY":"SEATTLE","R_STATE":"WA","R_ZIP":"98108","SNDSEG_UPDATE":"Thu, 20 Jul 2017 12:09:54 GMT","COMPKEY":286926,"COMPTYPE":68,"UNITID":"05919","UNITID2":"0630"}},{"type":"Feature","id":132359,"geometry":{"type":"LineString","coordinates":[[-122.380158751799,47.6539865722939],[-122.380225768365,47.6538891727288],[-122.380383939486,47.6538943199773],[-122.380556567033,47.6538978042001],[-122.380747653459,47.6539418361018],[-122.380983068765,47.6540260627993],[-122.381166746985,47.6541109930948],[-122.382771159953,47.6552665194019],[-122.382876369767,47.6553233722595],[-122.382963988282,47.6553688074195],[-122.383077475637,47.655413891197],[-122.383269612943,47.6554928745267],[-122.383339812301,47.6555327177242],[-122.383375172429,47.6555613777442],[-122.383386444466,47.6556307630447]]},"properties":{"OBJECTID":132359,"SE_ANNO_CAD_DATA":"","F_INTR_ID":46388,"T_INTR_ID":8272,"SND_ID":47150,"SND_FEACODE":77,"CITYCODE":1,"STNAME_ID":3297,"ST_CODE":22,"ARTERIAL_CODE":0,"SEGMENT_TYPE":8,"AGENCY_CODE":1,"ACCESS_CODE":1,"DIVIDED_CODE":1,"STRUCTURE_TYPE":1,"LEGALLOC_CODE":3,"VEHICLE_USE_CODE":2,"GIS_SEG_LENGTH":1078.94251,"L_ADRS_FROM":0,"L_ADRS_TO":0,"R_ADRS_FROM":0,"R_ADRS_TO":0,"ORD_PRE_DIR":null,"ORD_STREET_NAME":"SHIP CANAL","ORD_STREET_TYPE":"TRL","ORD_SUF_DIR":null,"ORD_STNAME_CONCAT":"SHIP CANAL TRL","L_CITY":"SEATTLE","L_STATE":"WA","L_ZIP":"98119","R_CITY":"SEATTLE","R_STATE":"WA","R_ZIP":"98119","SNDSEG_UPDATE":"Tue, 01 Aug 2017 14:55:22 GMT","COMPKEY":287094,"COMPTYPE":68,"UNITID":"09667","UNITID2":"0180"}},{"type":"Feature","id":132360,"geometry":{"type":"LineString","coordinates":[[-122.362171285075,47.6551796849527],[-122.361322245878,47.6543067301321]]},"properties":{"OBJECTID":132360,"SE_ANNO_CAD_DATA":"","F_INTR_ID":8351,"T_INTR_ID":8449,"SND_ID":11171,"SND_FEACODE":77,"CITYCODE":1,"STNAME_ID":2994,"ST_CODE":22,"ARTERIAL_CODE":0,"SEGMENT_TYPE":8,"AGENCY_CODE":1,"ACCESS_CODE":1,"DIVIDED_CODE":1,"STRUCTURE_TYPE":1,"LEGALLOC_CODE":3,"VEHICLE_USE_CODE":2,"GIS_SEG_LENGTH":381,"L_ADRS_FROM":0,"L_ADRS_TO":0,"R_ADRS_FROM":0,"R_ADRS_TO":0,"ORD_PRE_DIR":null,"ORD_STREET_NAME":"BURKE GILMAN","ORD_STREET_TYPE":"TRL","ORD_SUF_DIR":null,"ORD_STNAME_CONCAT":"BURKE GILMAN TRL","L_CITY":"SEATTLE","L_STATE":"WA","L_ZIP":"98107","R_CITY":"SEATTLE","R_STATE":"WA","R_ZIP":"98107","SNDSEG_UPDATE":"Thu, 02 May 2019 08:52:38 GMT","COMPKEY":287196,"COMPTYPE":68,"UNITID":"05778","UNITID2":"0450"}},{"type":"Feature","id":132361,"geometry":{"type":"LineString","coordinates":[[-122.322699641967,47.6553460245988],[-122.322564429061,47.6553700625632],[-122.322457482602,47.6553909301575],[-122.322275729431,47.655420226385],[-122.322092798901,47.6554497112681],[-122.321894958949,47.6554864255154],[-122.321587089871,47.6555395064223],[-122.321388822,47.6555612938083],[-122.321206088729,47.6555743442703],[-122.320856496758,47.6555907100811]]},"properties":{"OBJECTID":132361,"SE_ANNO_CAD_DATA":"","F_INTR_ID":8381,"T_INTR_ID":8367,"SND_ID":44371,"SND_FEACODE":77,"CITYCODE":1,"STNAME_ID":2994,"ST_CODE":22,"ARTERIAL_CODE":0,"SEGMENT_TYPE":8,"AGENCY_CODE":1,"ACCESS_CODE":1,"DIVIDED_CODE":1,"STRUCTURE_TYPE":1,"LEGALLOC_CODE":3,"VEHICLE_USE_CODE":2,"GIS_SEG_LENGTH":464,"L_ADRS_FROM":0,"L_ADRS_TO":0,"R_ADRS_FROM":0,"R_ADRS_TO":0,"ORD_PRE_DIR":null,"ORD_STREET_NAME":"BURKE GILMAN","ORD_STREET_TYPE":"TRL","ORD_SUF_DIR":null,"ORD_STNAME_CONCAT":"BURKE GILMAN TRL","L_CITY":"SEATTLE","L_STATE":"WA","L_ZIP":"98105","R_CITY":"SEATTLE","R_STATE":"WA","R_ZIP":"98105","SNDSEG_UPDATE":"Thu, 02 May 2019 08:53:15 GMT","COMPKEY":287248,"COMPTYPE":68,"UNITID":"05778","UNITID2":"0580"}},{"type":"Feature","id":132362,"geometry":{"type":"LineString","coordinates":[[-122.363421913232,47.656481414183],[-122.363378517105,47.656478620078],[-122.363337075657,47.656449644348],[-122.362956959389,47.6560554505371]]},"properties":{"OBJECTID":132362,"SE_ANNO_CAD_DATA":"","F_INTR_ID":8204,"T_INTR_ID":8261,"SND_ID":45103,"SND_FEACODE":77,"CITYCODE":1,"STNAME_ID":2994,"ST_CODE":22,"ARTERIAL_CODE":0,"SEGMENT_TYPE":8,"AGENCY_CODE":1,"ACCESS_CODE":1,"DIVIDED_CODE":1,"STRUCTURE_TYPE":1,"LEGALLOC_CODE":3,"VEHICLE_USE_CODE":2,"GIS_SEG_LENGTH":197,"L_ADRS_FROM":0,"L_ADRS_TO":0,"R_ADRS_FROM":0,"R_ADRS_TO":0,"ORD_PRE_DIR":null,"ORD_STREET_NAME":"BURKE GILMAN","ORD_STREET_TYPE":"TRL","ORD_SUF_DIR":null,"ORD_STNAME_CONCAT":"BURKE GILMAN TRL","L_CITY":"SEATTLE","L_STATE":"WA","L_ZIP":"98107","R_CITY":"SEATTLE","R_STATE":"WA","R_ZIP":"98107","SNDSEG_UPDATE":"Thu, 02 May 2019 08:53:20 GMT","COMPKEY":287194,"COMPTYPE":68,"UNITID":"05778","UNITID2":"0430"}},{"type":"Feature","id":132363,"geometry":{"type":"LineString","coordinates":[[-122.348767397531,47.7195828564127],[-122.34877146811,47.7197116458906],[-122.348710926889,47.7201466507484],[-122.348697298871,47.7202174330355],[-122.348657214483,47.7202779766902],[-122.348592117942,47.7203776842984],[-122.348537685497,47.7204843095428],[-122.348523542583,47.7205374492294],[-122.348398631274,47.7213919998711]]},"properties":{"OBJECTID":132363,"SE_ANNO_CAD_DATA":"","F_INTR_ID":47055,"T_INTR_ID":48536,"SND_ID":48069,"SND_FEACODE":77,"CITYCODE":1,"STNAME_ID":4022,"ST_CODE":22,"ARTERIAL_CODE":0,"SEGMENT_TYPE":8,"AGENCY_CODE":1,"ACCESS_CODE":1,"DIVIDED_CODE":1,"STRUCTURE_TYPE":1,"LEGALLOC_CODE":3,"VEHICLE_USE_CODE":2,"GIS_SEG_LENGTH":1006,"L_ADRS_FROM":0,"L_ADRS_TO":0,"R_ADRS_FROM":0,"R_ADRS_TO":0,"ORD_PRE_DIR":null,"ORD_STREET_NAME":"INTERURBAN","ORD_STREET_TYPE":"TRL","ORD_SUF_DIR":null,"ORD_STNAME_CONCAT":"INTERURBAN TRL","L_CITY":"SEATTLE","L_STATE":"WA","L_ZIP":"98133","R_CITY":"SEATTLE","R_STATE":"WA","R_ZIP":"98133","SNDSEG_UPDATE":"Fri, 01 Jul 2022 09:15:55 GMT","COMPKEY":519940,"COMPTYPE":68,"UNITID":"07857","UNITID2":"1250"}},{"type":"Feature","id":132364,"geometry":{"type":"LineString","coordinates":[[-122.348554026823,47.717771195846],[-122.348618633036,47.7182388907292],[-122.348677888965,47.7183573409364],[-122.34873577732,47.7184717284782],[-122.348795158569,47.7188703895029],[-122.34880845118,47.7192805301882],[-122.348767397531,47.7195828564127]]},"properties":{"OBJECTID":132364,"SE_ANNO_CAD_DATA":"","F_INTR_ID":48535,"T_INTR_ID":47055,"SND_ID":49981,"SND_FEACODE":77,"CITYCODE":1,"STNAME_ID":4022,"ST_CODE":22,"ARTERIAL_CODE":0,"SEGMENT_TYPE":8,"AGENCY_CODE":1,"ACCESS_CODE":1,"DIVIDED_CODE":1,"STRUCTURE_TYPE":1,"LEGALLOC_CODE":3,"VEHICLE_USE_CODE":2,"GIS_SEG_LENGTH":667.565469,"L_ADRS_FROM":0,"L_ADRS_TO":0,"R_ADRS_FROM":0,"R_ADRS_TO":0,"ORD_PRE_DIR":null,"ORD_STREET_NAME":"INTERURBAN","ORD_STREET_TYPE":"TRL","ORD_SUF_DIR":null,"ORD_STNAME_CONCAT":"INTERURBAN TRL","L_CITY":"SEATTLE","L_STATE":"WA","L_ZIP":"98133","R_CITY":"SEATTLE","R_STATE":"WA","R_ZIP":"98133","SNDSEG_UPDATE":"Fri, 01 Jul 2022 09:12:08 GMT","COMPKEY":519939,"COMPTYPE":68,"UNITID":"07857","UNITID2":"1170"}},{"type":"Feature","id":132365,"geometry":{"type":"LineString","coordinates":[[-122.360865655888,47.6519376577774],[-122.360851918814,47.6522830713501]]},"properties":{"OBJECTID":132365,"SE_ANNO_CAD_DATA":"","F_INTR_ID":8690,"T_INTR_ID":8668,"SND_ID":18510,"SND_FEACODE":77,"CITYCODE":1,"STNAME_ID":347,"ST_CODE":22,"ARTERIAL_CODE":0,"SEGMENT_TYPE":8,"AGENCY_CODE":1,"ACCESS_CODE":1,"DIVIDED_CODE":1,"STRUCTURE_TYPE":1,"LEGALLOC_CODE":1,"VEHICLE_USE_CODE":2,"GIS_SEG_LENGTH":126,"L_ADRS_FROM":3651,"L_ADRS_TO":3675,"R_ADRS_FROM":3500,"R_ADRS_TO":3524,"ORD_PRE_DIR":null,"ORD_STREET_NAME":"3RD","ORD_STREET_TYPE":"AVE","ORD_SUF_DIR":"W","ORD_STNAME_CONCAT":"3RD AVE W","L_CITY":"SEATTLE","L_STATE":"WA","L_ZIP":"98119","R_CITY":"SEATTLE","R_STATE":"WA","R_ZIP":"98119","SNDSEG_UPDATE":"Tue, 17 May 2022 11:56:18 GMT","COMPKEY":0,"COMPTYPE":0,"UNITID":"0","UNITID2":"0"}},{"type":"Feature","id":132366,"geometry":{"type":"LineString","coordinates":[[-122.365022404548,47.5717049146641],[-122.366046583559,47.5717421862053],[-122.367625310664,47.5717487424702],[-122.368174707346,47.5717727475829],[-122.369491836935,47.5717820946492],[-122.370465139004,47.5717967894063],[-122.370540974117,47.5718278975281]]},"properties":{"OBJECTID":132366,"SE_ANNO_CAD_DATA":"","F_INTR_ID":14372,"T_INTR_ID":46403,"SND_ID":47196,"SND_FEACODE":77,"CITYCODE":1,"STNAME_ID":2957,"ST_CODE":22,"ARTERIAL_CODE":0,"SEGMENT_TYPE":8,"AGENCY_CODE":1,"ACCESS_CODE":1,"DIVIDED_CODE":1,"STRUCTURE_TYPE":1,"LEGALLOC_CODE":3,"VEHICLE_USE_CODE":2,"GIS_SEG_LENGTH":1366.159844,"L_ADRS_FROM":0,"L_ADRS_TO":0,"R_ADRS_FROM":0,"R_ADRS_TO":0,"ORD_PRE_DIR":null,"ORD_STREET_NAME":"ALKI","ORD_STREET_TYPE":"TRL","ORD_SUF_DIR":null,"ORD_STNAME_CONCAT":"ALKI TRL","L_CITY":"SEATTLE","L_STATE":"WA","L_ZIP":"98126","R_CITY":"SEATTLE","R_STATE":"WA","R_ZIP":"98126","SNDSEG_UPDATE":"Thu, 10 Nov 2022 12:56:10 GMT","COMPKEY":287001,"COMPTYPE":68,"UNITID":"05096","UNITID2":"0260"}},{"type":"Feature","id":132367,"geometry":{"type":"LineString","coordinates":[[-122.304589948707,47.6474854508311],[-122.304463902226,47.6477683816868],[-122.304457619454,47.6477726038283],[-122.304451067949,47.6477766350013],[-122.304444260492,47.6477804680213],[-122.304437210139,47.6477840962266],[-122.304429931464,47.6477875115318],[-122.30442243909,47.6477907076061],[-122.304414744535,47.6477936785094],[-122.304406866318,47.6477964178604],[-122.304398816514,47.6477989211158],[-122.304390611841,47.6478011824443],[-122.304382267313,47.6478032002477],[-122.304373802443,47.6478049665525],[-122.304365228145,47.6478064815688],[-122.304356565056,47.6478077404673],[-122.304347829717,47.6478087404018],[-122.304339036401,47.6478094810126],[-122.304330202167,47.6478099594469],[-122.304321347525,47.6478101754398],[-122.304312486521,47.6478101298628],[-122.304303636754,47.6478098205581],[-122.304294815662,47.6478092488798],[-122.304286041742,47.6478084168705],[-122.304277329516,47.6478073238161],[-122.304268695478,47.647805974417],[-122.304260159172,47.6478043710533],[-122.304251733105,47.6478025151427],[-122.304243438172,47.6478004109781],[-122.304235286969,47.6477980631348],[-122.304224835044,47.6477946194351],[-122.303755716067,47.6477620952498],[-122.303217887091,47.6477227385261],[-122.302435778587,47.647649130086],[-122.301867610446,47.6476244099172],[-122.301468076078,47.6476295618617],[-122.30106810461,47.6476192853532],[-122.301059245994,47.6476191296378],[-122.301050383422,47.6476191097997],[-122.301041524477,47.6476192276714],[-122.301032670658,47.647619481128],[-122.301023828773,47.6476198721874],[-122.301015000091,47.6476203997804],[-122.301006193938,47.6476210630848],[-122.300997410043,47.6476218617531],[-122.300988658276,47.6476227958336],[-122.300979939422,47.6476238654918],[-122.300971258871,47.6476250685522],[-122.300962620808,47.6476264060139],[-122.300954030375,47.6476278760557],[-122.30094549146,47.6476294784521],[-122.30093700978,47.6476312133049],[-122.30092858887,47.6476330770587],[-122.300920231631,47.6476350712556],[-122.300911945775,47.647637193164],[-122.30090373286,47.6476394427636],[-122.300895599351,47.6476418190938],[-122.300887547766,47.6476443193145],[-122.300879580965,47.6476469435641],[-122.30087170697,47.6476496908619],[-122.300863928033,47.6476525581956],[-122.30085624725,47.6476555448234],[-122.300848669275,47.6476586499835],[-122.300841198689,47.6476618704578],[-122.300833839114,47.6476652056735],[-122.300826594388,47.6476686536507],[-122.300819467577,47.647672212595],[-122.300812462026,47.6476758814103],[-122.300805584885,47.647679655793],[-122.300798834357,47.6476835364681],[-122.300792218385,47.6476875196481],[-122.300785737469,47.6476916046245],[-122.3007793975,47.6476957885137],[-122.300773201514,47.6477000684689],[-122.300762287089,47.6477081093745],[-122.300510142228,47.647861900201],[-122.30037858425,47.6479253850679],[-122.300217793039,47.6480330137104],[-122.300166848507,47.6480504044116],[-122.299985198067,47.6480939368075],[-122.299943884183,47.6481150653072],[-122.299806559779,47.6482374396423],[-122.299575542314,47.6484287564917],[-122.299204826942,47.6488259570154],[-122.299137271385,47.6489410756797],[-122.299083499902,47.6490576694351],[-122.299078831535,47.6490796411807],[-122.299100210265,47.649200756132],[-122.299134948634,47.649271001275],[-122.299273377022,47.649421093295]]},"properties":{"OBJECTID":132367,"SE_ANNO_CAD_DATA":"","F_INTR_ID":9060,"T_INTR_ID":8938,"SND_ID":42203,"SND_FEACODE":77,"CITYCODE":1,"STNAME_ID":3297,"ST_CODE":22,"ARTERIAL_CODE":0,"SEGMENT_TYPE":8,"AGENCY_CODE":1,"ACCESS_CODE":1,"DIVIDED_CODE":1,"STRUCTURE_TYPE":1,"LEGALLOC_CODE":3,"VEHICLE_USE_CODE":2,"GIS_SEG_LENGTH":1843.243793,"L_ADRS_FROM":0,"L_ADRS_TO":0,"R_ADRS_FROM":0,"R_ADRS_TO":0,"ORD_PRE_DIR":null,"ORD_STREET_NAME":"SHIP CANAL","ORD_STREET_TYPE":"TRL","ORD_SUF_DIR":null,"ORD_STNAME_CONCAT":"SHIP CANAL TRL","L_CITY":"SEATTLE","L_STATE":"WA","L_ZIP":"98195","R_CITY":"SEATTLE","R_STATE":"WA","R_ZIP":"98195","SNDSEG_UPDATE":"Wed, 01 Feb 2023 17:22:29 GMT","COMPKEY":856767,"COMPTYPE":68,"UNITID":"09667","UNITID2":"0330"}},{"type":"Feature","id":132368,"geometry":{"type":"LineString","coordinates":[[-122.372870170008,47.5812980261084],[-122.372811071527,47.5814064060568],[-122.373039459866,47.582104645079],[-122.376094411933,47.5856418250234],[-122.376105915443,47.5856534098327]]},"properties":{"OBJECTID":132368,"SE_ANNO_CAD_DATA":"","F_INTR_ID":13629,"T_INTR_ID":48616,"SND_ID":50099,"SND_FEACODE":77,"CITYCODE":1,"STNAME_ID":2957,"ST_CODE":22,"ARTERIAL_CODE":0,"SEGMENT_TYPE":8,"AGENCY_CODE":1,"ACCESS_CODE":1,"DIVIDED_CODE":1,"STRUCTURE_TYPE":1,"LEGALLOC_CODE":3,"VEHICLE_USE_CODE":2,"GIS_SEG_LENGTH":1802.454265,"L_ADRS_FROM":0,"L_ADRS_TO":0,"R_ADRS_FROM":0,"R_ADRS_TO":0,"ORD_PRE_DIR":null,"ORD_STREET_NAME":"ALKI","ORD_STREET_TYPE":"TRL","ORD_SUF_DIR":null,"ORD_STNAME_CONCAT":"ALKI TRL","L_CITY":"SEATTLE","L_STATE":"WA","L_ZIP":"98126","R_CITY":"SEATTLE","R_STATE":"WA","R_ZIP":"98126","SNDSEG_UPDATE":"Thu, 09 Mar 2023 17:28:31 GMT","COMPKEY":287003,"COMPTYPE":68,"UNITID":"05096","UNITID2":"0310"}},{"type":"Feature","id":132369,"geometry":{"type":"LineString","coordinates":[[-122.346100344752,47.6101452323249],[-122.34554310503,47.6105759998729],[-122.345389225637,47.6106953935454]]},"properties":{"OBJECTID":132369,"SE_ANNO_CAD_DATA":"","F_INTR_ID":11902,"T_INTR_ID":11875,"SND_ID":44026,"SND_FEACODE":77,"CITYCODE":1,"STNAME_ID":3158,"ST_CODE":22,"ARTERIAL_CODE":0,"SEGMENT_TYPE":8,"AGENCY_CODE":1,"ACCESS_CODE":1,"DIVIDED_CODE":1,"STRUCTURE_TYPE":2,"LEGALLOC_CODE":3,"VEHICLE_USE_CODE":2,"GIS_SEG_LENGTH":266.534763,"L_ADRS_FROM":0,"L_ADRS_TO":0,"R_ADRS_FROM":0,"R_ADRS_TO":0,"ORD_PRE_DIR":null,"ORD_STREET_NAME":"LENORA ST PED","ORD_STREET_TYPE":"BR","ORD_SUF_DIR":null,"ORD_STNAME_CONCAT":"LENORA ST PED BR","L_CITY":"SEATTLE","L_STATE":"WA","L_ZIP":"98121","R_CITY":"SEATTLE","R_STATE":"WA","R_ZIP":"98121","SNDSEG_UPDATE":"Thu, 06 Apr 2023 17:15:11 GMT","COMPKEY":0,"COMPTYPE":0,"UNITID":"0","UNITID2":"0"}},{"type":"Feature","id":132370,"geometry":{"type":"LineString","coordinates":[[-122.399647900089,47.6674563521539],[-122.399537943074,47.6673617124935],[-122.399442841126,47.6673630200452],[-122.399155660784,47.6673748235099],[-122.398408699616,47.6674428984407],[-122.398313609189,47.6675399552342]]},"properties":{"OBJECTID":132370,"SE_ANNO_CAD_DATA":"","F_INTR_ID":46268,"T_INTR_ID":6983,"SND_ID":47142,"SND_FEACODE":77,"CITYCODE":1,"STNAME_ID":2994,"ST_CODE":22,"ARTERIAL_CODE":0,"SEGMENT_TYPE":8,"AGENCY_CODE":1,"ACCESS_CODE":1,"DIVIDED_CODE":1,"STRUCTURE_TYPE":1,"LEGALLOC_CODE":3,"VEHICLE_USE_CODE":2,"GIS_SEG_LENGTH":366.381774,"L_ADRS_FROM":0,"L_ADRS_TO":0,"R_ADRS_FROM":0,"R_ADRS_TO":0,"ORD_PRE_DIR":null,"ORD_STREET_NAME":"BURKE GILMAN","ORD_STREET_TYPE":"TRL","ORD_SUF_DIR":null,"ORD_STNAME_CONCAT":"BURKE GILMAN TRL","L_CITY":"SEATTLE","L_STATE":"WA","L_ZIP":"98107","R_CITY":"SEATTLE","R_STATE":"WA","R_ZIP":"98107","SNDSEG_UPDATE":"Thu, 17 Aug 2023 15:53:28 GMT","COMPKEY":287186,"COMPTYPE":68,"UNITID":"05778","UNITID2":"0160"}},{"type":"Feature","id":132371,"geometry":{"type":"LineString","coordinates":[[-122.398313609189,47.6675399552342],[-122.398207560063,47.6674685121784],[-122.396575385372,47.6676379092758],[-122.396478124498,47.6676553101945],[-122.396385509791,47.6676778247943],[-122.396327875229,47.6676946827172],[-122.396273421013,47.6677147691836],[-122.396231032788,47.6677992547]]},"properties":{"OBJECTID":132371,"SE_ANNO_CAD_DATA":"","F_INTR_ID":6983,"T_INTR_ID":6954,"SND_ID":47141,"SND_FEACODE":77,"CITYCODE":1,"STNAME_ID":2994,"ST_CODE":22,"ARTERIAL_CODE":0,"SEGMENT_TYPE":8,"AGENCY_CODE":1,"ACCESS_CODE":1,"DIVIDED_CODE":1,"STRUCTURE_TYPE":1,"LEGALLOC_CODE":3,"VEHICLE_USE_CODE":2,"GIS_SEG_LENGTH":556.128881,"L_ADRS_FROM":0,"L_ADRS_TO":0,"R_ADRS_FROM":0,"R_ADRS_TO":0,"ORD_PRE_DIR":null,"ORD_STREET_NAME":"BURKE GILMAN","ORD_STREET_TYPE":"TRL","ORD_SUF_DIR":null,"ORD_STNAME_CONCAT":"BURKE GILMAN TRL","L_CITY":"SEATTLE","L_STATE":"WA","L_ZIP":"98107","R_CITY":"SEATTLE","R_STATE":"WA","R_ZIP":"98107","SNDSEG_UPDATE":"Thu, 17 Aug 2023 15:42:09 GMT","COMPKEY":287187,"COMPTYPE":68,"UNITID":"05778","UNITID2":"0170"}},{"type":"Feature","id":132372,"geometry":{"type":"LineString","coordinates":[[-122.335555422463,47.596475920573],[-122.335240408208,47.5963137387937],[-122.33500502349,47.5948572764777],[-122.334996065388,47.594546776926],[-122.335028026164,47.593825147793],[-122.335054480103,47.5932785382296],[-122.335080393866,47.5928961708421],[-122.335119420409,47.5926586565531],[-122.335140642517,47.592626204525],[-122.335160949781,47.5925983255256],[-122.335206610103,47.5925710646811],[-122.335421610572,47.5924884204287]]},"properties":{"OBJECTID":132372,"SE_ANNO_CAD_DATA":"","F_INTR_ID":12677,"T_INTR_ID":12902,"SND_ID":50186,"SND_FEACODE":77,"CITYCODE":1,"STNAME_ID":4458,"ST_CODE":22,"ARTERIAL_CODE":0,"SEGMENT_TYPE":8,"AGENCY_CODE":1,"ACCESS_CODE":1,"DIVIDED_CODE":1,"STRUCTURE_TYPE":1,"LEGALLOC_CODE":3,"VEHICLE_USE_CODE":2,"GIS_SEG_LENGTH":1535,"L_ADRS_FROM":0,"L_ADRS_TO":0,"R_ADRS_FROM":0,"R_ADRS_TO":0,"ORD_PRE_DIR":null,"ORD_STREET_NAME":"CITYSIDE","ORD_STREET_TYPE":"TRL","ORD_SUF_DIR":null,"ORD_STNAME_CONCAT":"CITYSIDE TRL","L_CITY":"SEATTLE","L_STATE":"WA","L_ZIP":"98134","R_CITY":"SEATTLE","R_STATE":"WA","R_ZIP":"98134","SNDSEG_UPDATE":"Fri, 05 Jan 2024 15:25:38 GMT","COMPKEY":879389,"COMPTYPE":68,"UNITID":"15484","UNITID2":"055"}},{"type":"Feature","id":132373,"geometry":{"type":"LineString","coordinates":[[-122.307909764113,47.6410116027719],[-122.307902680835,47.6412032125183],[-122.307886778541,47.6412717611652],[-122.307844884178,47.641345030103],[-122.307436803195,47.6418767799732],[-122.307213260305,47.642168941731],[-122.306860081002,47.64256670074],[-122.306638546276,47.6429793980827],[-122.306396140495,47.643180001251],[-122.306345355224,47.6433334168363],[-122.306433297063,47.6435185685512],[-122.306544550695,47.6437481295979],[-122.306637221841,47.6439688791829],[-122.30656485705,47.6440757363404]]},"properties":{"OBJECTID":132373,"SE_ANNO_CAD_DATA":"","F_INTR_ID":9610,"T_INTR_ID":46386,"SND_ID":47139,"SND_FEACODE":77,"CITYCODE":1,"STNAME_ID":4476,"ST_CODE":22,"ARTERIAL_CODE":0,"SEGMENT_TYPE":8,"AGENCY_CODE":1,"ACCESS_CODE":2,"DIVIDED_CODE":1,"STRUCTURE_TYPE":1,"LEGALLOC_CODE":3,"VEHICLE_USE_CODE":2,"GIS_SEG_LENGTH":1229,"L_ADRS_FROM":0,"L_ADRS_TO":0,"R_ADRS_FROM":0,"R_ADRS_TO":0,"ORD_PRE_DIR":null,"ORD_STREET_NAME":"BILL DAWSON","ORD_STREET_TYPE":"TRL","ORD_SUF_DIR":null,"ORD_STNAME_CONCAT":"BILL DAWSON TRL","L_CITY":"SEATTLE","L_STATE":"WA","L_ZIP":"98112","R_CITY":"SEATTLE","R_STATE":"WA","R_ZIP":"98112","SNDSEG_UPDATE":"Fri, 09 May 2025 14:15:34 GMT","COMPKEY":287137,"COMPTYPE":68,"UNITID":"08702","UNITID2":"0240"}},{"type":"Feature","id":132374,"geometry":{"type":"LineString","coordinates":[[-122.304862951131,47.6509873335828],[-122.305348094821,47.6507292392802],[-122.305334936671,47.6507076443866]]},"properties":{"OBJECTID":132374,"SE_ANNO_CAD_DATA":"","F_INTR_ID":8831,"T_INTR_ID":8844,"SND_ID":14172,"SND_FEACODE":77,"CITYCODE":1,"STNAME_ID":3807,"ST_CODE":22,"ARTERIAL_CODE":0,"SEGMENT_TYPE":8,"AGENCY_CODE":1,"ACCESS_CODE":1,"DIVIDED_CODE":1,"STRUCTURE_TYPE":1,"LEGALLOC_CODE":3,"VEHICLE_USE_CODE":2,"GIS_SEG_LENGTH":160.707313,"L_ADRS_FROM":0,"L_ADRS_TO":0,"R_ADRS_FROM":0,"R_ADRS_TO":0,"ORD_PRE_DIR":null,"ORD_STREET_NAME":"MONTLAKE CUT CONNCTR","ORD_STREET_TYPE":"TRL","ORD_SUF_DIR":null,"ORD_STNAME_CONCAT":"MONTLAKE CUT CONNCTR TRL","L_CITY":"SEATTLE","L_STATE":"WA","L_ZIP":"98195","R_CITY":"SEATTLE","R_STATE":"WA","R_ZIP":"98195","SNDSEG_UPDATE":"Wed, 04 Feb 2026 09:27:56 GMT","COMPKEY":287139,"COMPTYPE":68,"UNITID":"08702","UNITID2":"0310"}},{"type":"Feature","id":132375,"geometry":{"type":"LineString","coordinates":[[-122.364064199318,47.6524523836378],[-122.365159906874,47.6526959051258],[-122.365532772052,47.6527865692558],[-122.365834422512,47.6528631544008],[-122.366134373148,47.6529506964159],[-122.366389718922,47.6530347378111],[-122.36671668482,47.6531465190304],[-122.367031922739,47.6532721244369],[-122.367308901386,47.653403712968],[-122.367559878633,47.6535266837782],[-122.367773285318,47.6536475902314],[-122.369281204196,47.654540759624],[-122.369426864312,47.6545988649136],[-122.370894523709,47.6554581762391],[-122.371091647258,47.6555861432621],[-122.371263665994,47.6555173965249]]},"properties":{"OBJECTID":132375,"SE_ANNO_CAD_DATA":"","F_INTR_ID":8635,"T_INTR_ID":8286,"SND_ID":15985,"SND_FEACODE":77,"CITYCODE":1,"STNAME_ID":3297,"ST_CODE":22,"ARTERIAL_CODE":0,"SEGMENT_TYPE":8,"AGENCY_CODE":1,"ACCESS_CODE":1,"DIVIDED_CODE":1,"STRUCTURE_TYPE":1,"LEGALLOC_CODE":3,"VEHICLE_USE_CODE":2,"GIS_SEG_LENGTH":2152,"L_ADRS_FROM":0,"L_ADRS_TO":0,"R_ADRS_FROM":0,"R_ADRS_TO":0,"ORD_PRE_DIR":null,"ORD_STREET_NAME":"SHIP CANAL","ORD_STREET_TYPE":"TRL","ORD_SUF_DIR":null,"ORD_STNAME_CONCAT":"SHIP CANAL TRL","L_CITY":"SEATTLE","L_STATE":"WA","L_ZIP":"98119","R_CITY":"SEATTLE","R_STATE":"WA","R_ZIP":"98119","SNDSEG_UPDATE":"Thu, 20 Jul 2017 12:11:30 GMT","COMPKEY":538894,"COMPTYPE":68,"UNITID":"09667","UNITID2":"0060"}},{"type":"Feature","id":132376,"geometry":{"type":"LineString","coordinates":[[-122.306498338488,47.6707034577705],[-122.306498424265,47.6707640932674],[-122.306509426348,47.6726222217045]]},"properties":{"OBJECTID":132376,"SE_ANNO_CAD_DATA":"","F_INTR_ID":6779,"T_INTR_ID":6566,"SND_ID":12946,"SND_FEACODE":77,"CITYCODE":1,"STNAME_ID":118,"ST_CODE":22,"ARTERIAL_CODE":0,"SEGMENT_TYPE":8,"AGENCY_CODE":1,"ACCESS_CODE":1,"DIVIDED_CODE":1,"STRUCTURE_TYPE":2,"LEGALLOC_CODE":1,"VEHICLE_USE_CODE":2,"GIS_SEG_LENGTH":700,"L_ADRS_FROM":5801,"L_ADRS_TO":6199,"R_ADRS_FROM":5802,"R_ADRS_TO":6198,"ORD_PRE_DIR":null,"ORD_STREET_NAME":"20TH","ORD_STREET_TYPE":"AVE","ORD_SUF_DIR":"NE","ORD_STNAME_CONCAT":"20TH AVE NE","L_CITY":"SEATTLE","L_STATE":"WA","L_ZIP":"98115","R_CITY":"SEATTLE","R_STATE":"WA","R_ZIP":"98115","SNDSEG_UPDATE":"Thu, 17 Apr 2025 16:35:22 GMT","COMPKEY":613152,"COMPTYPE":68,"UNITID":"01055","UNITID2":"0570"}},{"type":"Feature","id":132377,"geometry":{"type":"LineString","coordinates":[[-122.316577092584,47.594281683942],[-122.316504036664,47.5944060101782],[-122.316418264582,47.5944375700376],[-122.316232813225,47.5944805761977],[-122.316118523667,47.5945057426956],[-122.315988479144,47.5945291056175],[-122.315767867563,47.5945418818802],[-122.315586225127,47.5945431217466],[-122.315474562005,47.5945434486747],[-122.315339444355,47.5945395720805],[-122.315174837603,47.594521876715]]},"properties":{"OBJECTID":132377,"SE_ANNO_CAD_DATA":"","F_INTR_ID":12820,"T_INTR_ID":47251,"SND_ID":48297,"SND_FEACODE":77,"CITYCODE":1,"STNAME_ID":3808,"ST_CODE":22,"ARTERIAL_CODE":0,"SEGMENT_TYPE":8,"AGENCY_CODE":1,"ACCESS_CODE":1,"DIVIDED_CODE":1,"STRUCTURE_TYPE":1,"LEGALLOC_CODE":3,"VEHICLE_USE_CODE":2,"GIS_SEG_LENGTH":386,"L_ADRS_FROM":0,"L_ADRS_TO":0,"R_ADRS_FROM":0,"R_ADRS_TO":0,"ORD_PRE_DIR":null,"ORD_STREET_NAME":"MOUNTAINS TO SOUND","ORD_STREET_TYPE":"TRL","ORD_SUF_DIR":null,"ORD_STNAME_CONCAT":"MOUNTAINS TO SOUND TRL","L_CITY":"SEATTLE","L_STATE":"WA","L_ZIP":"98144","R_CITY":"SEATTLE","R_STATE":"WA","R_ZIP":"98144","SNDSEG_UPDATE":"Thu, 20 Jul 2017 12:08:09 GMT","COMPKEY":583336,"COMPTYPE":68,"UNITID":"08772","UNITID2":"0110"}},{"type":"Feature","id":132378,"geometry":{"type":"LineString","coordinates":[[-122.349471725656,47.6467134061027],[-122.349753213916,47.6470761052194],[-122.351311069478,47.6477669375893],[-122.354488252455,47.6491439110836],[-122.355485669917,47.6496101029971],[-122.35722838553,47.6504246045104]]},"properties":{"OBJECTID":132378,"SE_ANNO_CAD_DATA":"","F_INTR_ID":9091,"T_INTR_ID":8815,"SND_ID":16389,"SND_FEACODE":77,"CITYCODE":1,"STNAME_ID":3297,"ST_CODE":22,"ARTERIAL_CODE":0,"SEGMENT_TYPE":8,"AGENCY_CODE":1,"ACCESS_CODE":1,"DIVIDED_CODE":1,"STRUCTURE_TYPE":1,"LEGALLOC_CODE":3,"VEHICLE_USE_CODE":2,"GIS_SEG_LENGTH":2360,"L_ADRS_FROM":0,"L_ADRS_TO":0,"R_ADRS_FROM":0,"R_ADRS_TO":0,"ORD_PRE_DIR":null,"ORD_STREET_NAME":"SHIP CANAL","ORD_STREET_TYPE":"TRL","ORD_SUF_DIR":null,"ORD_STNAME_CONCAT":"SHIP CANAL TRL","L_CITY":"SEATTLE","L_STATE":"WA","L_ZIP":"98109","R_CITY":"SEATTLE","R_STATE":"WA","R_ZIP":"98109","SNDSEG_UPDATE":"Thu, 20 Jul 2017 12:11:45 GMT","COMPKEY":287074,"COMPTYPE":68,"UNITID":"09667","UNITID2":"0010"}},{"type":"Feature","id":132379,"geometry":{"type":"LineString","coordinates":[[-122.373546589947,47.6561302035922],[-122.373700554895,47.6561174024876],[-122.373857726743,47.6560952824321],[-122.374158793559,47.6560467775297],[-122.374544523593,47.6559704687925],[-122.374851305466,47.6558930051361],[-122.375128375646,47.6558115006958],[-122.375307235621,47.655744654008],[-122.375567210725,47.6556411639141],[-122.375793856651,47.6555225728458],[-122.376065657693,47.6553744902351],[-122.376355069665,47.6551550778914],[-122.376483044455,47.6550356019457],[-122.376568820268,47.6549344689013],[-122.376687708629,47.6547882838835]]},"properties":{"OBJECTID":132379,"SE_ANNO_CAD_DATA":"","F_INTR_ID":8238,"T_INTR_ID":47267,"SND_ID":48319,"SND_FEACODE":77,"CITYCODE":1,"STNAME_ID":3297,"ST_CODE":22,"ARTERIAL_CODE":0,"SEGMENT_TYPE":8,"AGENCY_CODE":1,"ACCESS_CODE":1,"DIVIDED_CODE":1,"STRUCTURE_TYPE":1,"LEGALLOC_CODE":3,"VEHICLE_USE_CODE":2,"GIS_SEG_LENGTH":954,"L_ADRS_FROM":0,"L_ADRS_TO":0,"R_ADRS_FROM":0,"R_ADRS_TO":0,"ORD_PRE_DIR":null,"ORD_STREET_NAME":"SHIP CANAL","ORD_STREET_TYPE":"TRL","ORD_SUF_DIR":null,"ORD_STNAME_CONCAT":"SHIP CANAL TRL","L_CITY":"SEATTLE","L_STATE":"WA","L_ZIP":"98119","R_CITY":"SEATTLE","R_STATE":"WA","R_ZIP":"98119","SNDSEG_UPDATE":"Thu, 20 Jul 2017 12:08:22 GMT","COMPKEY":287090,"COMPTYPE":68,"UNITID":"09667","UNITID2":"0160"}},{"type":"Feature","id":132380,"geometry":{"type":"LineString","coordinates":[[-122.301656247986,47.6455847775089],[-122.301502813203,47.645464060319],[-122.30129741208,47.6454233290343],[-122.301122233561,47.6453506569748],[-122.301035634943,47.6453149660659],[-122.300974872329,47.645298659639],[-122.300908461512,47.6452889991985],[-122.300771861571,47.6452736709674],[-122.300452736264,47.6452698956577],[-122.299170758751,47.6453649486314],[-122.295460598603,47.6455596281394],[-122.294095082231,47.6455355011566],[-122.291633254298,47.6453528395298],[-122.288834130215,47.6450732796771],[-122.28241363081,47.6447059096278],[-122.281107606076,47.6446035147585],[-122.280033517711,47.6444505536577],[-122.278609357032,47.6442157445953],[-122.276072635819,47.6437093992787],[-122.274566986924,47.6433922675383],[-122.270913954723,47.6427928247611],[-122.266855634186,47.6421907379658],[-122.258844734618,47.6409584208048],[-122.252232032664,47.6399493091143],[-122.248283170689,47.6393490205397],[-122.243070793054,47.6386294694666],[-122.241820549966,47.6384192172936],[-122.2416528133,47.6383801253712],[-122.241496228918,47.63834076927],[-122.240638387855,47.6380435530313],[-122.240415743354,47.6379887286347],[-122.240282095499,47.6379728501238],[-122.240016518954,47.6379412979436],[-122.239719517026,47.6378973638692],[-122.234055499543,47.6368032934742],[-122.232344096479,47.6365434784556],[-122.231263165059,47.6364187077497],[-122.230739087996,47.6363108936536],[-122.230280039213,47.6362641642662],[-122.230010080636,47.63624307979],[-122.227762245856,47.6362664691867]]},"properties":{"OBJECTID":132380,"SE_ANNO_CAD_DATA":"","F_INTR_ID":9203,"T_INTR_ID":48076,"SND_ID":49409,"SND_FEACODE":77,"CITYCODE":1,"STNAME_ID":4286,"ST_CODE":22,"ARTERIAL_CODE":0,"SEGMENT_TYPE":8,"AGENCY_CODE":4,"ACCESS_CODE":1,"DIVIDED_CODE":1,"STRUCTURE_TYPE":1,"LEGALLOC_CODE":3,"VEHICLE_USE_CODE":2,"GIS_SEG_LENGTH":18653.496069,"L_ADRS_FROM":0,"L_ADRS_TO":0,"R_ADRS_FROM":0,"R_ADRS_TO":0,"ORD_PRE_DIR":null,"ORD_STREET_NAME":"SR520","ORD_STREET_TYPE":"TRL","ORD_SUF_DIR":null,"ORD_STNAME_CONCAT":"SR520 TRL","L_CITY":"SEATTLE","L_STATE":"WA","L_ZIP":"98112","R_CITY":"SEATTLE","R_STATE":"WA","R_ZIP":"98112","SNDSEG_UPDATE":"Fri, 12 Apr 2024 16:23:55 GMT","COMPKEY":0,"COMPTYPE":0,"UNITID":"0","UNITID2":"0"}},{"type":"Feature","id":132381,"geometry":{"type":"LineString","coordinates":[[-122.33637844937,47.5397822734432],[-122.335833252162,47.5396549163655],[-122.335560610977,47.5395527899954],[-122.335233313411,47.539401215934],[-122.334521603995,47.5388531697718]]},"properties":{"OBJECTID":132381,"SE_ANNO_CAD_DATA":"","F_INTR_ID":46399,"T_INTR_ID":46400,"SND_ID":44228,"SND_FEACODE":77,"CITYCODE":1,"STNAME_ID":3040,"ST_CODE":22,"ARTERIAL_CODE":0,"SEGMENT_TYPE":8,"AGENCY_CODE":1,"ACCESS_CODE":1,"DIVIDED_CODE":1,"STRUCTURE_TYPE":1,"LEGALLOC_CODE":3,"VEHICLE_USE_CODE":2,"GIS_SEG_LENGTH":584,"L_ADRS_FROM":0,"L_ADRS_TO":0,"R_ADRS_FROM":0,"R_ADRS_TO":0,"ORD_PRE_DIR":null,"ORD_STREET_NAME":"DUWAMISH RIVER","ORD_STREET_TYPE":"TRL","ORD_SUF_DIR":null,"ORD_STNAME_CONCAT":"DUWAMISH RIVER TRL","L_CITY":"SEATTLE","L_STATE":"WA","L_ZIP":"98106","R_CITY":"SEATTLE","R_STATE":"WA","R_ZIP":"98106","SNDSEG_UPDATE":"Wed, 19 Jul 2017 08:46:37 GMT","COMPKEY":286972,"COMPTYPE":68,"UNITID":"06487","UNITID2":"0711"}},{"type":"Feature","id":132382,"geometry":{"type":"LineString","coordinates":[[-122.29768622695,47.5509105304838],[-122.297684961733,47.5508564377507],[-122.29767941099,47.5508511809463],[-122.297665867421,47.5508465758676],[-122.297650254923,47.5508436705377],[-122.29759844412,47.550835734244],[-122.297542482253,47.550832092228],[-122.297441462322,47.5508304841788],[-122.297423196255,47.550827955025],[-122.2974068948,47.5508236570958],[-122.29739492417,47.5508142198637],[-122.297383934839,47.5508017731947],[-122.297247834759,47.550591532768],[-122.297091413117,47.5503768273375],[-122.296879332084,47.5501270909974]]},"properties":{"OBJECTID":132382,"SE_ANNO_CAD_DATA":"","F_INTR_ID":47213,"T_INTR_ID":47214,"SND_ID":47153,"SND_FEACODE":77,"CITYCODE":1,"STNAME_ID":3800,"ST_CODE":22,"ARTERIAL_CODE":0,"SEGMENT_TYPE":8,"AGENCY_CODE":1,"ACCESS_CODE":1,"DIVIDED_CODE":1,"STRUCTURE_TYPE":1,"LEGALLOC_CODE":3,"VEHICLE_USE_CODE":2,"GIS_SEG_LENGTH":377,"L_ADRS_FROM":0,"L_ADRS_TO":0,"R_ADRS_FROM":0,"R_ADRS_TO":0,"ORD_PRE_DIR":null,"ORD_STREET_NAME":"CHIEF SEALTH","ORD_STREET_TYPE":"TRL","ORD_SUF_DIR":null,"ORD_STNAME_CONCAT":"CHIEF SEALTH TRL","L_CITY":"SEATTLE","L_STATE":"WA","L_ZIP":"98108","R_CITY":"SEATTLE","R_STATE":"WA","R_ZIP":"98108","SNDSEG_UPDATE":"Thu, 20 Jul 2017 12:09:52 GMT","COMPKEY":286924,"COMPTYPE":68,"UNITID":"05919","UNITID2":"0580"}},{"type":"Feature","id":132383,"geometry":{"type":"LineString","coordinates":[[-122.278059544939,47.5242580138043],[-122.278041239317,47.5241516840734],[-122.277940259253,47.5239719819322],[-122.277734342659,47.5236984575758],[-122.277580824508,47.523450370311],[-122.277573834414,47.5233138528657]]},"properties":{"OBJECTID":132383,"SE_ANNO_CAD_DATA":"","F_INTR_ID":18168,"T_INTR_ID":46397,"SND_ID":47180,"SND_FEACODE":77,"CITYCODE":1,"STNAME_ID":3800,"ST_CODE":22,"ARTERIAL_CODE":0,"SEGMENT_TYPE":8,"AGENCY_CODE":1,"ACCESS_CODE":1,"DIVIDED_CODE":1,"STRUCTURE_TYPE":1,"LEGALLOC_CODE":3,"VEHICLE_USE_CODE":2,"GIS_SEG_LENGTH":369,"L_ADRS_FROM":0,"L_ADRS_TO":0,"R_ADRS_FROM":0,"R_ADRS_TO":0,"ORD_PRE_DIR":null,"ORD_STREET_NAME":"CHIEF SEALTH","ORD_STREET_TYPE":"TRL","ORD_SUF_DIR":null,"ORD_STNAME_CONCAT":"CHIEF SEALTH TRL","L_CITY":"SEATTLE","L_STATE":"WA","L_ZIP":"98118","R_CITY":"SEATTLE","R_STATE":"WA","R_ZIP":"98118","SNDSEG_UPDATE":"Thu, 20 Jul 2017 12:07:39 GMT","COMPKEY":286935,"COMPTYPE":68,"UNITID":"05919","UNITID2":"0881"}},{"type":"Feature","id":132384,"geometry":{"type":"LineString","coordinates":[[-122.278701892995,47.5242637936704],[-122.278645494123,47.5241884738462],[-122.278622337668,47.5241627169733],[-122.278472418213,47.5241734213727],[-122.278350646012,47.5241711355004],[-122.278237307137,47.5241668260967],[-122.278109611024,47.5241550290182],[-122.27807159754,47.5241502147117],[-122.278059544939,47.5242580138043]]},"properties":{"OBJECTID":132384,"SE_ANNO_CAD_DATA":"","F_INTR_ID":46679,"T_INTR_ID":18168,"SND_ID":47191,"SND_FEACODE":77,"CITYCODE":1,"STNAME_ID":3800,"ST_CODE":22,"ARTERIAL_CODE":0,"SEGMENT_TYPE":8,"AGENCY_CODE":1,"ACCESS_CODE":1,"DIVIDED_CODE":1,"STRUCTURE_TYPE":1,"LEGALLOC_CODE":3,"VEHICLE_USE_CODE":2,"GIS_SEG_LENGTH":218,"L_ADRS_FROM":0,"L_ADRS_TO":0,"R_ADRS_FROM":0,"R_ADRS_TO":0,"ORD_PRE_DIR":null,"ORD_STREET_NAME":"CHIEF SEALTH","ORD_STREET_TYPE":"TRL","ORD_SUF_DIR":null,"ORD_STNAME_CONCAT":"CHIEF SEALTH TRL","L_CITY":"SEATTLE","L_STATE":"WA","L_ZIP":"98118","R_CITY":"SEATTLE","R_STATE":"WA","R_ZIP":"98118","SNDSEG_UPDATE":"Thu, 20 Jul 2017 12:09:31 GMT","COMPKEY":286934,"COMPTYPE":68,"UNITID":"05919","UNITID2":"0880"}},{"type":"Feature","id":132385,"geometry":{"type":"LineString","coordinates":[[-122.37818714655,47.6540435801829],[-122.378405271427,47.6540395287783],[-122.378760559488,47.6538646704424],[-122.379051954096,47.6538285461968],[-122.38004403098,47.653881169481],[-122.380158751799,47.6539865722939]]},"properties":{"OBJECTID":132385,"SE_ANNO_CAD_DATA":"","F_INTR_ID":8460,"T_INTR_ID":46388,"SND_ID":47148,"SND_FEACODE":77,"CITYCODE":1,"STNAME_ID":3297,"ST_CODE":22,"ARTERIAL_CODE":0,"SEGMENT_TYPE":8,"AGENCY_CODE":1,"ACCESS_CODE":1,"DIVIDED_CODE":1,"STRUCTURE_TYPE":1,"LEGALLOC_CODE":3,"VEHICLE_USE_CODE":2,"GIS_SEG_LENGTH":528.111166,"L_ADRS_FROM":0,"L_ADRS_TO":0,"R_ADRS_FROM":0,"R_ADRS_TO":0,"ORD_PRE_DIR":null,"ORD_STREET_NAME":"SHIP CANAL","ORD_STREET_TYPE":"TRL","ORD_SUF_DIR":null,"ORD_STNAME_CONCAT":"SHIP CANAL TRL","L_CITY":"SEATTLE","L_STATE":"WA","L_ZIP":"98119","R_CITY":"SEATTLE","R_STATE":"WA","R_ZIP":"98119","SNDSEG_UPDATE":"Tue, 01 Aug 2017 14:55:07 GMT","COMPKEY":287090,"COMPTYPE":68,"UNITID":"09667","UNITID2":"0160"}},{"type":"Feature","id":132386,"geometry":{"type":"LineString","coordinates":[[-122.40555280011,47.6722259429781],[-122.405483598537,47.6722609551324],[-122.405474663356,47.6723208170154],[-122.40549643668,47.6724394366785],[-122.405534974895,47.672620356147],[-122.405562702894,47.6727991909624],[-122.40556668509,47.6728761833188],[-122.40556222863,47.6731933655454],[-122.405565622563,47.673264524781],[-122.405667664825,47.6740164679498],[-122.405765468521,47.6747446674428],[-122.405875325708,47.6756964438799],[-122.40603723256,47.6756894482608],[-122.406076315374,47.6758745692302],[-122.406119177485,47.6761262849956],[-122.406137372764,47.6762617077882],[-122.406150250301,47.6764543308999],[-122.406142388211,47.6766603316438],[-122.406136220746,47.6769805621054],[-122.406122962909,47.6771247503859],[-122.406078396776,47.677340778564],[-122.405987494008,47.6775979113544],[-122.405845831854,47.6778664556017],[-122.405236891147,47.6788828975335],[-122.404527483343,47.6800744787958],[-122.40389289196,47.681118639431],[-122.403394714041,47.6819538339901],[-122.403252308035,47.6821985826092],[-122.403141897612,47.6823940937838],[-122.403022678222,47.6826480433961],[-122.402867611078,47.6830572035744],[-122.40280925644,47.6832841310326],[-122.402746405664,47.6835956198424],[-122.402721163567,47.6838101909174],[-122.402666606498,47.6846297493874],[-122.402608416319,47.6855041044557],[-122.402535152161,47.6866964302995],[-122.402478356998,47.6876754970893],[-122.402477418628,47.6878195152399],[-122.402668473907,47.6879115127547]]},"properties":{"OBJECTID":132386,"SE_ANNO_CAD_DATA":"","F_INTR_ID":6483,"T_INTR_ID":5022,"SND_ID":49454,"SND_FEACODE":77,"CITYCODE":1,"STNAME_ID":2994,"ST_CODE":22,"ARTERIAL_CODE":0,"SEGMENT_TYPE":8,"AGENCY_CODE":1,"ACCESS_CODE":1,"DIVIDED_CODE":1,"STRUCTURE_TYPE":1,"LEGALLOC_CODE":3,"VEHICLE_USE_CODE":2,"GIS_SEG_LENGTH":5955,"L_ADRS_FROM":0,"L_ADRS_TO":0,"R_ADRS_FROM":0,"R_ADRS_TO":0,"ORD_PRE_DIR":null,"ORD_STREET_NAME":"BURKE GILMAN","ORD_STREET_TYPE":"TRL","ORD_SUF_DIR":null,"ORD_STNAME_CONCAT":"BURKE GILMAN TRL","L_CITY":"SEATTLE","L_STATE":"WA","L_ZIP":"98117","R_CITY":"SEATTLE","R_STATE":"WA","R_ZIP":"98117","SNDSEG_UPDATE":"Thu, 02 May 2019 08:53:28 GMT","COMPKEY":703101,"COMPTYPE":68,"UNITID":"05778","UNITID2":"0140"}},{"type":"Feature","id":132387,"geometry":{"type":"LineString","coordinates":[[-122.301834566166,47.6601492893246],[-122.30197673507,47.6610493776261],[-122.302032951234,47.6612530705728],[-122.302107213855,47.6615255624689],[-122.302226244067,47.6618706845747],[-122.302689702916,47.6631389923059],[-122.302751778916,47.6633179395614],[-122.30279618248,47.6634391582488],[-122.302833748577,47.6635492325572],[-122.302866762951,47.6636506368526],[-122.302890262873,47.6637201613706],[-122.302909538776,47.6637926480268],[-122.302924263134,47.6638564664325],[-122.302934517828,47.6639145228269],[-122.302940139702,47.6639610010426],[-122.302944927447,47.664018615373],[-122.302944036443,47.6640254431369],[-122.302938078975,47.664071052222],[-122.302929874843,47.6641234014441],[-122.302920318951,47.6641756449135],[-122.302909414542,47.6642277689],[-122.302897165243,47.6642797547546],[-122.302883573283,47.6643315896376],[-122.302868642044,47.6643832554297],[-122.302852382008,47.6644347370787],[-122.302834789896,47.6644860198852],[-122.302815877169,47.6645370866787],[-122.302795644981,47.664587923229],[-122.302774104553,47.6646385130703],[-122.302751259883,47.6646888415849],[-122.302727116729,47.6647388920264],[-122.302675876865,47.6648364658971],[-122.30279255854,47.6649983333529],[-122.302794142835,47.6650543750579],[-122.302777408224,47.6650985076251],[-122.302618943938,47.6652865332556],[-122.302585423919,47.6653196300737],[-122.302547571467,47.6653523310585],[-122.302508880362,47.6653845806139],[-122.302469360964,47.6654163684275],[-122.302429025465,47.6654476846891],[-122.302173452956,47.6656547802877],[-122.302138188993,47.6656795287246],[-122.302034738509,47.6657387940403],[-122.301868686542,47.6658343736787],[-122.301698300709,47.6659234678311],[-122.301518129588,47.6660089501464],[-122.301380400539,47.666078934581],[-122.301216265814,47.6661445876558],[-122.301156113332,47.6661696564963],[-122.301101251996,47.6661862484934],[-122.301037936266,47.6661973422372],[-122.300921865986,47.666201640765],[-122.300754265313,47.6661935220402],[-122.300604980548,47.6662667185574]]},"properties":{"OBJECTID":132387,"SE_ANNO_CAD_DATA":"","F_INTR_ID":7913,"T_INTR_ID":7226,"SND_ID":13362,"SND_FEACODE":77,"CITYCODE":1,"STNAME_ID":2994,"ST_CODE":22,"ARTERIAL_CODE":0,"SEGMENT_TYPE":8,"AGENCY_CODE":1,"ACCESS_CODE":1,"DIVIDED_CODE":1,"STRUCTURE_TYPE":1,"LEGALLOC_CODE":3,"VEHICLE_USE_CODE":2,"GIS_SEG_LENGTH":2562,"L_ADRS_FROM":0,"L_ADRS_TO":0,"R_ADRS_FROM":0,"R_ADRS_TO":0,"ORD_PRE_DIR":null,"ORD_STREET_NAME":"BURKE GILMAN","ORD_STREET_TYPE":"TRL","ORD_SUF_DIR":null,"ORD_STNAME_CONCAT":"BURKE GILMAN TRL","L_CITY":"SEATTLE","L_STATE":"WA","L_ZIP":"98105","R_CITY":"SEATTLE","R_STATE":"WA","R_ZIP":"98105","SNDSEG_UPDATE":"Thu, 02 May 2019 08:52:27 GMT","COMPKEY":287260,"COMPTYPE":68,"UNITID":"05778","UNITID2":"0650"}},{"type":"Feature","id":132388,"geometry":{"type":"LineString","coordinates":[[-122.265469663875,47.6874491929583],[-122.265581822818,47.6874426314762],[-122.265643086412,47.6874530909626],[-122.26571656824,47.6875045684962],[-122.265820644252,47.6876604638551],[-122.266333382999,47.6885365193366],[-122.266475876238,47.6887373459491],[-122.266680957797,47.688989576644],[-122.26689948275,47.6892695081109],[-122.267837582435,47.6903783707486],[-122.26807261339,47.6906737182521],[-122.268085742939,47.6907111721064],[-122.268092213277,47.6907375799877],[-122.268095706402,47.6907601481769],[-122.26810671129,47.6907774535769],[-122.268124232006,47.6907882169764],[-122.268145436316,47.6907937641985],[-122.268173157998,47.6907927692196],[-122.268199780586,47.690786618975],[-122.268297701268,47.6907396977545]]},"properties":{"OBJECTID":132388,"SE_ANNO_CAD_DATA":"","F_INTR_ID":47191,"T_INTR_ID":47190,"SND_ID":48215,"SND_FEACODE":77,"CITYCODE":1,"STNAME_ID":4080,"ST_CODE":22,"ARTERIAL_CODE":0,"SEGMENT_TYPE":8,"AGENCY_CODE":1,"ACCESS_CODE":1,"DIVIDED_CODE":1,"STRUCTURE_TYPE":1,"LEGALLOC_CODE":3,"VEHICLE_USE_CODE":2,"GIS_SEG_LENGTH":1459,"L_ADRS_FROM":0,"L_ADRS_TO":0,"R_ADRS_FROM":0,"R_ADRS_TO":0,"ORD_PRE_DIR":null,"ORD_STREET_NAME":"BURKE GILMAN SAND PT","ORD_STREET_TYPE":"TRL","ORD_SUF_DIR":null,"ORD_STNAME_CONCAT":"BURKE GILMAN SAND PT TRL","L_CITY":"SEATTLE","L_STATE":"WA","L_ZIP":"98115","R_CITY":"SEATTLE","R_STATE":"WA","R_ZIP":"98115","SNDSEG_UPDATE":"Thu, 02 May 2019 08:52:53 GMT","COMPKEY":567743,"COMPTYPE":68,"UNITID":"08403","UNITID2":"0800"}},{"type":"Feature","id":132389,"geometry":{"type":"LineString","coordinates":[[-122.26656513484,47.6757370413611],[-122.266533803769,47.6758191372862],[-122.265314620219,47.6793721993881]]},"properties":{"OBJECTID":132389,"SE_ANNO_CAD_DATA":"","F_INTR_ID":6300,"T_INTR_ID":5947,"SND_ID":12574,"SND_FEACODE":77,"CITYCODE":1,"STNAME_ID":2994,"ST_CODE":22,"ARTERIAL_CODE":0,"SEGMENT_TYPE":8,"AGENCY_CODE":1,"ACCESS_CODE":1,"DIVIDED_CODE":1,"STRUCTURE_TYPE":1,"LEGALLOC_CODE":3,"VEHICLE_USE_CODE":2,"GIS_SEG_LENGTH":1361,"L_ADRS_FROM":0,"L_ADRS_TO":0,"R_ADRS_FROM":0,"R_ADRS_TO":0,"ORD_PRE_DIR":null,"ORD_STREET_NAME":"BURKE GILMAN","ORD_STREET_TYPE":"TRL","ORD_SUF_DIR":null,"ORD_STNAME_CONCAT":"BURKE GILMAN TRL","L_CITY":"SEATTLE","L_STATE":"WA","L_ZIP":"98115","R_CITY":"SEATTLE","R_STATE":"WA","R_ZIP":"98115","SNDSEG_UPDATE":"Thu, 02 May 2019 08:52:43 GMT","COMPKEY":287215,"COMPTYPE":68,"UNITID":"05778","UNITID2":"0740"}},{"type":"Feature","id":132390,"geometry":{"type":"LineString","coordinates":[[-122.335906218061,47.5982402108045],[-122.336168330899,47.5981179479644],[-122.336181732474,47.5977720035002],[-122.336166183795,47.5969673730228],[-122.336174021686,47.5962629297246],[-122.336190866032,47.5953824993451],[-122.336209716392,47.5940927274951],[-122.336249774602,47.5937944591084],[-122.336254303225,47.5937314159722],[-122.336263061961,47.5936849918969],[-122.336280430058,47.5935736121633],[-122.336304850384,47.5934666472035],[-122.336407205211,47.5931639761578],[-122.336454129771,47.5930302319914],[-122.336507960083,47.5928792193423],[-122.336731910164,47.5924640048605],[-122.337093700375,47.5918029072107],[-122.337161171141,47.591684636999],[-122.337243345868,47.5914833964966],[-122.337253203463,47.5914644093527],[-122.337266629142,47.5914468622996],[-122.337481606796,47.5912037304336],[-122.337508982257,47.5911625719861],[-122.337513286859,47.5911446678383],[-122.337506602142,47.5911167971669],[-122.337486531439,47.5910812770559],[-122.337461194531,47.5910465416979],[-122.337335801836,47.5907320852807]]},"properties":{"OBJECTID":132390,"SE_ANNO_CAD_DATA":"","F_INTR_ID":12619,"T_INTR_ID":12998,"SND_ID":48742,"SND_FEACODE":77,"CITYCODE":1,"STNAME_ID":4196,"ST_CODE":22,"ARTERIAL_CODE":0,"SEGMENT_TYPE":8,"AGENCY_CODE":1,"ACCESS_CODE":1,"DIVIDED_CODE":1,"STRUCTURE_TYPE":1,"LEGALLOC_CODE":3,"VEHICLE_USE_CODE":2,"GIS_SEG_LENGTH":2835.500336,"L_ADRS_FROM":0,"L_ADRS_TO":0,"R_ADRS_FROM":0,"R_ADRS_TO":0,"ORD_PRE_DIR":null,"ORD_STREET_NAME":"PORTSIDE","ORD_STREET_TYPE":"TRL","ORD_SUF_DIR":null,"ORD_STNAME_CONCAT":"PORTSIDE TRL","L_CITY":"SEATTLE","L_STATE":"WA","L_ZIP":"98134","R_CITY":"SEATTLE","R_STATE":"WA","R_ZIP":"98134","SNDSEG_UPDATE":"Wed, 16 Jan 2019 16:51:41 GMT","COMPKEY":703073,"COMPTYPE":68,"UNITID":"15483","UNITID2":"0010"}},{"type":"Feature","id":132391,"geometry":{"type":"LineString","coordinates":[[-122.336368735224,47.6468788554861],[-122.336339830808,47.6469256900865],[-122.336277617229,47.6469381763448],[-122.335505309952,47.6469439927032],[-122.335456315687,47.6469285999078],[-122.335340967381,47.6468943972956],[-122.335203876527,47.6468918316804],[-122.335168757402,47.6468729128721]]},"properties":{"OBJECTID":132391,"SE_ANNO_CAD_DATA":"","F_INTR_ID":47785,"T_INTR_ID":9076,"SND_ID":11543,"SND_FEACODE":77,"CITYCODE":1,"STNAME_ID":2994,"ST_CODE":22,"ARTERIAL_CODE":0,"SEGMENT_TYPE":8,"AGENCY_CODE":1,"ACCESS_CODE":1,"DIVIDED_CODE":1,"STRUCTURE_TYPE":1,"LEGALLOC_CODE":3,"VEHICLE_USE_CODE":2,"GIS_SEG_LENGTH":314,"L_ADRS_FROM":0,"L_ADRS_TO":0,"R_ADRS_FROM":0,"R_ADRS_TO":0,"ORD_PRE_DIR":null,"ORD_STREET_NAME":"BURKE GILMAN","ORD_STREET_TYPE":"TRL","ORD_SUF_DIR":null,"ORD_STNAME_CONCAT":"BURKE GILMAN TRL","L_CITY":"SEATTLE","L_STATE":"WA","L_ZIP":"98103","R_CITY":"SEATTLE","R_STATE":"WA","R_ZIP":"98103","SNDSEG_UPDATE":"Thu, 02 May 2019 08:52:16 GMT","COMPKEY":287242,"COMPTYPE":68,"UNITID":"05778","UNITID2":"0520"}},{"type":"Feature","id":132392,"geometry":{"type":"LineString","coordinates":[[-122.284471963182,47.7317517629296],[-122.283588693251,47.7319125233679],[-122.28260456073,47.7319820974896]]},"properties":{"OBJECTID":132392,"SE_ANNO_CAD_DATA":"","F_INTR_ID":2543,"T_INTR_ID":2536,"SND_ID":44709,"SND_FEACODE":77,"CITYCODE":1,"STNAME_ID":2995,"ST_CODE":22,"ARTERIAL_CODE":0,"SEGMENT_TYPE":8,"AGENCY_CODE":1,"ACCESS_CODE":1,"DIVIDED_CODE":1,"STRUCTURE_TYPE":1,"LEGALLOC_CODE":3,"VEHICLE_USE_CODE":2,"GIS_SEG_LENGTH":469,"L_ADRS_FROM":0,"L_ADRS_TO":0,"R_ADRS_FROM":0,"R_ADRS_TO":0,"ORD_PRE_DIR":null,"ORD_STREET_NAME":"BURKE GILMAN ACCESS","ORD_STREET_TYPE":"TRL","ORD_SUF_DIR":null,"ORD_STNAME_CONCAT":"BURKE GILMAN ACCESS TRL","L_CITY":"SEATTLE","L_STATE":"WA","L_ZIP":"98125","R_CITY":"SEATTLE","R_STATE":"WA","R_ZIP":"98125","SNDSEG_UPDATE":"Thu, 02 May 2019 08:53:03 GMT","COMPKEY":287237,"COMPTYPE":68,"UNITID":"05777","UNITID2":"0412"}},{"type":"Feature","id":132393,"geometry":{"type":"LineString","coordinates":[[-122.363937746651,47.6569309738919],[-122.363591469623,47.6565822587787]]},"properties":{"OBJECTID":132393,"SE_ANNO_CAD_DATA":"","F_INTR_ID":8162,"T_INTR_ID":8181,"SND_ID":10970,"SND_FEACODE":77,"CITYCODE":1,"STNAME_ID":2994,"ST_CODE":22,"ARTERIAL_CODE":0,"SEGMENT_TYPE":8,"AGENCY_CODE":1,"ACCESS_CODE":1,"DIVIDED_CODE":1,"STRUCTURE_TYPE":1,"LEGALLOC_CODE":3,"VEHICLE_USE_CODE":2,"GIS_SEG_LENGTH":153,"L_ADRS_FROM":0,"L_ADRS_TO":0,"R_ADRS_FROM":0,"R_ADRS_TO":0,"ORD_PRE_DIR":null,"ORD_STREET_NAME":"BURKE GILMAN","ORD_STREET_TYPE":"TRL","ORD_SUF_DIR":null,"ORD_STNAME_CONCAT":"BURKE GILMAN TRL","L_CITY":"SEATTLE","L_STATE":"WA","L_ZIP":"98107","R_CITY":"SEATTLE","R_STATE":"WA","R_ZIP":"98107","SNDSEG_UPDATE":"Thu, 02 May 2019 08:53:19 GMT","COMPKEY":287192,"COMPTYPE":68,"UNITID":"05778","UNITID2":"0410"}},{"type":"Feature","id":132394,"geometry":{"type":"LineString","coordinates":[[-122.363591469623,47.6565822587787],[-122.363485000816,47.6564898461305],[-122.363459845221,47.6564838562971],[-122.363421913232,47.656481414183]]},"properties":{"OBJECTID":132394,"SE_ANNO_CAD_DATA":"","F_INTR_ID":8181,"T_INTR_ID":8204,"SND_ID":11039,"SND_FEACODE":77,"CITYCODE":1,"STNAME_ID":2994,"ST_CODE":22,"ARTERIAL_CODE":0,"SEGMENT_TYPE":8,"AGENCY_CODE":1,"ACCESS_CODE":1,"DIVIDED_CODE":1,"STRUCTURE_TYPE":1,"LEGALLOC_CODE":3,"VEHICLE_USE_CODE":2,"GIS_SEG_LENGTH":59,"L_ADRS_FROM":0,"L_ADRS_TO":0,"R_ADRS_FROM":0,"R_ADRS_TO":0,"ORD_PRE_DIR":null,"ORD_STREET_NAME":"BURKE GILMAN","ORD_STREET_TYPE":"TRL","ORD_SUF_DIR":null,"ORD_STNAME_CONCAT":"BURKE GILMAN TRL","L_CITY":"SEATTLE","L_STATE":"WA","L_ZIP":"98107","R_CITY":"SEATTLE","R_STATE":"WA","R_ZIP":"98107","SNDSEG_UPDATE":"Thu, 02 May 2019 08:53:27 GMT","COMPKEY":287193,"COMPTYPE":68,"UNITID":"05778","UNITID2":"0420"}},{"type":"Feature","id":132395,"geometry":{"type":"LineString","coordinates":[[-122.278083364409,47.7158878367437],[-122.278200634822,47.7159157854695],[-122.278268122524,47.7161058894304],[-122.2784908932,47.716699473172],[-122.278729216149,47.7174063095775],[-122.278902366252,47.717894633424],[-122.278973008777,47.7180971238529],[-122.278992619074,47.7181646702206],[-122.279011893865,47.718220257285],[-122.279031169997,47.7182758443295],[-122.279056576646,47.7183393301644],[-122.279069834436,47.7183910055993],[-122.279101258567,47.7184584021616],[-122.27911848586,47.7185216059752],[-122.279151176059,47.7185800840883],[-122.279181092312,47.7186309095184],[-122.279216770375,47.7186885861903],[-122.2792587917,47.7187529256247],[-122.279307803042,47.7188237028889],[-122.279365796333,47.718889578631],[-122.279454336904,47.7189904353596],[-122.279371364764,47.7190614840692]]},"properties":{"OBJECTID":132395,"SE_ANNO_CAD_DATA":"","F_INTR_ID":3248,"T_INTR_ID":3085,"SND_ID":6301,"SND_FEACODE":77,"CITYCODE":1,"STNAME_ID":2994,"ST_CODE":22,"ARTERIAL_CODE":0,"SEGMENT_TYPE":8,"AGENCY_CODE":1,"ACCESS_CODE":1,"DIVIDED_CODE":1,"STRUCTURE_TYPE":1,"LEGALLOC_CODE":3,"VEHICLE_USE_CODE":2,"GIS_SEG_LENGTH":1231.212731,"L_ADRS_FROM":0,"L_ADRS_TO":0,"R_ADRS_FROM":0,"R_ADRS_TO":0,"ORD_PRE_DIR":null,"ORD_STREET_NAME":"BURKE GILMAN","ORD_STREET_TYPE":"TRL","ORD_SUF_DIR":null,"ORD_STNAME_CONCAT":"BURKE GILMAN TRL","L_CITY":"SEATTLE","L_STATE":"WA","L_ZIP":"98125","R_CITY":"SEATTLE","R_STATE":"WA","R_ZIP":"98125","SNDSEG_UPDATE":"Mon, 13 Jan 2020 11:26:51 GMT","COMPKEY":287232,"COMPTYPE":68,"UNITID":"05778","UNITID2":"1176"}},{"type":"Feature","id":132396,"geometry":{"type":"LineString","coordinates":[[-122.286957754271,47.6624010770196],[-122.286925250366,47.6624406521407],[-122.286886385777,47.6624895354964],[-122.286845024532,47.6625432321748],[-122.286804753628,47.6625973071355],[-122.286768802698,47.6626471968851],[-122.286730641609,47.6627019645651],[-122.286693591569,47.662757079732],[-122.286657658739,47.6628125303752],[-122.286625710072,47.6628636483051],[-122.286597488942,47.6629103501092],[-122.286567357484,47.6629619693645],[-122.286538184755,47.6630138389068],[-122.286509976535,47.6630659516438],[-122.286482735976,47.6631182994637],[-122.286458815728,47.6631660843893],[-122.286433436739,47.6632188562881],[-122.286409036948,47.6632718389075],[-122.286385621584,47.6633250241091],[-122.28636519193,47.66337354259],[-122.286343665554,47.6634270911585],[-122.286323133534,47.6634808162122],[-122.286303599891,47.6635347127869],[-122.286286709589,47.6635838490908],[-122.28626908834,47.6636380441591],[-122.28625247382,47.6636923839695],[-122.286227461601,47.6637815947347],[-122.286022644235,47.6648956389517]]},"properties":{"OBJECTID":132396,"SE_ANNO_CAD_DATA":"","F_INTR_ID":48546,"T_INTR_ID":7387,"SND_ID":13512,"SND_FEACODE":77,"CITYCODE":1,"STNAME_ID":2994,"ST_CODE":22,"ARTERIAL_CODE":0,"SEGMENT_TYPE":8,"AGENCY_CODE":1,"ACCESS_CODE":1,"DIVIDED_CODE":1,"STRUCTURE_TYPE":1,"LEGALLOC_CODE":3,"VEHICLE_USE_CODE":2,"GIS_SEG_LENGTH":1640,"L_ADRS_FROM":0,"L_ADRS_TO":0,"R_ADRS_FROM":0,"R_ADRS_TO":0,"ORD_PRE_DIR":null,"ORD_STREET_NAME":"BURKE GILMAN","ORD_STREET_TYPE":"TRL","ORD_SUF_DIR":null,"ORD_STNAME_CONCAT":"BURKE GILMAN TRL","L_CITY":"SEATTLE","L_STATE":"WA","L_ZIP":"98105","R_CITY":"SEATTLE","R_STATE":"WA","R_ZIP":"98105","SNDSEG_UPDATE":"Fri, 29 Jul 2022 15:23:56 GMT","COMPKEY":852151,"COMPTYPE":68,"UNITID":"05778","UNITID2":"0695"}},{"type":"Feature","id":132397,"geometry":{"type":"LineString","coordinates":[[-122.40555280011,47.6722259429781],[-122.405485568602,47.6721621061569],[-122.405473980342,47.6720522789864],[-122.405439054863,47.6719634311642],[-122.405343910222,47.6717419783937],[-122.405266735866,47.6715413785266],[-122.404673925916,47.6701194696066],[-122.404513234711,47.669828545574],[-122.404342586429,47.6695670731199],[-122.404118378756,47.6693283245626],[-122.403829103588,47.669090472843],[-122.403463918626,47.6688536658693],[-122.402934290906,47.6685604970907],[-122.402076758604,47.6681194021317],[-122.401984158731,47.6680635511653],[-122.40184185346,47.6679719670865],[-122.401700798163,47.6678867915978],[-122.401395075847,47.6677396165914],[-122.401014503194,47.6675991835202],[-122.400761577701,47.6675317323609],[-122.400650237988,47.6675966392163]]},"properties":{"OBJECTID":132397,"SE_ANNO_CAD_DATA":"","F_INTR_ID":6483,"T_INTR_ID":46255,"SND_ID":47143,"SND_FEACODE":77,"CITYCODE":1,"STNAME_ID":2994,"ST_CODE":22,"ARTERIAL_CODE":0,"SEGMENT_TYPE":8,"AGENCY_CODE":1,"ACCESS_CODE":1,"DIVIDED_CODE":1,"STRUCTURE_TYPE":1,"LEGALLOC_CODE":3,"VEHICLE_USE_CODE":2,"GIS_SEG_LENGTH":2220.973015,"L_ADRS_FROM":0,"L_ADRS_TO":0,"R_ADRS_FROM":0,"R_ADRS_TO":0,"ORD_PRE_DIR":null,"ORD_STREET_NAME":"BURKE GILMAN","ORD_STREET_TYPE":"TRL","ORD_SUF_DIR":null,"ORD_STNAME_CONCAT":"BURKE GILMAN TRL","L_CITY":"SEATTLE","L_STATE":"WA","L_ZIP":"98107","R_CITY":"SEATTLE","R_STATE":"WA","R_ZIP":"98107","SNDSEG_UPDATE":"Thu, 17 Aug 2023 15:53:06 GMT","COMPKEY":287185,"COMPTYPE":68,"UNITID":"05778","UNITID2":"0150"}},{"type":"Feature","id":132398,"geometry":{"type":"LineString","coordinates":[[-122.30656485705,47.6440757363404],[-122.305206080053,47.6444500117629],[-122.305107884671,47.6444847919403],[-122.304852736307,47.6445859204809],[-122.304587462545,47.6446941222473]]},"properties":{"OBJECTID":132398,"SE_ANNO_CAD_DATA":"","F_INTR_ID":46386,"T_INTR_ID":47802,"SND_ID":47140,"SND_FEACODE":77,"CITYCODE":1,"STNAME_ID":4476,"ST_CODE":22,"ARTERIAL_CODE":0,"SEGMENT_TYPE":8,"AGENCY_CODE":1,"ACCESS_CODE":2,"DIVIDED_CODE":1,"STRUCTURE_TYPE":1,"LEGALLOC_CODE":3,"VEHICLE_USE_CODE":2,"GIS_SEG_LENGTH":538,"L_ADRS_FROM":0,"L_ADRS_TO":0,"R_ADRS_FROM":0,"R_ADRS_TO":0,"ORD_PRE_DIR":null,"ORD_STREET_NAME":"BILL DAWSON","ORD_STREET_TYPE":"TRL","ORD_SUF_DIR":null,"ORD_STNAME_CONCAT":"BILL DAWSON TRL","L_CITY":"SEATTLE","L_STATE":"WA","L_ZIP":"98112","R_CITY":"SEATTLE","R_STATE":"WA","R_ZIP":"98112","SNDSEG_UPDATE":"Fri, 09 May 2025 14:15:36 GMT","COMPKEY":287136,"COMPTYPE":68,"UNITID":"08702","UNITID2":"0270"}},{"type":"Feature","id":132399,"geometry":{"type":"LineString","coordinates":[[-122.286475125028,47.5352163689069],[-122.286089085866,47.5346826385765],[-122.285826063269,47.5344140599549],[-122.285381502312,47.5337440108891],[-122.285252748397,47.5334901965744],[-122.285075457741,47.5332411223803],[-122.284930182662,47.5330493248916],[-122.284484835345,47.5327871926622],[-122.284403134573,47.5326934689338],[-122.284351497648,47.5325869997533],[-122.28423553603,47.5318667029363],[-122.284219257171,47.531821165306],[-122.284193118453,47.5317808372555],[-122.284145423094,47.5317408465886],[-122.284118662148,47.5317123228563],[-122.284133203329,47.5315468254099]]},"properties":{"OBJECTID":132399,"SE_ANNO_CAD_DATA":"","F_INTR_ID":17378,"T_INTR_ID":17653,"SND_ID":48257,"SND_FEACODE":77,"CITYCODE":1,"STNAME_ID":3800,"ST_CODE":22,"ARTERIAL_CODE":0,"SEGMENT_TYPE":8,"AGENCY_CODE":1,"ACCESS_CODE":1,"DIVIDED_CODE":1,"STRUCTURE_TYPE":1,"LEGALLOC_CODE":3,"VEHICLE_USE_CODE":2,"GIS_SEG_LENGTH":1495,"L_ADRS_FROM":0,"L_ADRS_TO":0,"R_ADRS_FROM":0,"R_ADRS_TO":0,"ORD_PRE_DIR":null,"ORD_STREET_NAME":"CHIEF SEALTH","ORD_STREET_TYPE":"TRL","ORD_SUF_DIR":null,"ORD_STNAME_CONCAT":"CHIEF SEALTH TRL","L_CITY":"SEATTLE","L_STATE":"WA","L_ZIP":"98118","R_CITY":"SEATTLE","R_STATE":"WA","R_ZIP":"98118","SNDSEG_UPDATE":"Thu, 20 Jul 2017 12:07:51 GMT","COMPKEY":613151,"COMPTYPE":68,"UNITID":"05919","UNITID2":"0740"}},{"type":"Feature","id":132400,"geometry":{"type":"LineString","coordinates":[[-122.327397141118,47.5861754078186],[-122.327303906626,47.5860613829426],[-122.327303609135,47.5843127883527],[-122.327304765946,47.582972292229],[-122.327299006465,47.5821426468964],[-122.327237506779,47.5819281365399],[-122.327226668461,47.5807065819165],[-122.327174972259,47.5805925808523],[-122.327182614863,47.5801932995981],[-122.327195944706,47.5800928337004],[-122.327208591026,47.580049311915],[-122.327233452913,47.5799786233832],[-122.327276723987,47.5799195446218],[-122.327395927346,47.5798093950834]]},"properties":{"OBJECTID":132400,"SE_ANNO_CAD_DATA":"","F_INTR_ID":46876,"T_INTR_ID":46875,"SND_ID":48356,"SND_FEACODE":77,"CITYCODE":1,"STNAME_ID":4102,"ST_CODE":22,"ARTERIAL_CODE":0,"SEGMENT_TYPE":8,"AGENCY_CODE":1,"ACCESS_CODE":1,"DIVIDED_CODE":1,"STRUCTURE_TYPE":1,"LEGALLOC_CODE":3,"VEHICLE_USE_CODE":2,"GIS_SEG_LENGTH":2345,"L_ADRS_FROM":0,"L_ADRS_TO":0,"R_ADRS_FROM":0,"R_ADRS_TO":0,"ORD_PRE_DIR":null,"ORD_STREET_NAME":"SODO","ORD_STREET_TYPE":"TRL","ORD_SUF_DIR":null,"ORD_STNAME_CONCAT":"SODO TRL","L_CITY":"SEATTLE","L_STATE":"WA","L_ZIP":"98134","R_CITY":"SEATTLE","R_STATE":"WA","R_ZIP":"98134","SNDSEG_UPDATE":"Thu, 20 Jul 2017 12:08:25 GMT","COMPKEY":581855,"COMPTYPE":68,"UNITID":"09697","UNITID2":"0190"}},{"type":"Feature","id":132401,"geometry":{"type":"LineString","coordinates":[[-122.327395927346,47.5798093950834],[-122.327301464543,47.57969687989],[-122.327302608856,47.5787724007477],[-122.327289752789,47.5784449120825],[-122.327232486916,47.5781367293535],[-122.327220571192,47.5778419937898],[-122.327018073845,47.5777254299122]]},"properties":{"OBJECTID":132401,"SE_ANNO_CAD_DATA":"","F_INTR_ID":46875,"T_INTR_ID":13907,"SND_ID":48357,"SND_FEACODE":77,"CITYCODE":1,"STNAME_ID":4102,"ST_CODE":22,"ARTERIAL_CODE":0,"SEGMENT_TYPE":8,"AGENCY_CODE":1,"ACCESS_CODE":1,"DIVIDED_CODE":1,"STRUCTURE_TYPE":1,"LEGALLOC_CODE":3,"VEHICLE_USE_CODE":2,"GIS_SEG_LENGTH":790,"L_ADRS_FROM":0,"L_ADRS_TO":0,"R_ADRS_FROM":0,"R_ADRS_TO":0,"ORD_PRE_DIR":null,"ORD_STREET_NAME":"SODO","ORD_STREET_TYPE":"TRL","ORD_SUF_DIR":null,"ORD_STNAME_CONCAT":"SODO TRL","L_CITY":"SEATTLE","L_STATE":"WA","L_ZIP":"98134","R_CITY":"SEATTLE","R_STATE":"WA","R_ZIP":"98134","SNDSEG_UPDATE":"Thu, 20 Jul 2017 12:07:35 GMT","COMPKEY":581857,"COMPTYPE":68,"UNITID":"09697","UNITID2":"0270"}},{"type":"Feature","id":132402,"geometry":{"type":"LineString","coordinates":[[-122.315174837603,47.594521876715],[-122.315173136989,47.5945215101628],[-122.315162060435,47.5945190502137],[-122.315151015563,47.5945165275525],[-122.315140000801,47.5945139416734],[-122.315129020345,47.5945112941011],[-122.315118073656,47.5945085841407],[-122.315107159921,47.5945058105742],[-122.315096281793,47.5945029754731],[-122.315085437716,47.5945000788577],[-122.315074631809,47.5944971196213],[-122.315063861271,47.5944940995553],[-122.315053132848,47.5944910187474],[-122.315042440027,47.5944878762296],[-122.315031786729,47.5944846730034],[-122.315021174269,47.5944814097541],[-122.315010602579,47.5944780840255],[-122.315000073079,47.5944747001863],[-122.314989587246,47.5944712554095],[-122.314979143344,47.5944677525256],[-122.314968743089,47.5944641880025],[-122.314958387898,47.5944605660334],[-122.314948077181,47.5944568841692],[-122.314937815657,47.5944531441033],[-122.314927598922,47.5944493460686],[-122.314917431111,47.5944454894848],[-122.314907310682,47.5944415748984],[-122.314897237889,47.5944376021306],[-122.31488721823,47.5944335728648],[-122.314877247295,47.5944294871584],[-122.31486732662,47.5944253442895],[-122.31485746011,47.5944211447336],[-122.314847645466,47.5944168897491],[-122.314837884728,47.5944125780811],[-122.314828175856,47.5944082109845],[-122.314818523803,47.5944037892724],[-122.314808926229,47.5943993127997],[-122.314799385444,47.5943947806589],[-122.314782166423,47.5943863947718],[-122.31466739908,47.5943265130082],[-122.314512648266,47.5941958770068],[-122.314255737511,47.5939850039118],[-122.314214762036,47.5939575237017],[-122.313948746725,47.5938547010592],[-122.313892481434,47.5938463706861],[-122.313854385702,47.5938345077899],[-122.313726362059,47.5937511227494],[-122.313483462239,47.5934928013161],[-122.31325867741,47.5930217912861],[-122.312924756783,47.5925358566174],[-122.312089634286,47.5914149901982],[-122.311700859741,47.590926478259],[-122.311608170378,47.5908343787018],[-122.311519161831,47.5907726981978],[-122.311414750329,47.5907251157144],[-122.311032122456,47.5905714727784],[-122.31055488356,47.5903187055755],[-122.310370160805,47.5901573461645],[-122.309827572133,47.5897835582128],[-122.309713026911,47.5897145909661],[-122.309641498354,47.589673627488],[-122.309542722996,47.589632301603]]},"properties":{"OBJECTID":132402,"SE_ANNO_CAD_DATA":"","F_INTR_ID":47251,"T_INTR_ID":13101,"SND_ID":42035,"SND_FEACODE":77,"CITYCODE":1,"STNAME_ID":3808,"ST_CODE":22,"ARTERIAL_CODE":0,"SEGMENT_TYPE":8,"AGENCY_CODE":1,"ACCESS_CODE":1,"DIVIDED_CODE":1,"STRUCTURE_TYPE":1,"LEGALLOC_CODE":3,"VEHICLE_USE_CODE":2,"GIS_SEG_LENGTH":2330,"L_ADRS_FROM":0,"L_ADRS_TO":0,"R_ADRS_FROM":0,"R_ADRS_TO":0,"ORD_PRE_DIR":null,"ORD_STREET_NAME":"MOUNTAINS TO SOUND","ORD_STREET_TYPE":"TRL","ORD_SUF_DIR":null,"ORD_STNAME_CONCAT":"MOUNTAINS TO SOUND TRL","L_CITY":"SEATTLE","L_STATE":"WA","L_ZIP":"98144","R_CITY":"SEATTLE","R_STATE":"WA","R_ZIP":"98144","SNDSEG_UPDATE":"Thu, 20 Jul 2017 12:09:39 GMT","COMPKEY":287016,"COMPTYPE":68,"UNITID":"08767","UNITID2":"0120"}},{"type":"Feature","id":132403,"geometry":{"type":"LineString","coordinates":[[-122.400650237988,47.6675966392163],[-122.400629917497,47.6675009344718],[-122.400374613415,47.6674480343002],[-122.400029362699,47.6673920865994],[-122.399770735531,47.6673692233259],[-122.399647900089,47.6674563521539]]},"properties":{"OBJECTID":132403,"SE_ANNO_CAD_DATA":"","F_INTR_ID":46255,"T_INTR_ID":46268,"SND_ID":50165,"SND_FEACODE":77,"CITYCODE":1,"STNAME_ID":2994,"ST_CODE":22,"ARTERIAL_CODE":0,"SEGMENT_TYPE":8,"AGENCY_CODE":1,"ACCESS_CODE":1,"DIVIDED_CODE":1,"STRUCTURE_TYPE":1,"LEGALLOC_CODE":3,"VEHICLE_USE_CODE":2,"GIS_SEG_LENGTH":297,"L_ADRS_FROM":0,"L_ADRS_TO":0,"R_ADRS_FROM":0,"R_ADRS_TO":0,"ORD_PRE_DIR":null,"ORD_STREET_NAME":"BURKE GILMAN","ORD_STREET_TYPE":"TRL","ORD_SUF_DIR":null,"ORD_STNAME_CONCAT":"BURKE GILMAN TRL","L_CITY":"SEATTLE","L_STATE":"WA","L_ZIP":"98107","R_CITY":"SEATTLE","R_STATE":"WA","R_ZIP":"98107","SNDSEG_UPDATE":"Wed, 22 Nov 2023 16:29:18 GMT","COMPKEY":878151,"COMPTYPE":68,"UNITID":"05778","UNITID2":"0165"}},{"type":"Feature","id":132404,"geometry":{"type":"LineString","coordinates":[[-122.309542722996,47.589632301603],[-122.309245746387,47.5895871298906],[-122.309045527155,47.5895787102764],[-122.308874684292,47.5895794010014],[-122.308760803517,47.5896100064242],[-122.308694672572,47.5896394374834],[-122.308548095495,47.5897015489876],[-122.30842253819,47.5897317048127],[-122.308326808145,47.5897445591559],[-122.305859095929,47.5898191824319],[-122.305740934521,47.5898116899331],[-122.305647012766,47.5897943315899],[-122.305355022787,47.5896977601971],[-122.305228201398,47.5896718044188],[-122.305098241613,47.5896659599659],[-122.303498645206,47.5896739667309],[-122.303045031166,47.5895253601962],[-122.302410165793,47.5895623966356]]},"properties":{"OBJECTID":132404,"SE_ANNO_CAD_DATA":"","F_INTR_ID":13101,"T_INTR_ID":13113,"SND_ID":45336,"SND_FEACODE":77,"CITYCODE":1,"STNAME_ID":3808,"ST_CODE":22,"ARTERIAL_CODE":0,"SEGMENT_TYPE":8,"AGENCY_CODE":1,"ACCESS_CODE":1,"DIVIDED_CODE":1,"STRUCTURE_TYPE":1,"LEGALLOC_CODE":3,"VEHICLE_USE_CODE":2,"GIS_SEG_LENGTH":1800,"L_ADRS_FROM":0,"L_ADRS_TO":0,"R_ADRS_FROM":0,"R_ADRS_TO":0,"ORD_PRE_DIR":null,"ORD_STREET_NAME":"MOUNTAINS TO SOUND","ORD_STREET_TYPE":"TRL","ORD_SUF_DIR":null,"ORD_STNAME_CONCAT":"MOUNTAINS TO SOUND TRL","L_CITY":"SEATTLE","L_STATE":"WA","L_ZIP":"98144","R_CITY":"SEATTLE","R_STATE":"WA","R_ZIP":"98144","SNDSEG_UPDATE":"Thu, 20 Jul 2017 12:09:10 GMT","COMPKEY":287019,"COMPTYPE":68,"UNITID":"08767","UNITID2":"0180"}},{"type":"Feature","id":132405,"geometry":{"type":"LineString","coordinates":[[-122.328143433183,47.5334191497786],[-122.328063164469,47.5333649563692],[-122.325556505672,47.5333442905878],[-122.325471915818,47.5333988381079]]},"properties":{"OBJECTID":132405,"SE_ANNO_CAD_DATA":"","F_INTR_ID":17479,"T_INTR_ID":17482,"SND_ID":49197,"SND_FEACODE":77,"CITYCODE":1,"STNAME_ID":4250,"ST_CODE":22,"ARTERIAL_CODE":0,"SEGMENT_TYPE":8,"AGENCY_CODE":1,"ACCESS_CODE":1,"DIVIDED_CODE":1,"STRUCTURE_TYPE":1,"LEGALLOC_CODE":3,"VEHICLE_USE_CODE":2,"GIS_SEG_LENGTH":676,"L_ADRS_FROM":0,"L_ADRS_TO":0,"R_ADRS_FROM":0,"R_ADRS_TO":0,"ORD_PRE_DIR":null,"ORD_STREET_NAME":"WEST DUWAMISH","ORD_STREET_TYPE":"TRL","ORD_SUF_DIR":null,"ORD_STNAME_CONCAT":"WEST DUWAMISH TRL","L_CITY":"SEATTLE","L_STATE":"WA","L_ZIP":"98108","R_CITY":"SEATTLE","R_STATE":"WA","R_ZIP":"98108","SNDSEG_UPDATE":"Fri, 09 Dec 2016 11:05:24 GMT","COMPKEY":664302,"COMPTYPE":68,"UNITID":"06488","UNITID2":"0050"}},{"type":"Feature","id":132406,"geometry":{"type":"LineString","coordinates":[[-122.337111343611,47.5398126589927],[-122.33688494005,47.5398716915163],[-122.33637844937,47.5397822734432]]},"properties":{"OBJECTID":132406,"SE_ANNO_CAD_DATA":"","F_INTR_ID":17005,"T_INTR_ID":46399,"SND_ID":44227,"SND_FEACODE":77,"CITYCODE":1,"STNAME_ID":3040,"ST_CODE":22,"ARTERIAL_CODE":0,"SEGMENT_TYPE":8,"AGENCY_CODE":1,"ACCESS_CODE":1,"DIVIDED_CODE":1,"STRUCTURE_TYPE":1,"LEGALLOC_CODE":3,"VEHICLE_USE_CODE":2,"GIS_SEG_LENGTH":189,"L_ADRS_FROM":0,"L_ADRS_TO":0,"R_ADRS_FROM":0,"R_ADRS_TO":0,"ORD_PRE_DIR":null,"ORD_STREET_NAME":"DUWAMISH RIVER","ORD_STREET_TYPE":"TRL","ORD_SUF_DIR":null,"ORD_STNAME_CONCAT":"DUWAMISH RIVER TRL","L_CITY":"SEATTLE","L_STATE":"WA","L_ZIP":"98106","R_CITY":"SEATTLE","R_STATE":"WA","R_ZIP":"98106","SNDSEG_UPDATE":"Wed, 19 Jul 2017 08:46:11 GMT","COMPKEY":286971,"COMPTYPE":68,"UNITID":"06487","UNITID2":"0710"}},{"type":"Feature","id":132407,"geometry":{"type":"LineString","coordinates":[[-122.357977515706,47.5713389563541],[-122.358109303139,47.5712662283753],[-122.358579067612,47.5712866651655],[-122.359050147413,47.5711834221591],[-122.359450503954,47.5711947605916],[-122.359915463992,47.5711906552833],[-122.360161597849,47.5711697729317],[-122.360510037055,47.5710947849162],[-122.360831997642,47.5710025739397],[-122.361011710665,47.5708949665339]]},"properties":{"OBJECTID":132407,"SE_ANNO_CAD_DATA":"","F_INTR_ID":46404,"T_INTR_ID":14569,"SND_ID":43193,"SND_FEACODE":77,"CITYCODE":1,"STNAME_ID":3815,"ST_CODE":22,"ARTERIAL_CODE":0,"SEGMENT_TYPE":8,"AGENCY_CODE":1,"ACCESS_CODE":1,"DIVIDED_CODE":1,"STRUCTURE_TYPE":1,"LEGALLOC_CODE":3,"VEHICLE_USE_CODE":2,"GIS_SEG_LENGTH":791,"L_ADRS_FROM":0,"L_ADRS_TO":0,"R_ADRS_FROM":0,"R_ADRS_TO":0,"ORD_PRE_DIR":null,"ORD_STREET_NAME":"DELRIDGE CONNCTR","ORD_STREET_TYPE":"TRL","ORD_SUF_DIR":null,"ORD_STNAME_CONCAT":"DELRIDGE CONNCTR TRL","L_CITY":"SEATTLE","L_STATE":"WA","L_ZIP":"98106","R_CITY":"SEATTLE","R_STATE":"WA","R_ZIP":"98106","SNDSEG_UPDATE":"Thu, 20 Jul 2017 12:08:52 GMT","COMPKEY":286980,"COMPTYPE":68,"UNITID":"06318","UNITID2":"0190"}},{"type":"Feature","id":132408,"geometry":{"type":"LineString","coordinates":[[-122.357977515706,47.5713389563541],[-122.358017658608,47.5713409846035],[-122.358332930918,47.5713732069951],[-122.358951649592,47.5714726834899],[-122.35923988808,47.5715262973552],[-122.359352517465,47.5716273129813]]},"properties":{"OBJECTID":132408,"SE_ANNO_CAD_DATA":"","F_INTR_ID":46404,"T_INTR_ID":14405,"SND_ID":47199,"SND_FEACODE":77,"CITYCODE":1,"STNAME_ID":3040,"ST_CODE":22,"ARTERIAL_CODE":0,"SEGMENT_TYPE":8,"AGENCY_CODE":1,"ACCESS_CODE":1,"DIVIDED_CODE":1,"STRUCTURE_TYPE":1,"LEGALLOC_CODE":3,"VEHICLE_USE_CODE":2,"GIS_SEG_LENGTH":366,"L_ADRS_FROM":0,"L_ADRS_TO":0,"R_ADRS_FROM":0,"R_ADRS_TO":0,"ORD_PRE_DIR":null,"ORD_STREET_NAME":"DUWAMISH RIVER","ORD_STREET_TYPE":"TRL","ORD_SUF_DIR":null,"ORD_STNAME_CONCAT":"DUWAMISH RIVER TRL","L_CITY":"SEATTLE","L_STATE":"WA","L_ZIP":"98106","R_CITY":"SEATTLE","R_STATE":"WA","R_ZIP":"98106","SNDSEG_UPDATE":"Wed, 19 Jul 2017 08:46:30 GMT","COMPKEY":286962,"COMPTYPE":68,"UNITID":"06487","UNITID2":"0360"}},{"type":"Feature","id":132409,"geometry":{"type":"LineString","coordinates":[[-122.277323945795,47.5226012784304],[-122.277327661255,47.522503516183],[-122.277296396495,47.522273948029]]},"properties":{"OBJECTID":132409,"SE_ANNO_CAD_DATA":"","F_INTR_ID":47221,"T_INTR_ID":47222,"SND_ID":47182,"SND_FEACODE":77,"CITYCODE":1,"STNAME_ID":3800,"ST_CODE":22,"ARTERIAL_CODE":0,"SEGMENT_TYPE":8,"AGENCY_CODE":1,"ACCESS_CODE":1,"DIVIDED_CODE":1,"STRUCTURE_TYPE":1,"LEGALLOC_CODE":3,"VEHICLE_USE_CODE":2,"GIS_SEG_LENGTH":120,"L_ADRS_FROM":0,"L_ADRS_TO":0,"R_ADRS_FROM":0,"R_ADRS_TO":0,"ORD_PRE_DIR":null,"ORD_STREET_NAME":"CHIEF SEALTH","ORD_STREET_TYPE":"TRL","ORD_SUF_DIR":null,"ORD_STNAME_CONCAT":"CHIEF SEALTH TRL","L_CITY":"SEATTLE","L_STATE":"WA","L_ZIP":"98118","R_CITY":"SEATTLE","R_STATE":"WA","R_ZIP":"98118","SNDSEG_UPDATE":"Thu, 20 Jul 2017 12:07:40 GMT","COMPKEY":286937,"COMPTYPE":68,"UNITID":"05919","UNITID2":"0903"}},{"type":"Feature","id":132410,"geometry":{"type":"LineString","coordinates":[[-122.296879332084,47.5501270909974],[-122.296857960964,47.5500866394701],[-122.29683479453,47.5500386005276],[-122.296825801173,47.550015129622],[-122.296822173938,47.5499936714241],[-122.296827187233,47.5499796189609],[-122.296881384937,47.5499352535363]]},"properties":{"OBJECTID":132410,"SE_ANNO_CAD_DATA":"","F_INTR_ID":47214,"T_INTR_ID":16294,"SND_ID":48246,"SND_FEACODE":77,"CITYCODE":1,"STNAME_ID":3800,"ST_CODE":22,"ARTERIAL_CODE":0,"SEGMENT_TYPE":8,"AGENCY_CODE":1,"ACCESS_CODE":1,"DIVIDED_CODE":1,"STRUCTURE_TYPE":1,"LEGALLOC_CODE":3,"VEHICLE_USE_CODE":2,"GIS_SEG_LENGTH":77,"L_ADRS_FROM":0,"L_ADRS_TO":0,"R_ADRS_FROM":0,"R_ADRS_TO":0,"ORD_PRE_DIR":null,"ORD_STREET_NAME":"CHIEF SEALTH","ORD_STREET_TYPE":"TRL","ORD_SUF_DIR":null,"ORD_STNAME_CONCAT":"CHIEF SEALTH TRL","L_CITY":"SEATTLE","L_STATE":"WA","L_ZIP":"98108","R_CITY":"SEATTLE","R_STATE":"WA","R_ZIP":"98108","SNDSEG_UPDATE":"Thu, 20 Jul 2017 12:09:07 GMT","COMPKEY":286924,"COMPTYPE":68,"UNITID":"05919","UNITID2":"0580"}},{"type":"Feature","id":132411,"geometry":{"type":"LineString","coordinates":[[-122.299357803127,47.5536486941186],[-122.299295900944,47.5536002070729],[-122.299204883684,47.5535379310247],[-122.299127932347,47.5534996433808],[-122.299081850548,47.5534696133483],[-122.299034155779,47.5534350180877],[-122.298967279809,47.5533690399603],[-122.298846034995,47.5532108396588],[-122.298805337979,47.553138205131],[-122.298758174407,47.5530481685841],[-122.298717462017,47.5529955738212],[-122.298679820566,47.552952143411],[-122.29863691189,47.5529150464907],[-122.29857907722,47.5528691891355],[-122.298451434589,47.5527741480639],[-122.298350647563,47.5526817806699],[-122.298253558613,47.5525621734264],[-122.298210687217,47.5524660386233],[-122.298189953053,47.5523635759526],[-122.298178907311,47.5522881815718],[-122.298159317342,47.5522537644283],[-122.298136713158,47.5522214559994],[-122.29809843898,47.5521877148453],[-122.298054879384,47.5521628777499],[-122.298003069051,47.5521359600381],[-122.297932721585,47.5521040230445],[-122.297817738324,47.5520535751435],[-122.297719778969,47.5519953332409],[-122.297690227305,47.5519720761964],[-122.297666558396,47.5519438519989],[-122.297660987256,47.5519170238616],[-122.297663382086,47.5518899474412],[-122.297694265711,47.5518587220585],[-122.297746027087,47.5518133459343],[-122.297824549678,47.5517488827609],[-122.297852948572,47.5517185708206],[-122.297869774278,47.5516956068348],[-122.297915262834,47.5516404283652],[-122.2979391015,47.5515800683951],[-122.29794859729,47.5515353626192],[-122.297946485807,47.5515080933121],[-122.297938259905,47.5514545165319],[-122.297920141692,47.5513979437243],[-122.297892021111,47.5513395576833],[-122.297856694318,47.5512781411681],[-122.297744924396,47.5510899436389],[-122.297705599402,47.5510272838503],[-122.29768882087,47.5509954311339],[-122.297683231607,47.5509644048755],[-122.29768622695,47.5509105304838]]},"properties":{"OBJECTID":132411,"SE_ANNO_CAD_DATA":"","F_INTR_ID":16002,"T_INTR_ID":47213,"SND_ID":47152,"SND_FEACODE":77,"CITYCODE":1,"STNAME_ID":3800,"ST_CODE":22,"ARTERIAL_CODE":0,"SEGMENT_TYPE":8,"AGENCY_CODE":1,"ACCESS_CODE":1,"DIVIDED_CODE":1,"STRUCTURE_TYPE":1,"LEGALLOC_CODE":3,"VEHICLE_USE_CODE":2,"GIS_SEG_LENGTH":1180,"L_ADRS_FROM":0,"L_ADRS_TO":0,"R_ADRS_FROM":0,"R_ADRS_TO":0,"ORD_PRE_DIR":null,"ORD_STREET_NAME":"CHIEF SEALTH","ORD_STREET_TYPE":"TRL","ORD_SUF_DIR":null,"ORD_STNAME_CONCAT":"CHIEF SEALTH TRL","L_CITY":"SEATTLE","L_STATE":"WA","L_ZIP":"98108","R_CITY":"SEATTLE","R_STATE":"WA","R_ZIP":"98108","SNDSEG_UPDATE":"Thu, 20 Jul 2017 12:08:12 GMT","COMPKEY":286923,"COMPTYPE":68,"UNITID":"05919","UNITID2":"0540"}},{"type":"Feature","id":132412,"geometry":{"type":"LineString","coordinates":[[-122.285806932378,47.6659022963638],[-122.285760710474,47.6660753319052],[-122.285720770876,47.6662048927204],[-122.285629540825,47.666408907509],[-122.28551296436,47.6665901355519],[-122.285427001214,47.6667106312149],[-122.285536181901,47.666840334827]]},"properties":{"OBJECTID":132412,"SE_ANNO_CAD_DATA":"","F_INTR_ID":7273,"T_INTR_ID":47364,"SND_ID":13333,"SND_FEACODE":77,"CITYCODE":1,"STNAME_ID":2994,"ST_CODE":22,"ARTERIAL_CODE":0,"SEGMENT_TYPE":8,"AGENCY_CODE":1,"ACCESS_CODE":1,"DIVIDED_CODE":1,"STRUCTURE_TYPE":1,"LEGALLOC_CODE":3,"VEHICLE_USE_CODE":2,"GIS_SEG_LENGTH":365,"L_ADRS_FROM":0,"L_ADRS_TO":0,"R_ADRS_FROM":0,"R_ADRS_TO":0,"ORD_PRE_DIR":null,"ORD_STREET_NAME":"BURKE GILMAN","ORD_STREET_TYPE":"TRL","ORD_SUF_DIR":null,"ORD_STNAME_CONCAT":"BURKE GILMAN TRL","L_CITY":"SEATTLE","L_STATE":"WA","L_ZIP":"98105","R_CITY":"SEATTLE","R_STATE":"WA","R_ZIP":"98105","SNDSEG_UPDATE":"Thu, 02 May 2019 08:51:54 GMT","COMPKEY":703092,"COMPTYPE":68,"UNITID":"05778","UNITID2":"0705"}},{"type":"Feature","id":132413,"geometry":{"type":"LineString","coordinates":[[-122.334581128504,47.5443115396397],[-122.334576611314,47.5442747980691],[-122.334526238916,47.5442447355616],[-122.334412827232,47.5442462336436],[-122.33430984816,47.5442517841436],[-122.333969375121,47.5442479007763],[-122.333868175509,47.5442436503685],[-122.333756625544,47.5442381387581],[-122.333644284039,47.5442243366915],[-122.333534225653,47.5441782911211],[-122.333475240358,47.5441371012706],[-122.333438978442,47.5440956788274],[-122.333425211556,47.5440467338626],[-122.33341305243,47.5439898961234],[-122.333425574997,47.543937483242],[-122.333449686359,47.5438944120301],[-122.333495705099,47.5438449198658],[-122.333570712226,47.5437992353189],[-122.333625422065,47.5437649917085],[-122.333675303661,47.5437180681676],[-122.333708769136,47.5436507584269],[-122.333742667812,47.543538573972],[-122.333978761496,47.5428068409554],[-122.334080904953,47.5424563782553],[-122.33416380718,47.5420467971274],[-122.334273592693,47.5415964863007],[-122.334416624883,47.5407867652886],[-122.334326366691,47.5404720688179],[-122.334292536023,47.5403288427799],[-122.334338474507,47.5401558287126],[-122.334444327347,47.5400004128171],[-122.334724496474,47.5397093655795],[-122.334922432646,47.5395785944792],[-122.335054551642,47.539529723444],[-122.335266725093,47.5395297925294],[-122.335421000416,47.539562618556],[-122.33573355372,47.5396787877089],[-122.33626335151,47.539803961414],[-122.33637844937,47.5397822734432]]},"properties":{"OBJECTID":132413,"SE_ANNO_CAD_DATA":"","F_INTR_ID":16676,"T_INTR_ID":46399,"SND_ID":47041,"SND_FEACODE":77,"CITYCODE":1,"STNAME_ID":3805,"ST_CODE":22,"ARTERIAL_CODE":0,"SEGMENT_TYPE":8,"AGENCY_CODE":1,"ACCESS_CODE":1,"DIVIDED_CODE":1,"STRUCTURE_TYPE":2,"LEGALLOC_CODE":3,"VEHICLE_USE_CODE":2,"GIS_SEG_LENGTH":2443,"L_ADRS_FROM":0,"L_ADRS_TO":0,"R_ADRS_FROM":0,"R_ADRS_TO":0,"ORD_PRE_DIR":null,"ORD_STREET_NAME":"1ST AVE S BRIDGE","ORD_STREET_TYPE":"TRL","ORD_SUF_DIR":null,"ORD_STNAME_CONCAT":"1ST AVE S BRIDGE TRL","L_CITY":"SEATTLE","L_STATE":"WA","L_ZIP":"98108","R_CITY":"SEATTLE","R_STATE":"WA","R_ZIP":"98108","SNDSEG_UPDATE":"Thu, 02 May 2019 16:30:10 GMT","COMPKEY":286978,"COMPTYPE":68,"UNITID":"00032","UNITID2":"0650"}},{"type":"Feature","id":132414,"geometry":{"type":"LineString","coordinates":[[-122.370769447232,47.661469419309],[-122.370570690526,47.6614247939181],[-122.370480144811,47.6614158494449],[-122.369343181974,47.6614081550427],[-122.368756714145,47.6613700813124],[-122.368482397404,47.6613002084505],[-122.36826129001,47.6611882357676],[-122.368059779193,47.6610484080803],[-122.367822352181,47.6608446912368],[-122.36744329525,47.6604543566731],[-122.366986830586,47.6599776998231],[-122.366650098474,47.659637372722],[-122.366443200249,47.6594179631237],[-122.366333182853,47.6593099411015],[-122.366125057735,47.6592693007792]]},"properties":{"OBJECTID":132414,"SE_ANNO_CAD_DATA":"","F_INTR_ID":7641,"T_INTR_ID":7918,"SND_ID":45093,"SND_FEACODE":77,"CITYCODE":1,"STNAME_ID":2994,"ST_CODE":22,"ARTERIAL_CODE":0,"SEGMENT_TYPE":8,"AGENCY_CODE":1,"ACCESS_CODE":1,"DIVIDED_CODE":1,"STRUCTURE_TYPE":1,"LEGALLOC_CODE":3,"VEHICLE_USE_CODE":2,"GIS_SEG_LENGTH":1528,"L_ADRS_FROM":0,"L_ADRS_TO":0,"R_ADRS_FROM":0,"R_ADRS_TO":0,"ORD_PRE_DIR":null,"ORD_STREET_NAME":"BURKE GILMAN","ORD_STREET_TYPE":"TRL","ORD_SUF_DIR":null,"ORD_STNAME_CONCAT":"BURKE GILMAN TRL","L_CITY":"SEATTLE","L_STATE":"WA","L_ZIP":"98107","R_CITY":"SEATTLE","R_STATE":"WA","R_ZIP":"98107","SNDSEG_UPDATE":"Thu, 02 May 2019 08:53:01 GMT","COMPKEY":603103,"COMPTYPE":68,"UNITID":"05778","UNITID2":"0360"}},{"type":"Feature","id":132415,"geometry":{"type":"LineString","coordinates":[[-122.314471795973,47.6542090935229],[-122.31442820117,47.6541919085186],[-122.31433041331,47.6541516500416],[-122.31409536969,47.6540537548896],[-122.313957149535,47.6539560838767],[-122.313872587165,47.6538815868893],[-122.313783730928,47.653814082686],[-122.313655579929,47.6537053645705],[-122.313576598104,47.6536421722205],[-122.313334575186,47.6533994401984]]},"properties":{"OBJECTID":132415,"SE_ANNO_CAD_DATA":"","F_INTR_ID":8543,"T_INTR_ID":8602,"SND_ID":14099,"SND_FEACODE":77,"CITYCODE":1,"STNAME_ID":2994,"ST_CODE":22,"ARTERIAL_CODE":0,"SEGMENT_TYPE":8,"AGENCY_CODE":1,"ACCESS_CODE":1,"DIVIDED_CODE":1,"STRUCTURE_TYPE":1,"LEGALLOC_CODE":3,"VEHICLE_USE_CODE":2,"GIS_SEG_LENGTH":413,"L_ADRS_FROM":0,"L_ADRS_TO":0,"R_ADRS_FROM":0,"R_ADRS_TO":0,"ORD_PRE_DIR":null,"ORD_STREET_NAME":"BURKE GILMAN","ORD_STREET_TYPE":"TRL","ORD_SUF_DIR":null,"ORD_STNAME_CONCAT":"BURKE GILMAN TRL","L_CITY":"SEATTLE","L_STATE":"WA","L_ZIP":"98105","R_CITY":"SEATTLE","R_STATE":"WA","R_ZIP":"98105","SNDSEG_UPDATE":"Thu, 02 May 2019 08:53:04 GMT","COMPKEY":287256,"COMPTYPE":68,"UNITID":"05778","UNITID2":"0610"}},{"type":"Feature","id":132416,"geometry":{"type":"LineString","coordinates":[[-122.360651358539,47.6215245448339],[-122.360710944306,47.6215250657539],[-122.360724478182,47.6215203654367],[-122.36073166289,47.6215095590445],[-122.36073196074,47.6208632787256],[-122.361989946733,47.6201961502403],[-122.360982728194,47.6194504318589]]},"properties":{"OBJECTID":132416,"SE_ANNO_CAD_DATA":"","F_INTR_ID":47373,"T_INTR_ID":47374,"SND_ID":48453,"SND_FEACODE":77,"CITYCODE":1,"STNAME_ID":4124,"ST_CODE":22,"ARTERIAL_CODE":0,"SEGMENT_TYPE":8,"AGENCY_CODE":1,"ACCESS_CODE":1,"DIVIDED_CODE":1,"STRUCTURE_TYPE":2,"LEGALLOC_CODE":3,"VEHICLE_USE_CODE":2,"GIS_SEG_LENGTH":1021.170904,"L_ADRS_FROM":0,"L_ADRS_TO":0,"R_ADRS_FROM":0,"R_ADRS_TO":0,"ORD_PRE_DIR":null,"ORD_STREET_NAME":"W THOMAS ST OVERPASS","ORD_STREET_TYPE":null,"ORD_SUF_DIR":null,"ORD_STNAME_CONCAT":"W THOMAS ST OVERPASS","L_CITY":"SEATTLE","L_STATE":"WA","L_ZIP":"98119","R_CITY":"SEATTLE","R_STATE":"WA","R_ZIP":"98119","SNDSEG_UPDATE":"Fri, 05 Feb 2021 16:45:19 GMT","COMPKEY":594819,"COMPTYPE":68,"UNITID":"19096","UNITID2":"0030"}},{"type":"Feature","id":132417,"geometry":{"type":"LineString","coordinates":[[-122.320856496758,47.6555907100811],[-122.320655273812,47.6555882428706],[-122.320499693032,47.6555843560918],[-122.320352481998,47.6555802806721],[-122.320221279572,47.6555731956224],[-122.320116000917,47.6555671725607],[-122.319957893954,47.6555514818929],[-122.319801230245,47.655526246338],[-122.319565178881,47.6554653194669],[-122.318807714446,47.6552914390115],[-122.318470950824,47.6552042297988],[-122.318278315466,47.6551554464561],[-122.317869367399,47.6550629793206],[-122.316802332932,47.6548333338775]]},"properties":{"OBJECTID":132417,"SE_ANNO_CAD_DATA":"","F_INTR_ID":8367,"T_INTR_ID":8463,"SND_ID":13965,"SND_FEACODE":77,"CITYCODE":1,"STNAME_ID":2994,"ST_CODE":22,"ARTERIAL_CODE":0,"SEGMENT_TYPE":8,"AGENCY_CODE":1,"ACCESS_CODE":1,"DIVIDED_CODE":1,"STRUCTURE_TYPE":1,"LEGALLOC_CODE":3,"VEHICLE_USE_CODE":2,"GIS_SEG_LENGTH":1043.131399,"L_ADRS_FROM":0,"L_ADRS_TO":0,"R_ADRS_FROM":0,"R_ADRS_TO":0,"ORD_PRE_DIR":null,"ORD_STREET_NAME":"BURKE GILMAN","ORD_STREET_TYPE":"TRL","ORD_SUF_DIR":null,"ORD_STNAME_CONCAT":"BURKE GILMAN TRL","L_CITY":"SEATTLE","L_STATE":"WA","L_ZIP":"98105","R_CITY":"SEATTLE","R_STATE":"WA","R_ZIP":"98105","SNDSEG_UPDATE":"Thu, 14 Jul 2022 14:29:41 GMT","COMPKEY":287253,"COMPTYPE":68,"UNITID":"05778","UNITID2":"0590"}},{"type":"Feature","id":132418,"geometry":{"type":"LineString","coordinates":[[-122.348296068835,47.7122955115321],[-122.348171551371,47.7126199983298],[-122.348081056218,47.7128097397304],[-122.348042061207,47.7129693381016],[-122.348021635024,47.7131580800784],[-122.348008411737,47.7133423326475],[-122.348035662421,47.713639003942],[-122.348057017646,47.7137335469284],[-122.348135359226,47.7138691701735],[-122.34816691938,47.7139593944353],[-122.348172117133,47.714066703375],[-122.348158468906,47.7141421117817]]},"properties":{"OBJECTID":132418,"SE_ANNO_CAD_DATA":"","F_INTR_ID":48534,"T_INTR_ID":3290,"SND_ID":49979,"SND_FEACODE":77,"CITYCODE":1,"STNAME_ID":4022,"ST_CODE":22,"ARTERIAL_CODE":0,"SEGMENT_TYPE":8,"AGENCY_CODE":1,"ACCESS_CODE":1,"DIVIDED_CODE":1,"STRUCTURE_TYPE":1,"LEGALLOC_CODE":3,"VEHICLE_USE_CODE":2,"GIS_SEG_LENGTH":687.39143,"L_ADRS_FROM":0,"L_ADRS_TO":0,"R_ADRS_FROM":0,"R_ADRS_TO":0,"ORD_PRE_DIR":null,"ORD_STREET_NAME":"INTERURBAN","ORD_STREET_TYPE":"TRL","ORD_SUF_DIR":null,"ORD_STNAME_CONCAT":"INTERURBAN TRL","L_CITY":"SEATTLE","L_STATE":"WA","L_ZIP":"98133","R_CITY":"SEATTLE","R_STATE":"WA","R_ZIP":"98133","SNDSEG_UPDATE":"Fri, 01 Jul 2022 09:06:22 GMT","COMPKEY":519937,"COMPTYPE":68,"UNITID":"07857","UNITID2":"1100"}},{"type":"Feature","id":132419,"geometry":{"type":"LineString","coordinates":[[-122.30339788254,47.6527962938231],[-122.303394763295,47.6528155090426],[-122.303271856751,47.653170536822],[-122.302792388649,47.654783258029],[-122.302378642512,47.6561749466076],[-122.302047568058,47.6573125835244],[-122.302013351858,47.6574268674301],[-122.301993535493,47.6575207263612],[-122.301967376235,47.6576551452742],[-122.301935087232,47.6578377100008],[-122.301925713295,47.6579036067549],[-122.301909999241,47.6580100620499],[-122.301893568156,47.6580912289007],[-122.301893393035,47.6580923763873]]},"properties":{"OBJECTID":132419,"SE_ANNO_CAD_DATA":"","F_INTR_ID":8692,"T_INTR_ID":48512,"SND_ID":13813,"SND_FEACODE":77,"CITYCODE":1,"STNAME_ID":2994,"ST_CODE":22,"ARTERIAL_CODE":0,"SEGMENT_TYPE":8,"AGENCY_CODE":1,"ACCESS_CODE":1,"DIVIDED_CODE":1,"STRUCTURE_TYPE":1,"LEGALLOC_CODE":3,"VEHICLE_USE_CODE":2,"GIS_SEG_LENGTH":2879.585131,"L_ADRS_FROM":0,"L_ADRS_TO":0,"R_ADRS_FROM":0,"R_ADRS_TO":0,"ORD_PRE_DIR":null,"ORD_STREET_NAME":"BURKE GILMAN","ORD_STREET_TYPE":"TRL","ORD_SUF_DIR":null,"ORD_STNAME_CONCAT":"BURKE GILMAN TRL","L_CITY":"SEATTLE","L_STATE":"WA","L_ZIP":"98195","R_CITY":"SEATTLE","R_STATE":"WA","R_ZIP":"98195","SNDSEG_UPDATE":"Mon, 23 Sep 2024 15:46:56 GMT","COMPKEY":287259,"COMPTYPE":68,"UNITID":"05778","UNITID2":"0640"}}]}